source,target,done,0.759574071
Trade 10/12/2020 COL/NYI,Devon Toews,a,
Trade 10/12/2020 COL/NYI,JJ Moser,a,
Trade 10/12/2020 COL/NYI,Calle Odelius,a,
Trade 2/25/2007 ATL/STL,Mikael Backlund,a,
Trade 2/25/2007 ATL/STL,Glen Metropolit,a,
Trade 2/25/2007 ATL/STL,Brett Sonne,a,
Trade 2/25/2007 ATL/STL,Keith Tkachuk,a,
Trade 2/25/2007 ATL/STL,Zach Bogosian,a,
Trade 2/25/2007 ATL/STL,Philip McRae,a,
Trade 3/1/2025 FLA/CHI,Seth Jones,x,
Trade 3/1/2025 FLA/CHI,Spencer Knight,a,
Trade 3/1/2025 FLA/CHI,2026/2027 1st Round (FLA/CHI),x,
Trade 3/1/2025 FLA/CHI,2026 4th Round (FLA/CHI),x,
Trade ANA/BOS 3/19/2022,Nathan Gaucher,x,
Trade ANA/BOS 3/19/2022,Hampus Lindholm,x,
Trade ANA/BOS 3/19/2022,Urho Vaakanainen,a,
Trade ANA/BOS 3/19/2022,John Moore,a,
Trade ANA/BOS 3/19/2022,Damian Clara,x,
Trade ANA/BOS 3/19/2022,Linus Eriksson,a,
Trade ANA/BOS 3/19/2022,Kodie Curran,a,
Trade ANA/BUF 2/24/2019,Brandon Montour,a,
Trade ANA/BUF 2/24/2019,Brayden Tracey,a,
Trade ANA/BUF 2/24/2019,Brendan Guhle,a,
Trade ANA/BUF 2/29/2016,Rem Pitlick,x,
Trade ANA/BUF 2/29/2016,Jamie McGinn,x,
Trade ANA/BUF 8/18/2023,Ilya Lyubushkin,a,
Trade ANA/BUF 8/18/2023,Samuel Meloche,a,
Trade ANA/CAR 4/12/2021,Jani Hakanpaa,a,
Trade ANA/CAR 4/12/2021,Haydn Fleury,a,
Trade ANA/CAR 4/12/2021,Jakub Vondras,a,
Trade ANA/CBJ 3/2/2015,Kevin Stenlund,a,
Trade ANA/CBJ 3/2/2015,William Karlsson,a,
Trade ANA/CBJ 3/2/2015,Rene Bourque,a,
Trade ANA/CBJ 3/2/2015,James Wisniewski,a,
Trade ANA/CBJ 3/2/2015,Brent Gates,a,
Trade ANA/CHI 2/23/2023,Josiah Slavin,a,
Trade ANA/CHI 2/23/2023,Hunter Drew,a,
Trade ANA/DAL 2/24/2017,Henri Jokiharju,a,
Trade ANA/DAL 2/24/2017,Patrick Eaves,a,
Trade ANA/DAL 6/21/2003,Corey Perry,a,
Trade ANA/DAL 6/21/2003,Vojtech Polak,a,
Trade ANA/DAL 6/21/2003,BJ Crombeen,a,
Trade ANA/DET 7/3/2024,Robby Fabbri,x,
Trade ANA/DET 7/3/2024,Drew Schock,a,
Trade ANA/DET 7/3/2024,Gage Alexander,a,
Trade ANA/EDM  8/2/2007,Tyler Myers,a,
Trade ANA/EDM  8/2/2007,Justin Schultz,a,
Trade ANA/EDM  8/2/2007,Dustin Penner,a,
Trade ANA/EDM  8/2/2007,Kirill Petrov,A,
Trade ANA/EDM/TBL 3/6/2024,Adam Henrique,a,
Trade ANA/EDM/TBL 3/6/2024,Sam Carrick,a,
Trade ANA/EDM/TBL 3/6/2024,Ty Taylor,a,
Trade ANA/EDM/TBL 3/6/2024,William Nicholl,a,
Trade ANA/EDM/TBL 3/6/2024,Ben Danford,a,
Trade ANA/EDM/TBL 3/6/2024,Aiden Foster,a,
Trade ANA/EDM/TBL 3/6/2024,Emile Guite,a,
Trade ANA/LAK 6/20/2008,Tyler Myers,a,
Trade ANA/LAK 6/20/2008,Jake Gardiner,a,
Trade ANA/LAK 6/20/2008,Viktor Tikhonov,A,
Trade ANA/MIN 3/3/2023,Nikita Nesterenko,x,
Trade ANA/MIN 3/3/2023,John Klingberg,a,
Trade ANA/MIN 3/3/2023,Andrej Sustr,a,
Trade ANA/MIN 3/3/2023,Samuel Meloche,a,
Trade ANA/NSH 2/24/2020,Vyacheslav Buteyets,x,
Trade ANA/NSH 2/24/2020,Matt Irwin,a,
Trade ANA/NSH 2/24/2020,Korbinian Holzer,a,
Trade ANA/NYR 12/6/2024,Jacob Trouba,x,
Trade ANA/NYR 12/6/2024,Urho Vaakanainen,a,
Trade ANA/NYR 12/6/2024,Elijah Neuenschwander,a,
Trade ANA/NYR 6/12/2025,Carey Terrance,x,
Trade ANA/NYR 6/12/2025,Chris Kreider,a,
Trade ANA/NYR 6/12/2025,Artyom Gonchar,a,
Trade ANA/NYR 6/12/2025,Elijah Neuenschwander,a,
Trade ANA/PHI 6/23/2025,2026 4th Round,x,
Trade ANA/PHI 6/23/2025,Eric Nilson,x,
Trade ANA/PHI 6/23/2025,Ryan Poehling,x,
Trade ANA/PHI 6/23/2025,Trevor Zegras,x,
Trade ANA/SEA 7/2/2024,Brian Dumoulin,x,
Trade ANA/SEA 7/2/2024,2026 4th Round (ANA/SEA),x,
Trade ANA/SJS 1/22/2025,Pavol Regenda,x,
Trade ANA/SJS 1/22/2025,Justin Bailey,a,
Trade ANA/SJS 6/27/2023,Andrew Agozzino,a,
Trade ANA/SJS 6/27/2023,Andrej Sustr,a,
Trade ANA/TOR 3/15/2013,Ondrej Kase,A,
Trade ANA/TOR 3/15/2013,Ryan Lasch,a,
Trade ANA/TOR 3/15/2013,David Steckel,x,
Trade ANA/TOR 3/2/2015,Beck Malenstyn,a,
Trade ANA/TOR 3/2/2015,Korbinian Holzer,a,
Trade ANA/TOR 3/2/2015,Eric Brewer,a,
Trade ANA/TOR 6/24/2011,John Gibson,x,
Trade ANA/TOR 6/24/2011,Rickard Rakell,a,
Trade ANA/TOR 6/24/2011,Tyler Biggs,a,
Trade ANA/TOR 6/25/2011,Josh Manson,a,
Trade ANA/TOR 6/25/2011,Ryan Rupert,a,
Trade ANA/VAN 1/16/2019,Luke Schenn,a,
Trade ANA/VAN 1/16/2019,Michael Del Zotto,a,
Trade ANA/VAN 1/16/2019,Viktor Persson,a,
Trade ANA/VAN 6/27/2014,Nick Bonino,a,
Trade ANA/VAN 6/27/2014,Jared McCann,a,
Trade ANA/VAN 6/27/2014,Ryan Kesler,a,
Trade ANA/VAN 6/27/2014,Luca Sbisa,a,
Trade ANA/VAN 6/27/2014,Deven Sideroff,A,
Trade ANA/VAN 6/27/2014,Keegan Iverson,a,
Trade ARI/BOS 2/22/2022,Michael Callahan,x,
Trade ARI/BOS 2/22/2022,Bauer Berry,a,
Trade ARI/CAR 3/1/2023,Shayne Gostisbehere,a,
Trade ARI/CAR 3/1/2023,2026 3rd Round (ARI/CAR),a,
Trade ARI/CAR 5/3/2018,Jordan Martinook,a,
Trade ARI/CAR 5/3/2018,Ty Emberson,a,
Trade ARI/CAR 5/3/2018,Marcus Kruger,x,
Trade ARI/CAR 5/3/2018,Luke Henman,A,
Trade ARI/CGY 6/27/2015,Oliver Kylington,x,
Trade ARI/CGY 6/27/2015,Adin Hill,a,
Trade ARI/CGY 6/27/2015,Jens Looke,A,
Trade ARI/CHI 1/10/2018,Anthony Duclair,a,
Trade ARI/CHI 1/10/2018,Richard Panik,a,
Trade ARI/CHI 1/10/2018,Laurent Dauphin,a,
Trade ARI/CHI 1/10/2018,Adam Clendening,a,
Trade ARI/CHI 11/25/2018,Nick Schmaltz,a,
Trade ARI/CHI 11/25/2018,Dylan Strome,a,
Trade ARI/CHI 11/25/2018,Brendan Perlini,a,
Trade ARI/CHI 7/12/2018,MacKenzie Entwistle,x,
Trade ARI/CHI 7/12/2018,Vincent Hinostroza,x,
Trade ARI/CHI 7/12/2018,Nathan Legare,x,
Trade ARI/CHI 7/12/2018,Marian Hossa,x,
Trade ARI/CHI 7/12/2018,Marcus Kruger,x,
Trade ARI/CHI 7/12/2018,Frederick Dichow,x,
Trade ARI/CHI 7/12/2018,Andrew Campbell,x,
Trade ARI/CHI 7/12/2018,Jordan Maletta,x,
Trade ARI/CHI 7/12/2018,Jordan Oesterle,x,
Trade ARI/CHI 7/28/2022,Jeremy Langlois,x,
Trade ARI/CHI 7/28/2022,Jiri Felcman,x,
Trade ARI/COL 2/29/2016,Mikkel Boedker,x,
Trade ARI/COL 2/29/2016,Alex Tanguay,A,
Trade ARI/COL 2/29/2016,Conner Bleackley (2),A,
Trade ARI/COL 2/29/2016,Kyle Wood,A,
Trade ARI/COL 6/25/2019,Jake Boltmann,x,
Trade ARI/COL 6/25/2019,Kevin Connauton,x,
Trade ARI/COL 6/25/2019,Carl Soderberg,x,
Trade ARI/COL 7/28/2021,Darcy Kuemper,a,
Trade ARI/COL 7/28/2021,Conor Timmins,a,
Trade ARI/COL 7/28/2021,Reid Schaefer,a,
Trade ARI/COL 7/28/2021,Tomas Lavoie,a,
Trade ARI/DAL 3/20/2023,Scott Wedgewood,a,
Trade ARI/DAL 3/20/2023,Jiri Felcman,x,
Trade ARI/DET 11/30/2019,Eric Comrie,a,
Trade ARI/DET 11/30/2019,Vili Saarijarvi,a,
Trade ARI/DET 6/25/2016,Dennis Cholowski,a,
Trade ARI/DET 6/25/2016,Jakob Chychrun,a,
Trade ARI/DET 6/25/2016,Filip Hronek,a,
Trade ARI/DET 6/25/2016,Pavel Datsyuk,A,
Trade ARI/DET 6/25/2016,Joe Vitale,a,
Trade ARI/EDM 3/2/2023,Cam Dineen,a,
Trade ARI/EDM 3/2/2023,Nick Bjugstad,a,
Trade ARI/EDM 3/2/2023,Michael Kesselring,a,
Trade ARI/EDM 3/2/2023,Vadim Moroz,a,
Trade ARI/EDM 3/7/2024,Troy Stecher,a,
Trade ARI/EDM 3/7/2024,Bauer Berry,a,
Trade ARI/EDM 3/7/2024,2027 4th Round (ARI/EDM),a,
Trade ARI/EDM 6/24/2017,Stuart Skinner,a,
Trade ARI/EDM 6/24/2017,Cameron Crotty,a,
Trade ARI/EDM 6/24/2017,Michael Karow,a,
Trade ARI/LAK 2/21/2018,Scott Wedgewood,a,
Trade ARI/LAK 2/21/2018,Darcy Kuemper,a,
Trade ARI/LAK 2/21/2018,Tobias Rieder,A,
Trade ARI/MTL 6/15/2018,Max Domi,a,
Trade ARI/MTL 6/15/2018,Alex Galchenyuk,x,
Trade ARI/MTL 9/4/2021,Christian Dvorak,a,
Trade ARI/MTL 9/4/2021,Alfons Freij,a,
Trade ARI/MTL 9/4/2021,Filip Bystedt,a,
Trade ARI/NJD 12/16/2019,Kevin Bahl,x,
Trade ARI/NJD 12/16/2019,Taylor Hall,x,
Trade ARI/NJD 12/16/2019,Dawson Mercer,x,
Trade ARI/NJD 12/16/2019,Ryder Korczak,x,
Trade ARI/NJD 12/16/2019,Blake Speers,x,
Trade ARI/NJD 12/16/2019,Nick Merkley,x,
Trade ARI/NJD 12/16/2019,Nate Schnarr,x,
Trade ARI/NSH 3/8/2024,Jason Zucker,a,
Trade ARI/NSH 3/8/2024,Ludvig Lafton,a,
Trade ARI/NYI 7/17/2021,JJ Moser,a,
Trade ARI/NYI 7/17/2021,Andrew Ladd,a,
Trade ARI/NYI 7/17/2021,Mattias Havelid,a,
Trade ARI/NYI 7/17/2021,Tanner Ludtke,a,
Trade ARI/NYR 3/1/2015,Tarmo Reunanen,A,
Trade ARI/NYR 3/1/2015,Oliver Kylington,x,
Trade ARI/NYR 3/1/2015,Anthony Duclair,a,
Trade ARI/NYR 3/1/2015,Dennis Cholowski,a,
Trade ARI/NYR 3/1/2015,John Moore,a,
Trade ARI/NYR 3/1/2015,Keith Yandle,a,
Trade ARI/NYR 3/1/2015,Chris Summers,a,
Trade ARI/NYR 7/13/2022,Ty Emberson,a,
Trade ARI/NYR 7/13/2022,Patrik Nemeth,a,
Trade ARI/NYR 7/13/2022,Malcolm Spence,a,
Trade ARI/NYR 7/13/2022,2026 2nd Round (ARI/NYR),a,
Trade ARI/OTT 12/26/2020,Josh Doan,a,
Trade ARI/OTT 12/26/2020,Derek Stepan,a,
Trade ARI/OTT 3/1/2023,Jakob Chychrun,a,
Trade ARI/OTT 3/1/2023,Daniil But,a,
Trade ARI/OTT 3/1/2023,Mikhail Yegorov,a,
Trade ARI/OTT 3/1/2023,2026 2nd Round (ARI/OTT),z,
Trade ARI/PHI 6/21/2019,Egor Afanasyev,a,
Trade ARI/PHI 6/21/2019,Cam York,a,
Trade ARI/PHI 6/21/2019,Victor Soderstrom,x,
Trade ARI/PHI 6/24/2017,Isaac Ratcliffe,a,
Trade ARI/PHI 6/24/2017,Noel Hoefenmayer,a,
Trade ARI/PHI 6/24/2017,Filip Westerlund,A,
Trade ARI/PHI 6/24/2017,Nate Schnarr,x,
Trade ARI/PHI 7/22/2021,Shayne Gostisbehere,a,
Trade ARI/PHI 7/22/2021,Miguel Tourigny,a,
Trade ARI/PHI 7/22/2021,Artem Duda,a,
Trade ARI/PIT 6/22/2019,Nathan Legare,x,
Trade ARI/PIT 6/22/2019,Matias Maccelli,x,
Trade ARI/PIT 6/22/2019,Aku Raty,x,
Trade ARI/PIT 6/22/2019,Valentin Nussbaumer,x,
Trade ARI/PIT 6/29/2019,PO Joseph,a,
Trade ARI/PIT 6/29/2019,Phil Kessel,a,
Trade ARI/PIT 6/29/2019,Alex Galchenyuk,x,
Trade ARI/PIT 6/29/2019,Rasmus Korhonen,a,
Trade ARI/PIT 6/29/2019,Dane Birks,a,
Trade ARI/SJS 7/17/2021,Adin Hill,a,
Trade ARI/SJS 7/17/2021,Josef Korenar,a,
Trade ARI/SJS 7/17/2021,Eli Barnett,a,
Trade ARI/SJS 7/17/2021,Julian Lutz,a,
Trade ARI/SJS 7/7/2022,Conor Geekie,a,
Trade ARI/SJS 7/7/2022,Cameron Lund,a,
Trade ARI/SJS 7/7/2022,Mattias Havelid,a,
Trade ARI/SJS 7/7/2022,Filip Bystedt,a,
Trade ARI/TBL 3/8/2024,Mathew Dumba,a,
Trade ARI/TBL 3/8/2024,Roman Luttsev,a,
Trade ARI/TBL 3/8/2024,2027 5th Round (ARI/TBL),a,
Trade ARI/TBL 6/25/2016,Anthony DeAngelo,a,
Trade ARI/TBL 6/25/2016,Libor Hajek,a,
Trade ARI/TOR 11/23/2022,Conor Timmins,a,
Trade ARI/TOR 11/23/2022,Curtis Douglas,a,
Trade ARI/TOR 2/19/2022,Ilya Lyubushkin,a,
Trade ARI/TOR 2/19/2022,Ryan Dzingel,a,
Trade ARI/TOR 2/19/2022,Nick Ritchie,a,
Trade ARI/TOR 2/19/2022,Matthew Gard,a,
Trade ARI/VGK 2/22/2023,Shea Weber,x,
Trade ARI/VGK 2/22/2023,Dysin Mayo,a,
Trade ARI/VGK 2/22/2023,Justin Kipkie,a,
Trade ATL/CHI 6/24/2010,Justin Holl,a,
Trade ATL/CHI 6/24/2010,Kevin Hayes,a,
Trade ATL/CHI 6/24/2010,Marty Reasoner,a,
Trade ATL/CHI 6/24/2010,Ben Eager,a,
Trade ATL/CHI 6/24/2010,Dustin Byfuglien,a,
Trade ATL/CHI 6/24/2010,Joey Crabb,a,
Trade ATL/CHI 6/24/2010,Jeremy Morin,a,
Trade ATL/CHI 6/24/2010,Brent Sopel,a,
Trade ATL/CHI 6/24/2010,Akim Aliu,a,
Trade ATL/OTT 8/23/2005,Dany Heatley,a,
Trade ATL/OTT 8/23/2005,Marian Hossa,x,
Trade ATL/OTT 8/23/2005,Greg DeVries,a,
Trade ATL/PIT 6/22/2007,Robert Bortuzzo,a,
Trade ATL/PIT 6/22/2007,Chris Thorburn,x,
Trade BOS/ANA 2/24/2020,Danton Heinen,a,
Trade BOS/ANA 2/24/2020,Nick Ritchie,a,
Trade BOS/BUF 3/7/2025,Henri Jokiharju,a,
Trade BOS/BUF 3/7/2025,2026 4th Round (BOS/BUF),a,
Trade BOS/CGY 2/10/2007,TJ Brodie,a,
Trade BOS/CGY 2/10/2007,Wayne Primeau,x,
Trade BOS/CGY 2/10/2007,Andrew Ference,a,
Trade BOS/CGY 2/10/2007,Brad Stuart,a,
Trade BOS/CGY 2/10/2007,Chuck Kobasew,a,
Trade BOS/CGY 6/26/2015,Zach Senyshyn,a,
Trade BOS/CGY 6/26/2015,Jeremy Lauzon,a,
Trade BOS/CGY 6/26/2015,Dougie Hamilton,a,
Trade BOS/CGY 6/26/2015,Jakob Forsbacka Karlsson,a,
Trade BOS/CGY 7/28/2021,Dan Vladar,a,
Trade BOS/CGY 7/28/2021,Ben MacDonald,a,
Trade BOS/CHI 6/13/2025,Victor Soderstrom,x,
Trade BOS/CHI 6/13/2025,Ryan Mast,x,
Trade BOS/CHI 6/13/2025,Brendan Dunphy,a,
Trade BOS/COL 3/2/2015,Oskar Steen,x,
Trade BOS/COL 3/2/2015,Paul Carey,a,
Trade BOS/COL 3/2/2015,Max Talbot,a,
Trade BOS/COL 3/2/2015,Jordan Caron,a,
Trade BOS/DAL 4/2/2013,Jason Dickinson,x,
Trade BOS/DAL 4/2/2013,Jaromir Jagr,x,
Trade BOS/DAL 4/2/2013,Lane MacDermid,a,
Trade BOS/DAL 4/2/2013,Cody Payne,a,
Trade BOS/DAL 7/4/2013,Tyler Seguin,a,
Trade BOS/DAL 7/4/2013,Reilly Smith,a,
Trade BOS/DAL 7/4/2013,Ryan Button,a,
Trade BOS/DAL 7/4/2013,Rich Peverley,a,
Trade BOS/DAL 7/4/2013,Loui Eriksson,a,
Trade BOS/DAL 7/4/2013,Joe Morrow,a,
Trade BOS/DAL 7/4/2013,Matt Fraser,a,
Trade BOS/EDM 7/1/2025,Viktor Arvidsson,a,
Trade BOS/EDM 7/1/2025,2027 5th Round (BOS/EDM),a,
Trade BOS/FLA 2/22/2018,Frank Vatrano,x,
Trade BOS/FLA 2/22/2018,Jakub Lauko,a,
Trade BOS/FLA 3/3/2010,Alexander Petrovic,a,
Trade BOS/FLA 3/3/2010,Matt Bartkowski,a,
Trade BOS/FLA 3/3/2010,Dennis Seidenberg,a,
Trade BOS/FLA 3/3/2010,Craig Weller,a,
Trade BOS/FLA 3/3/2010,Byron Bitz,a,
Trade BOS/FLA 3/7/2025,Brad Marchand,x,
Trade BOS/FLA 3/7/2025,2027/2028 1st Round (BOS/FLA),x,
Trade BOS/FLA 6/22/2010,Derek Forbort,a,
Trade BOS/FLA 6/22/2010,Kyle Rau,a,
Trade BOS/FLA 6/22/2010,Dennis Wideman,a,
Trade BOS/FLA 6/22/2010,Gregory Campbell,a,
Trade BOS/FLA 6/22/2010,Nathan Horton,a,
Trade BOS/FLA 7/1/2015,Reilly Smith,a,
Trade BOS/FLA 7/1/2015,Jimmy Hayes,a,
Trade BOS/FLA 7/1/2015,Marc Savard,a,
Trade BOS/LAK 6/25/2015,Colin Miller,a,
Trade BOS/LAK 6/25/2015,Martin Jones,a,
Trade BOS/LAK 6/25/2015,Jakub Zboril,a,
Trade BOS/LAK 6/25/2015,Milan Lucic,a,
Trade BOS/MIN 6/29/2024,Vinni Lettieri,x,
Trade BOS/MIN 6/29/2024,Elliott Groenewold,a,
Trade BOS/MIN 6/29/2024,Jakub Lauko,a,
Trade BOS/MIN 6/29/2024,Aron Kiviharju,a,
Trade BOS/NJD 2/25/2019,Nikita Okhotiuk,a,
Trade BOS/NJD 2/25/2019,Marcus Johansson,a,
Trade BOS/NJD 2/25/2019,Ethan Edwards,a,
Trade BOS/NJD 2/29/2016,Mario Ferraro,a,
Trade BOS/NJD 2/29/2016,Evan Cormier,a,
Trade BOS/NJD 2/29/2016,Lee Stempniak,a,
Trade BOS/NJD 3/7/2025,Marc McLaughlin,x,
Trade BOS/NJD 3/7/2025,Daniil Misyul,a,
Trade BOS/NJD 6/26/2023,Shane Bowers,a,
Trade BOS/NJD 6/26/2023,Reilly Walsh,a,
Trade BOS/NYI 6/24/2006,Brad Marchand,x,
Trade BOS/NYI 6/24/2006,Shane Sims,a,
Trade BOS/NYI 6/24/2006,James DeLory,a,
Trade BOS/NYR 2/25/2018,Ryan Lindgren,a,
Trade BOS/NYR 2/25/2018,Jacob Bernard-Docker,x,
Trade BOS/NYR 2/25/2018,Ryan Spooner,a,
Trade BOS/NYR 2/25/2018,Rick Nash,a,
Trade BOS/NYR 2/25/2018,Massimo Rizzo,a,
Trade BOS/NYR 2/25/2018,Matt Beleskey,a,
Trade BOS/OTT 3/21/2022,Jackson Edward,x,
Trade BOS/OTT 3/21/2022,Zach Senyshyn,a,
Trade BOS/OTT 3/21/2022,Joshua Brown,a,
Trade BOS/OTT 3/21/2022,Kevin Reidler,a,
Trade BOS/SEA 7/8/2022,Frederic Brunet,x,
Trade BOS/SEA 7/8/2022,Ben MacDonald,a,
Trade BOS/SEA 7/8/2022,Cole Spicer,x,
Trade BOS/SJS 6/30/2015,Trent Frederic,x,
Trade BOS/SJS 6/30/2015,Sean Kuraly,x,
Trade BOS/SJS 6/30/2015,Martin Jones,a,
Trade BOS/STL 4/3/2013,Sammy Blais,a,
Trade BOS/STL 4/3/2013,Wade Redden,a,
Trade BOS/TBL 3/1/2015,Boris Katchouk,x,
Trade BOS/TBL 3/1/2015,Brett Connolly,a,
Trade BOS/TBL 3/1/2015,Matt Spencer,a,
Trade BOS/TBL 3/4/2009,Alexander Petrovic,a,
Trade BOS/TBL 3/4/2009,Mark Recchi,a,
Trade BOS/TBL 3/4/2009,Matt Lashoff,a,
Trade BOS/TBL 3/4/2009,Martins Karsums,a,
Trade BOS/TBL 6/28/2025,2026 4th Round BOS/TBL,x,
Trade BOS/TBL 6/28/2025,Benjamin Rautiainen,x,
Trade BOS/TOR 2/18/2011,Rickard Rakell,a,
Trade BOS/TOR 2/18/2011,Tomas Kaberle,a,
Trade BOS/TOR 2/18/2011,Joe Colborne,a,
Trade BOS/TOR 2/18/2011,Mike Winther,a,
Trade BOS/TOR 3/7/2025,Brandon Carlo,x,
Trade BOS/TOR 3/7/2025,Fraser Minten,a,
Trade BOS/TOR 3/7/2025,Vashek Blanar,a,
Trade BOS/TOR 3/7/2025,2026/2027 1st Round (BOS/TOR),x,
Trade BOS/TOR 9/18/2009,Tyler Seguin,a,
Trade BOS/TOR 9/18/2009,Dougie Hamilton,a,
Trade BOS/TOR 9/18/2009,Phil Kessel,a,
Trade BOS/TOR 9/18/2009,Jared Knight,a,
Trade BOS/WPG 3/1/2017,Declan Chisholm,a,
Trade BOS/WPG 3/1/2017,Drew Stafford,a,
Trade BOS/WSH/MIN 2/23/2023,Dmitry Orlov,a,
Trade BOS/WSH/MIN 2/23/2023,Craig Smith,a,
Trade BOS/WSH/MIN 2/23/2023,Garnet Hathaway,a,
Trade BOS/WSH/MIN 2/23/2023,Melvin Strahl,a,
Trade BOS/WSH/MIN 2/23/2023,Easton Cowan,a,
Trade BOS/WSH/MIN 2/23/2023,Milton Gastrin,a,
Trade BUF/ARI 6/14/2018,Hudson Fasching,a,
Trade BUF/ARI 6/14/2018,Mike Sislo,a,
Trade BUF/ARI 6/14/2018,Brandon Hickey,a,
Trade BUF/BOS 4/12/2021,Taylor Hall,x,
Trade BUF/BOS 4/12/2021,Curtis Lazar,a,
Trade BUF/BOS 4/12/2021,Anders Bjork,a,
Trade BUF/BOS 4/12/2021,Aleksandr Kisakov,a,
Trade BUF/CGY 6/22/2021,Mark Jankowski,a,
Trade BUF/CGY 6/22/2021,Zemgus Girgensons,a,
Trade BUF/CGY 6/22/2021,Patrick Sieloff,a,
Trade BUF/CHI 7/9/2019,Henri Jokiharju,a,
Trade BUF/CHI 7/9/2019,Alexander Nylander,a,
Trade BUF/COL 3/20/2021,Jonas Johansson b.1995,a,
Trade BUF/COL 3/20/2021,Nikita Novikov,a,
Trade BUF/COL 3/6/2024,Bowen Byram,a,
Trade BUF/COL 3/6/2024,Casey Mittelstadt,a,
Trade BUF/DAL 2/11/2015,Casey Fitzgerald,a,
Trade BUF/DAL 2/11/2015,Jhonas Enroth,a,
Trade BUF/DAL 2/11/2015,Anders Lindback,a,
Trade BUF/EDM 7/5/2024,Ryan McLeod,a,
Trade BUF/EDM 7/5/2024,Matthew Savoie,a,
Trade BUF/EDM 7/5/2024,Tyler Tullio,x,
Trade BUF/FLA 4/10/2021,Stiven Saradarian,a,
Trade BUF/FLA 4/10/2021,Brandon Montour,a,
Trade BUF/FLA 6/25/2016,Rasmus Asplund,a,
Trade BUF/FLA 6/25/2016,Dmitry Kulikov,a,
Trade BUF/FLA 6/25/2016,Mark Pysyk,a,
Trade BUF/FLA 6/25/2016,Adam Mascherin (1),a,
Trade BUF/FLA 6/25/2016,Linus Nassen,a,
Trade BUF/FLA 7/24/2021,Jiri Kulich,a,
Trade BUF/FLA 7/24/2021,Devon Levi,a,
Trade BUF/FLA 7/24/2021,Sam Reinhart,a,
Trade BUF/LAK 3/1/2023,Gavin McCarthy,a,
Trade BUF/LAK 3/1/2023,Erik Portillo,a,
Trade BUF/LAK 6/21/2008,Andrew Campbell,x,
Trade BUF/LAK 6/21/2008,Corey Fienhage,a,
Trade BUF/LAK 6/21/2008,Justin Jokinen,a,
Trade BUF/MIN 4/3/2013,Nikita Zadorov,x,
Trade BUF/MIN 4/3/2013,William Lagesson,a,
Trade BUF/MIN 4/3/2013,Johan Larsson,a,
Trade BUF/MIN 4/3/2013,Jason Pominville,a,
Trade BUF/MIN 4/3/2013,Matt Hackett,a,
Trade BUF/MIN 4/3/2013,Vaclav Karabacek,a,
Trade BUF/MIN 9/16/2020,Marcus Johansson,a,
Trade BUF/MIN 9/16/2020,Eric Staal,a,
Trade BUF/MTL 10/4/2017,Nicolas Deslauriers,a,
Trade BUF/MTL 10/4/2017,Zach Redmond,a,
Trade BUF/NSH 2/27/2012,Juuse Saros,a,
Trade BUF/NSH 2/27/2012,Mark Jankowski,a,
Trade BUF/NSH 2/27/2012,Paul Gaustad,a,
Trade BUF/NSH 6/20/2016,Rem Pitlick,x,
Trade BUF/NSH 6/20/2016,Jimmy Vesey,x,
Trade BUF/NYR 3/7/2025,Nicolas Aube-Kubel,a,
Trade BUF/NYR 3/7/2025,Erik Brannstrom,a,
Trade BUF/OTT 3/7/2025,Dylan Cozens,x,
Trade BUF/OTT 3/7/2025,Dennis Gilbert,x,
Trade BUF/OTT 3/7/2025,Jacob Bernard-Docker,x,
Trade BUF/OTT 3/7/2025,Joshua Norris,x,
Trade BUF/OTT 3/7/2025,2026 2nd Round BUF/OTT,x,
Trade BUF/PHI 7/23/2021,Isak Rosen,a,
Trade BUF/PHI 7/23/2021,Rasmus Ristolainen,a,
Trade BUF/PHI 7/23/2021,Robert Hagg,a,
Trade BUF/PHI 7/23/2021,Anton Wahlberg,a,
Trade BUF/PIT 2/24/2020,Evan Rodrigues,a,
Trade BUF/PIT 2/24/2020,Conor Sheary,a,
Trade BUF/PIT 2/24/2020,Dominik Kahun,x,
Trade BUF/PIT 6/27/2018,Conor Sheary,a,
Trade BUF/PIT 6/27/2018,Matias Maccelli,x,
Trade BUF/PIT 6/27/2018,Matt Hunwick,a,
Trade BUF/SJS 10/7/2020,JJ Peterka,a,
Trade BUF/SJS 10/7/2020,Thomas Bordeleau,a,
Trade BUF/SJS 10/7/2020,Carter Savoie,a,
Trade BUF/SJS 2/26/2018,Evander Kane,a,
Trade BUF/SJS 2/26/2018,Brayden Tracey,a,
Trade BUF/SJS 2/26/2018,Danny O'Regan,a,
Trade BUF/SJS 2/26/2018,Ethan Keppen,a,
Trade BUF/SJS 3/8/2024,Devin Cooley,a,
Trade BUF/SJS 3/8/2024,Ryan Rucinski,a,
Trade BUF/SJS 6/27/2024,Konsta Helenius,x,
Trade BUF/SJS 6/27/2024,Sam Dickinson,x,
Trade BUF/SJS 6/27/2024,Adam Kleber,x,
Trade BUF/STL 3/20/1996,Cory Sarich,x,
Trade BUF/STL 3/20/1996,Yuri Khmylev,a,
Trade BUF/STL 3/20/1996,Andrei Podkonicky,a,
Trade BUF/STL 3/20/1996,Jean-Luc Grand-Pierre,a,
Trade BUF/STL 3/20/1996,Maxim Afinogenov,x,
Trade BUF/TBL 3/9/2000,Wayne Primeau,x,
Trade BUF/TBL 3/9/2000,Derek Roy,x,
Trade BUF/TBL 3/9/2000,Cory Sarich,x,
Trade BUF/TBL 3/9/2000,Brian Holzinger,x,
Trade BUF/TBL 3/9/2000,Alexander Kharitonov,x,
Trade BUF/TBL 3/9/2000,Chris Gratton,x,
Trade BUF/UTH 6/25/2025,Josh Doan,a,
Trade BUF/UTH 6/25/2025,Michael Kesselring,a,
Trade BUF/UTH 6/25/2025,JJ Peterka,a,
Trade BUF/VAN 7/4/2008,Steve Bernier,a,
Trade BUF/VAN 7/4/2008,Brayden McNabb,a,
Trade BUF/VAN 7/4/2008,Petr Straka,a,
Trade BUF/WPG 2/11/2015,Jack Roslovic,a,
Trade BUF/WPG 2/11/2015,Brendan Lemieux,a,
Trade BUF/WPG 2/11/2015,Zach Bogosian,a,
Trade BUF/WPG 2/11/2015,Evander Kane,a,
Trade BUF/WPG 2/11/2015,Joel Armia,a,
Trade BUF/WPG 2/11/2015,Tyler Myers,a,
Trade BUF/WPG 2/11/2015,Drew Stafford,a,
Trade BUF/WPG 2/11/2015,Jason Kasdorf,a,
Trade BUF/WSH 3/7/1989,Brian Holzinger,x,
Trade BUF/WSH 3/7/1989,Byron Dafoe,a,
Trade BUF/WSH 3/7/1989,Calle Johansson,a,
Trade BUF/WSH 3/7/1989,Clint Malarchuk,a,
Trade BUF/WSH 3/7/1989,Grant Ledyard,a,
Trade BUF/WSH 6/28/2014,Vitek Vanecek,a,
Trade BUF/WSH 6/28/2014,Eric Cornel,a,
Trade BUF/WSH 6/28/2014,Brycen Martin,a,
Trade CAR/BUF 6/30/2013,JT Compher,a,
Trade CAR/BUF 6/30/2013,Andrej Sekera,a,
Trade CAR/BUF 6/30/2013,Jamie McBain,a,
Trade CAR/BUF 8/2/2018,Jeff Skinner,a,
Trade CAR/BUF 8/2/2018,Pyotr Kochetkov,a,
Trade CAR/BUF 8/2/2018,Alexander Nikishin,a,
Trade CAR/BUF 8/2/2018,Yevgeni Oksentyuk,a,
Trade CAR/BUF 8/2/2018,Cliff Pu,a,
Trade CAR/CBJ 7/30/2005,James Reimer,a,
Trade CAR/CBJ 7/30/2005,Jared Boll,a,
Trade CAR/CBJ 7/30/2005,Derrick Walser,a,
Trade CAR/CGY 6/23/2018,Elias Lindholm,x,
Trade CAR/CGY 6/23/2018,Dougie Hamilton,a,
Trade CAR/CGY 6/23/2018,Adam Fox,a,
Trade CAR/CGY 6/23/2018,Noah Hanifin,a,
Trade CAR/CGY 6/23/2018,Micheal Ferland,a,
Trade CAR/CGY 6/29/2017,Dustin Wolf,x,
Trade CAR/CGY 6/29/2017,Ryan Murphy,a,
Trade CAR/CGY 6/29/2017,Eddie Lack,a,
Trade CAR/CGY 6/29/2017,Kevin Wall,a,
Trade CAR/CGY 6/29/2017,Keegan Kanzig,a,
Trade CAR/CHI 12/29/2005,James Reimer,a,
Trade CAR/CHI 12/29/2005,Radim Vrbata,a,
Trade CAR/CHI 6/27/2025,Alexander Zharovsky,x,
Trade CAR/CHI 6/27/2025,Mason West,a,
Trade CAR/CHI 6/27/2025,Ivan Ryabkin,a,
Trade CAR/DET 7/22/2021,Alex Nedeljkovic,a,
Trade CAR/DET 7/22/2021,Jonathan Bernier,a,
Trade CAR/DET 7/22/2021,Aidan Hreschuk,a,
Trade CAR/FLA 2/24/2011,Sean Kuraly,a,
Trade CAR/FLA 2/24/2011,Ryan Carter,a,
Trade CAR/FLA 2/24/2011,Cory Stillman,a,
Trade CAR/FLA 2/24/2020,Eetu Luostarinen,a,
Trade CAR/FLA 2/24/2020,Erik Haula,a,
Trade CAR/FLA 2/24/2020,Vincent Trocheck,a,
Trade CAR/FLA 2/24/2020,Chase Priskie,a,
Trade CAR/FLA 2/24/2020,Lucas Wallmark,a,
Trade CAR/FLA/CBJ 3/21/2022,Max Domi,a,
Trade CAR/FLA/CBJ 3/21/2022,Egor Korshkov,a,
Trade CAR/FLA/CBJ 3/21/2022,Tyler Inamoto,a,
Trade CAR/FLA/CBJ 3/21/2022,Josh Davies,a,
Trade CAR/FLA/CBJ 3/21/2022,Aidan Hreschuk,a,
Trade CAR/LAK 9/29/2006,Jack Johnson,a,
Trade CAR/LAK 9/29/2006,Tim Gleason,a,
Trade CAR/LAK 9/29/2006,Oleg Tverdovsky,a,
Trade CAR/LAK 9/29/2006,Eric Belanger,a,
Trade CAR/MIN 1/17/2019,Nino Niederreiter,a,
Trade CAR/MIN 1/17/2019,Victor Rask,a,
Trade CAR/MTL 9/12/2020,Joel Edmundson,a,
Trade CAR/MTL 9/12/2020,Ben Meehan,a,
Trade CAR/NJD 3/5/2014,Morgan Geekie,x,
Trade CAR/NJD 3/5/2014,Tuomo Ruutu,a,
Trade CAR/NJD 3/5/2014,Andrei Loktionov,a,
Trade CAR/NSH 3/7/2025,Mark Jankowski,a,
Trade CAR/NSH 3/7/2025,2026 5th Round (CAR/NSH),a,
Trade CAR/NYR 2/18/2020,Julien Gauthier,a,
Trade CAR/NYR 2/18/2020,Joey Keane,a,
Trade CAR/NYR 4/30/2019,Noel Gunler,a,
Trade CAR/NYR 4/30/2019,Adam Fox,a,
Trade CAR/NYR 4/30/2019,Mads Sogaard,x,
Trade CAR/OTT 1/12/2021,Clark Bishop,a,
Trade CAR/OTT 1/12/2021,Maxime Lajoie,a,
Trade CAR/OTT 2/13/2021,Ryan Dzingel,a,
Trade CAR/OTT 2/13/2021,Alex Galchenyuk,x,
Trade CAR/OTT 2/13/2021,Cedric Paquette,a,
Trade CAR/OTT 3/15/2024,Jamieson Rees,x,
Trade CAR/OTT 3/15/2024,Timur Kol,x,
Trade CAR/OTT 6/22/2019,Anttoni Honka,x,
Trade CAR/OTT 6/22/2019,Mads Sogaard,x,
Trade CAR/OTT 6/22/2019,Jamieson Rees,x,
Trade CAR/PIT 6/22/2012,Brian Dumoulin,x,
Trade CAR/PIT 6/22/2012,Jordan Staal,a,
Trade CAR/PIT 6/22/2012,Derrick Pouliot,a,
Trade CAR/PIT 6/22/2012,Brandon Sutter,a,
Trade CAR/TBL 6/30/2024,Jake Guentzel,a,
Trade CAR/TBL 6/30/2024,Roman Bausov,a,
Trade CAR/TOR 2/15/2021,Egor Korshkov,a,
Trade CAR/TOR 2/15/2021,Alex Galchenyuk,x,
Trade CAR/TOR 2/15/2021,Ryan Dzingel,a,
Trade CAR/TOR 6/22/2019,Seth Jarvis,a,
Trade CAR/TOR 6/22/2019,Patrick Marleau,a,
Trade CAR/TOR 6/22/2019,Alexander Pashin,a,
Trade CAR/TOR 6/22/2019,Axel Rindell,a,
Trade CAR/VGK  6/22/2017,Jake Leschyshyn,a,
Trade CAR/VGK  6/22/2017,Trevor van Riemsdyk,a,
Trade CAR/VGK  6/22/2017,Riley Hughes,a,
Trade CAR/VGK 6/26/2019,Erik Haula,a,
Trade CAR/VGK 6/26/2019,Nicolas Roy,a,
Trade CAR/VGK 6/26/2019,Oscar Plandowski,a,
Trade CBJ/ANA 10/7/2020,Ethan Bowen,x,
Trade CBJ/ANA 10/7/2020,James Fisher,a,
Trade CBJ/ANA 2/24/2020,Devin Shore,a,
Trade CBJ/ANA 2/24/2020,Sonny Milano,A,
Trade CBJ/ANA 6/26/2009,Kyle Palmieri,x,
Trade CBJ/ANA 6/26/2009,John Moore,a,
Trade CBJ/ANA 6/26/2009,Mat Clark,a,
Trade CBJ/ARI 2/26/2018,Ryan Kujawinski,x,
Trade CBJ/ARI 2/26/2018,Jordan Maletta,x,
Trade CBJ/BOS 3/8/2024,Andrew Peeke,x,
Trade CBJ/BOS 3/8/2024,Jakub Zboril,a,
Trade CBJ/BOS 3/8/2024,2027 3rd Round (CBJ/BOS),x,
Trade CBJ/BOS 5/16/2007,Jamie Benn,a,
Trade CBJ/BOS 5/16/2007,Adam McQuaid,a,
Trade CBJ/CAR 7/23/2021,Jake Bean,a,
Trade CBJ/CAR 7/23/2021,Aleksi Heimosalmi,a,
Trade CBJ/COL 6/27/2025,Charlie Coyle,a,
Trade CBJ/COL 6/27/2025,Gavin Brindley,a,
Trade CBJ/COL 6/27/2025,Miles Wood,a,
Trade CBJ/COL 6/27/2025,Francesco Dell'elce,a,
Trade CBJ/COL 6/27/2025,2027 2nd Round (CBJ/COL),x,
Trade CBJ/DAL 6/23/2007,Jamie Benn,a,
Trade CBJ/DAL 6/23/2007,Maxim Mayorov,a,
Trade CBJ/DAL 6/23/2007,Austin Smith,a,
Trade CBJ/DAL 6/23/2007,Michael Neal,a,
Trade CBJ/FLA 6/22/2019,Dmitri Voronkov,a,
Trade CBJ/FLA 6/22/2019,Cole Schwindt,a,
Trade CBJ/FLA 6/22/2019,Eric Hjorth,a,
Trade CBJ/LAK 2/23/2012,Jack Johnson,a,
Trade CBJ/LAK 2/23/2012,Jeff Carter,a,
Trade CBJ/LAK 2/23/2012,Marko Dano,a,
Trade CBJ/LAK 3/1/2023,Vladislav Gavrikov,x,
Trade CBJ/LAK 3/1/2023,Jonathan Quick,x,
Trade CBJ/LAK 3/1/2023,Joonas Korpisalo,x,
Trade CBJ/LAK 3/1/2023,Oliver Bonk,x,
Trade CBJ/LAK 3/1/2023,Luca Marrelli,x,
Trade CBJ/MIN 11/20/2024,David Jiricek,a,
Trade CBJ/MIN 11/20/2024,Daemon Hunt,a,
Trade CBJ/MIN 11/20/2024,Pyotr Andreyanov,a,
Trade CBJ/MIN 11/20/2024,2026 1st Round (CBJ/MIN),a,
Trade CBJ/MIN 11/20/2024,2026 3rd Round (CBJ/MIN),a,
Trade CBJ/MIN 11/20/2024,2026 4th Round (CBJ/MIN),a,
Trade CBJ/MIN 11/20/2024,2027 2nd Round (CBJ/MIN),a,
Trade CBJ/MIN 2/28/2023,Gustav Nyquist,a,
Trade CBJ/MIN 2/28/2023,Melvin Strahl,a,
Trade CBJ/MIN 6/26/2025,Brendan Gaunce,a,
Trade CBJ/MIN 6/26/2025,Cameron Butler,a,
Trade CBJ/MTL 10/6/2020,Josh Anderson,a,
Trade CBJ/MTL 10/6/2020,Max Domi,a,
Trade CBJ/MTL 10/6/2020,Samuel Knazko,a,
Trade CBJ/MTL 8/19/2024,Jordan Harris,a,
Trade CBJ/MTL 8/19/2024,Patrik Laine,a,
Trade CBJ/MTL 8/19/2024,2026 2nd Round (CBJ/MTL),a,
Trade CBJ/NJD 6/9/2023,Aydar Suniev,a,
Trade CBJ/NJD 6/9/2023,Damon Severson,a,
Trade CBJ/NSH 1/6/2016,Seth Jones,x,
Trade CBJ/NSH 1/6/2016,Ryan Johansen,x,
Trade CBJ/NYI 6/26/2009,Nick Leddy,a,
Trade CBJ/NYI 6/26/2009,Casey Cizikas,a,
Trade CBJ/NYI 6/26/2009,Kyle Palmieri,x,
Trade CBJ/NYI 6/26/2009,Anders Nilsson,a,
Trade CBJ/NYI 6/26/2009,Mat Clark,a,
Trade CBJ/NYI 6/26/2009,Matt Hackett,a,
Trade CBJ/NYI 6/27/2009,Casey Cizikas,a,
Trade CBJ/NYI 6/27/2009,Anders Nilsson,a,
Trade CBJ/NYI 6/27/2009,Kevin Lynch,a,
Trade CBJ/OTT 2/26/2018,Alex Laferriere,x,
Trade CBJ/OTT 2/26/2018,Ian Cole,a,
Trade CBJ/OTT 2/26/2018,Nick Moutrey,a,
Trade CBJ/PHI 6/22/2012,Sergei Bobrovsky,a,
Trade CBJ/PHI 6/22/2012,Anthony Stolarz,x,
Trade CBJ/PHI 6/22/2012,Taylor Leier,a,
Trade CBJ/PHI 6/22/2012,Justin Auger,a,
Trade CBJ/PHI 6/23/2011,Nick Cousins,a,
Trade CBJ/PHI 6/23/2011,Sean Couturier,a,
Trade CBJ/PHI 6/23/2011,Jeff Carter,a,
Trade CBJ/PHI 6/23/2011,Jakub Voracek,a,
Trade CBJ/PHX 2/22/2012,Anthony Stolarz,x,
Trade CBJ/PHX 2/22/2012,Curtis McElhinney,a,
Trade CBJ/PHX 2/22/2012,Antoine Vermette,a,
Trade CBJ/PHX 2/22/2012,Justin Auger,a,
Trade CBJ/PHX 2/28/2011,Scottie Upshall,a,
Trade CBJ/PHX 2/28/2011,Sami Lepisto,a,
Trade CBJ/PHX 2/28/2011,Rostislav Klesla,x,
Trade CBJ/PHX 2/28/2011,Dane Byers,a,
Trade CBJ/PIT 3/9/2004,Brian Holzinger,x,
Trade CBJ/PIT 3/9/2004,Lasse Pirjeta,x,
Trade CBJ/PIT 6/30/2013,Tristan Jarry,a,
Trade CBJ/PIT 6/30/2013,Oliver Bjorkstrand,a,
Trade CBJ/PIT 6/30/2013,Dillon Heatherington,a,
Trade CBJ/SEA 6/28/2025,Jeremy Loranger,a,
Trade CBJ/SEA 6/28/2025,Karl Annborn,a,
Trade CBJ/SEA 6/28/2025,Loke Krantz,x,
Trade CBJ/SJS 3/7/2025,Luke Kunin,a,
Trade CBJ/SJS 3/7/2025,Ilyas Magomedsultanov,a,
Trade CBJ/SJS/TOR 4/11/2021,Stefan Noesen,a,
Trade CBJ/SJS/TOR 4/11/2021,Nick Foligno,a,
Trade CBJ/SJS/TOR 4/11/2021,Ethan Cardwell,a,
Trade CBJ/SJS/TOR 4/11/2021,Dennis Hildeby,a,
Trade CBJ/SJS/TOR 4/11/2021,Corson Ceulemans,a,
Trade CBJ/STL 6/28/2024,Alexandre Texier,a,
Trade CBJ/STL 6/28/2024,Ilyas Magomedsultanov,a,
Trade CBJ/TBL 3/5/2014,Jonathan Marchessault,a,
Trade CBJ/TBL 3/5/2014,Dalton Smith,a,
Trade CBJ/TBL 3/5/2014,Dana Tyrell,a,
Trade CBJ/TBL 3/5/2014,Matt Taormina,a,
Trade CBJ/TBL/DET 4/10/2021,Nolan Allan,a,
Trade CBJ/TBL/DET 4/10/2021,David Savard,a,
Trade CBJ/TBL/DET 4/10/2021,Brian Lashoff,a,
Trade CBJ/TBL/DET 4/10/2021,Jordan Dumais,a,
Trade CBJ/TBL/DET 4/10/2021,Jakub Demek,a,
Trade CBJ/TOR 6/25/2016,Scott Harrington,x,
Trade CBJ/TOR 6/25/2016,Kerby Rychel,a,
Trade CBJ/WPG 1/23/2021,Jack Roslovic,a,
Trade CBJ/WPG 1/23/2021,Patrik Laine,a,
Trade CBJ/WPG 1/23/2021,Pierre-Luc Dubois,a,
Trade CBJ/WPG 1/23/2021,Danil Zhilkin,a,
Trade CGY/ARI 2/20/2017,Stuart Skinner,a,
Trade CGY/ARI 2/20/2017,Akira Schmid,a,
Trade CGY/ARI 2/20/2017,Michael Stone,a,
Trade CGY/ARI 3/3/2023,Troy Stecher,a,
Trade CGY/ARI 3/3/2023,Connor Mackey,a,
Trade CGY/ARI 3/3/2023,Brett Ritchie,a,
Trade CGY/ARI 3/3/2023,Nick Ritchie,a,
Trade CGY/ATL 12/18/2001,Adam Pardy,x,
Trade CGY/ATL 12/18/2001,Kurtis Foster,a,
Trade CGY/ATL 12/18/2001,Petr Buzek,a,
Trade CGY/ATL 12/18/2001,Jeff Cowan,a,
Trade CGY/ATL 2/28/2011,Colin Blackwell,a,
Trade CGY/ATL 2/28/2011,Fredrik Modin,a,
Trade CGY/BUF 6/25/2011,Jake McCabe,a,
Trade CGY/BUF 6/25/2011,Robyn Regehr,a,
Trade CGY/BUF 6/25/2011,Paul Byron,a,
Trade CGY/BUF 6/25/2011,Chris Butler,a,
Trade CGY/BUF 6/25/2011,Ales Kotalik,a,
Trade CGY/BUF 7/3/2003,Rhett Warrener,a,
Trade CGY/BUF 7/3/2003,Steven Reinprecht,x,
Trade CGY/BUF 7/3/2003,Steve Begin,a,
Trade CGY/BUF 7/3/2003,Chris Drury,a,
Trade CGY/CHI 2/24/2020,Wyatt Kaiser,a,
Trade CGY/CHI 2/24/2020,Erik Gustafsson b.1992,a,
Trade CGY/EDM 11/8/2013,Laurent Brossoit,a,
Trade CGY/EDM 11/8/2013,Roman Horak,a,
Trade CGY/EDM 11/8/2013,Ladislav Smid,a,
Trade CGY/EDM 11/8/2013,Marc-Olivier Roy (2),a,
Trade CGY/FLA 4/12/2021,Gustav Karlsson,a,
Trade CGY/FLA 4/12/2021,Emil Heineman,a,
Trade CGY/FLA 4/12/2021,Sam Bennett,a,
Trade CGY/FLA 4/12/2021,David Goyette,a,
Trade CGY/FLA 7/22/2022,Jonathan Huberdeau,a,
Trade CGY/FLA 7/22/2022,Matthew Tkachuk,a,
Trade CGY/FLA 7/22/2022,Cole Schwindt,a,
Trade CGY/FLA 7/22/2022,Cullen Potter,a,
Trade CGY/FLA 7/22/2022,Mads Kongsbak Klyvo,a,
Trade CGY/FLA 7/22/2022,MacKenzie Weegar,a,
Trade CGY/FLA 7/22/2022,2026 1st Round (CGY/FLA),a,
Trade CGY/LAK 2/24/2020,Jackson Blake,a,
Trade CGY/LAK 2/24/2020,Derek Forbort,a,
Trade CGY/LAK 6/27/2009,Nicolas Deslauriers,a,
Trade CGY/LAK 6/27/2009,Garrett Wilson,a,
Trade CGY/LAK 6/27/2009,Ryan Howse,a,
Trade CGY/MTL 10/1/2018,Brett Kulak,a,
Trade CGY/MTL 10/1/2018,Rinat Valiev,a,
Trade CGY/MTL 10/1/2018,Matt Taormina,a,
Trade CGY/MTL 8/18/2022,Sean Monahan,a,
Trade CGY/MTL 8/18/2022,Victor Eklund,a,
Trade CGY/NJD 6/19/2024,Kevin Bahl,x,
Trade CGY/NJD 6/19/2024,Jacob Markstrom,a,
Trade CGY/NJD 6/19/2024,Cole Reschny,a,
Trade CGY/NJD 6/27/2023,Yegor Sharangovich,a,
Trade CGY/NJD 6/27/2023,Aydar Suniev,a,
Trade CGY/NJD 6/27/2023,Tyler Toffoli,a,
Trade CGY/NJD/DAL 2/28/2024,Artyom Grushnikov,a,
Trade CGY/NJD/DAL 2/28/2024,Jacob Battaglia,a,
Trade CGY/NJD/DAL 2/28/2024,Chris Tanev,a,
Trade CGY/NJD/DAL 2/28/2024,Cole Brady,a,
Trade CGY/NYR 10/6/2020,Braden Schneider,a,
Trade CGY/NYR 10/6/2020,Jeremie Poirier,a,
Trade CGY/NYR 10/6/2020,Hendrix Lapierre,x,
Trade CGY/OTT 3/1/2017,Curtis Lazar,a,
Trade CGY/OTT 3/1/2017,Alex Formenton,x,
Trade CGY/OTT 3/1/2017,Jyrki Jokipakka,a,
Trade CGY/OTT 3/1/2017,Michael Kostka,a,
Trade CGY/PHI 1/30/2025,Joel Farabee,a,
Trade CGY/PHI 1/30/2025,Shane Vansaghi,a,
Trade CGY/PHI 1/30/2025,Andrei Kuzmenko,a,
Trade CGY/PHI 1/30/2025,Jakob Pelletier,a,
Trade CGY/PHI 1/30/2025,Morgan Frost,a,
Trade CGY/PHI 1/30/2025,2028 7th Round (CGY/PHI),a,
Trade CGY/SEA 3/16/2022,Aydar Suniev,a,
Trade CGY/SEA 3/16/2022,Calle Jarnkrok,a,
Trade CGY/SEA 3/16/2022,Jakub Fibigr,a,
Trade CGY/SEA 3/16/2022,David Goyette,a,
Trade CGY/STL 6/25/2016,Jordan Kyrou,a,
Trade CGY/STL 6/25/2016,Brian Elliott,a,
Trade CGY/TOR 3/3/2023,Dryden Hunt,a,
Trade CGY/TOR 3/3/2023,Radim Zohorna,a,
Trade CGY/TOR 4/11/2021,David Rittich,a,
Trade CGY/TOR 4/11/2021,Aidan Thompson,a,
Trade CGY/TOR 7/27/2009,Brandon Saad,a,
Trade CGY/TOR 7/27/2009,Wayne Primeau,x,
Trade CGY/TOR 7/27/2009,Anton Stralman,a,
Trade CGY/TOR 7/27/2009,Colin Stuart,a,
Trade CGY/TOR 7/27/2009,Matthew DeBlouw,x,
Trade CGY/TOR 9/29/2013,Ville Husso,a,
Trade CGY/TOR 9/29/2013,Joe Colborne,a,
Trade CGY/VAN 11/30/2023,Nikita Zadorov,x,
Trade CGY/VAN 11/30/2023,Colton Roberts,a,
Trade CGY/VAN 11/30/2023,2026 3rd Round (CGY/VAN),x,
Trade CGY/WSH 10/6/2020,Connor Zary,x,
Trade CGY/WSH 10/6/2020,Jake Boltmann,x,
Trade CGY/WSH 10/6/2020,Hendrix Lapierre,x,
Trade CGY/WSH 3/1/2015,Curtis Glencross,a,
Trade CGY/WSH 3/1/2015,Jeremy Lauzon,a,
Trade CGY/WSH 3/1/2015,Jens Looke,A,
Trade CGY/WSH 6/27/2024,Andrew Mangiapane,a,
Trade CGY/WSH 6/27/2024,Theo Stockselius,a,
Trade CHI/ANA 3/1/2017,Sam Carrick,a,
Trade CHI/ANA 3/1/2017,Spencer Abbott,a,
Trade CHI/ANA 3/1/2017,Cole Moberg,a,
Trade CHI/ANA 3/1/2017,Kenton Helgesen,a,
Trade CHI/ARI 2/28/2015,Nick Merkley,x,
Trade CHI/ARI 2/28/2015,Antoine Vermette,a,
Trade CHI/ARI 2/28/2015,Klas Dahlbeck,a,
Trade CHI/ARI 3/4/2014,Christian Dvorak,a,
Trade CHI/ARI 3/4/2014,David Rundblad,a,
Trade CHI/ARI 6/23/2017,Connor Murphy,a,
Trade CHI/ARI 6/23/2017,Laurent Dauphin,a,
Trade CHI/ARI 6/23/2017,Niklas Hjalmarsson,a,
Trade CHI/ARI 6/23/2018,Michael Callahan,x,
Trade CHI/ARI 6/23/2018,Linus Karlsson,a,
Trade CHI/ARI 6/23/2018,Niklas Nordgren (2),a,
Trade CHI/BOS 6/26/2022,Ian Mitchell,x,
Trade CHI/BOS 6/26/2022,Taylor Hall,x,
Trade CHI/BOS 6/26/2022,Nick Foligno,a,
Trade CHI/BOS 6/26/2022,Alec Regula,a,
Trade CHI/BUF 7/1/2025,Sam Lafferty,a,
Trade CHI/BUF 7/1/2025,2026 6th Rounf (CHI/BUF),a,
Trade CHI/CAR 1/20/2006,Cade Fairchild,a,
Trade CHI/CAR 1/20/2006,James Reimer,a,
Trade CHI/CAR 1/20/2006,Danny Richmond,a,
Trade CHI/CAR 1/20/2006,Anton Babchuk,a,
Trade CHI/CAR 6/15/2016,Teuvo Teravainen,a,
Trade CHI/CAR 6/15/2016,Bryan Bickell,a,
Trade CHI/CAR 6/15/2016,Keith Petruzzelli,a,
Trade CHI/CAR 6/15/2016,Artur Kayumov,a,
Trade CHI/CAR 6/24/2019,Calvin de Haan,a,
Trade CHI/CAR 6/24/2019,Gustav Forsling,a,
Trade CHI/CAR 6/24/2019,Anton Forsberg,a,
Trade CHI/CAR 6/24/2019,Aleksi Saarela,a,
Trade CHI/CAR 6/28/2024,Dominik Badinka,x,
Trade CHI/CAR 6/28/2024,Nikita Artamonov,x,
Trade CHI/CAR 6/28/2024,Marek Vanacker,x,
Trade CHI/CAR 9/11/2015,Joakim Nordstrom,a,
Trade CHI/CAR 9/11/2015,Kris Versteeg,a,
Trade CHI/CAR 9/11/2015,Kristoffer Gunnarsson,x,
Trade CHI/CAR 9/11/2015,Keith Petruzzelli,a,
Trade CHI/CAR 9/11/2015,Dennis Robertson,a,
Trade CHI/CAR 9/11/2015,Jake Massie,a,
Trade CHI/CBJ 2/26/2023,Jack Johnson,a,
Trade CHI/CBJ 2/26/2023,Andreas Englund,a,
Trade CHI/CBJ 6/23/2017,Michael Callahan,x,
Trade CHI/CBJ 6/23/2017,Tyler Motte,a,
Trade CHI/CBJ 6/23/2017,Brandon Saad,a,
Trade CHI/CBJ 6/23/2017,Artemi Panarin,a,
Trade CHI/CBJ 6/23/2017,Anton Forsberg,a,
Trade CHI/CBJ 6/23/2017,Jonathan Davidsson,a,
Trade CHI/CBJ 6/30/2015,Brandon Saad,a,
Trade CHI/CBJ 6/30/2015,Artem Anisimov,a,
Trade CHI/CBJ 6/30/2015,Marko Dano,a,
Trade CHI/CBJ 6/30/2015,Corey Tropp,a,
Trade CHI/CBJ 6/30/2015,Alex Broadhurst,a,
Trade CHI/CBJ 6/30/2015,Anatoly Golyshev,a,
Trade CHI/CBJ 6/30/2015,Michael Paliotta,a,
Trade CHI/CBJ 6/30/2015,Jeremy Morin,a,
Trade CHI/CBJ 7/23/2021,Aleksi Heimosalmi,a,
Trade CHI/CBJ 7/23/2021,Seth Jones,x,
Trade CHI/CBJ 7/23/2021,Nolan Allan,a,
Trade CHI/CBJ 7/23/2021,Cole Sillinger,a,
Trade CHI/CBJ 7/23/2021,David Jiricek,a,
Trade CHI/CBJ 7/23/2021,Adam Boqvist,a,
Trade CHI/CBJ 7/23/2021,Dominic James,a,
Trade CHI/CGY 7/28/2021,Nikita Zadorov,x,
Trade CHI/CGY 7/28/2021,Aidan Thompson,a,
Trade CHI/COL 4/12/2021,Carl Soderberg,x,
Trade CHI/COL 4/12/2021,Ryder Rolston,x,
Trade CHI/COL 4/12/2021,Josh Dickinson,x,
Trade CHI/DAL 3/2/2023,Max Domi,a,
Trade CHI/DAL 3/2/2023,Anton Khudobin,a,
Trade CHI/DAL 3/2/2023,Dylan Wells,a,
Trade CHI/DAL 3/2/2023,Ivan Ryabkin,a,
Trade CHI/DAL 6/23/2017,Henri Jokiharju,a,
Trade CHI/DAL 6/23/2017,Jake Oettinger,a,
Trade CHI/DAL 6/23/2017,Andrei Altybarmakyan,a,
Trade CHI/DET 3/7/2025,Craig Smith,a,
Trade CHI/DET 3/7/2025,Petr Mrazek,a,
Trade CHI/DET 3/7/2025,Joseph Veleno,a,
Trade CHI/EDM 7/12/2021,Caleb Jones,x,
Trade CHI/EDM 7/12/2021,Tim Soderlund,x,
Trade CHI/EDM 7/12/2021,Duncan Keith,x,
Trade CHI/EDM 7/12/2021,Jeremy Langlois,x,
Trade CHI/EDM 7/6/2015,Anders Nilsson,a,
Trade CHI/EDM 7/6/2015,Liam Coughlin,x,
Trade CHI/FLA 4/2/2021,Vincent Hinostroza,x,
Trade CHI/FLA 4/2/2021,Brad Morrison,x,
Trade CHI/LAK 10/4/2020,Olli Maatta,x,
Trade CHI/LAK 10/4/2020,Brad Morrison,x,
Trade CHI/MTL 2/26/2016,Phillip Danault,a,
Trade CHI/MTL 2/26/2016,Alexander Romanov,a,
Trade CHI/MTL 2/26/2016,Tomas Fleischmann,a,
Trade CHI/MTL 2/26/2016,Dale Weise,a,
Trade CHI/MTL 6/23/2018,Mikael Hakkarainen,x,
Trade CHI/MTL 6/23/2018,Henrik Rybinski,a,
Trade CHI/MTL 6/30/2019,Tyson Hinds,a,
Trade CHI/MTL 6/30/2019,Chase Bradley,a,
Trade CHI/MTL 6/30/2019,Andrew Shaw,a,
Trade CHI/MTL 6/30/2019,Sam Lipkin,a,
Trade CHI/MTL 6/30/2019,Jan Mysak,x,
Trade CHI/MTL 7/7/2022,Frank Nazar,a,
Trade CHI/MTL 7/7/2022,Kirby Dach,a,
Trade CHI/MTL 7/7/2022,Gavin Hayes,a,
Trade CHI/NJD 6/22/2019,John Hayden,a,
Trade CHI/NJD 6/22/2019,John Quenneville,a,
Trade CHI/NSH 3/7/2024,Anthony Beauvillier,x,
Trade CHI/NSH 3/7/2024,Miroslav Holinka,a,
Trade CHI/NYI 10/4/2014,Nick Leddy,a,
Trade CHI/NYI 10/4/2014,Ville Pokka,a,
Trade CHI/NYI 10/4/2014,TJ Brennan,a,
Trade CHI/NYI 10/4/2014,Anders Nilsson,a,
Trade CHI/NYI 2/6/2014,Igor Shesterkin,a,
Trade CHI/NYI 2/6/2014,Pierre-Marc Bouchard,a,
Trade CHI/NYI 2/6/2014,Peter Regin,a,
Trade CHI/NYR 2/18/2019,Darren Raddysh,a,
Trade CHI/NYR 2/18/2019,Peter Holland,a,
Trade CHI/NYR/ARI 2/28/2023,Patrick Kane,a,
Trade CHI/NYR/ARI 2/28/2023,Vili Saarijarvi,a,
Trade CHI/NYR/ARI 2/28/2023,Cooper Zech,a,
Trade CHI/NYR/ARI 2/28/2023,Andy Welinski,a,
Trade CHI/NYR/ARI 2/28/2023,Martin Misiak,a,
Trade CHI/NYR/ARI 2/28/2023,Michal Pradal,a,
Trade CHI/NYR/ARI 2/28/2023,Parker Holmes,a,
Trade CHI/PHI 6/29/2023,Milton Oscarson,x,
Trade CHI/PHI 6/29/2023,Carson Bjarnason,x,
Trade CHI/PHI 6/29/2023,Jesse Pulkkinen,x,
Trade CHI/PIT 1/5/2022,Sam Lafferty,a,
Trade CHI/PIT 1/5/2022,Alexander Nylander,a,
Trade CHI/PIT 6/15/2019,Olli Maatta,x,
Trade CHI/PIT 6/15/2019,Aku Raty,x,
Trade CHI/PIT 6/15/2019,Dominik Kahun,x,
Trade CHI/SEA 6/21/2025,Joseph Veleno,a,
Trade CHI/SEA 6/21/2025,Andre Burakovsky,x,
Trade CHI/SJS 6/27/2014,Justin Kirkland,a,
Trade CHI/SJS 6/27/2014,Nick Schmaltz,a,
Trade CHI/SJS 6/27/2014,Nikolay Goldobin,x,
Trade CHI/SJS 6/27/2014,Ivan Nalimov,a,
Trade CHI/STL 3/1/2010,Hannu Toivonen,x,
Trade CHI/STL 3/1/2010,Danny Richmond,a,
Trade CHI/STL 3/1/2010,Joe Fallon,a,
Trade CHI/STL 3/1/2010,Daryl Boyle,x,
Trade CHI/TBL 1/11/2019,Jan Rutta,x,
Trade CHI/TBL 1/11/2019,Slater Koekkoek,x,
Trade CHI/TBL 1/11/2019,Aku Raty,x,
Trade CHI/TBL 1/11/2019,Mikhail Shalagin,x,
Trade CHI/TOR 7/7/2022,Petr Mrazek,a,
Trade CHI/TOR 7/7/2022,Fraser Minten,a,
Trade CHI/TOR 7/7/2022,Sam Rinzel,a,
Trade CHI/TOR 9/5/2009,Brandon Saad,a,
Trade CHI/TOR 9/5/2009,Michael Paliotta,a,
Trade CHI/TOR 9/5/2009,Jared Knight,a,
Trade CHI/UTH 3/7/2025,Shea Weber,x,
Trade CHI/UTH 3/7/2025,Aku Raty,x,
Trade CHI/UTH 3/7/2025,Victor Soderstrom,x,
Trade CHI/UTH 3/7/2025,2026 5th Round (CHI/UTH),x,
Trade CHI/VAN 1/29/2015,Gustav Forsling,a,
Trade CHI/VAN 1/29/2015,Adam Clendening,a,
Trade CHI/VAN 4/12/2021,Jonathan Myrenberg,x,
Trade CHI/VAN 4/12/2021,Ethan Del Mastro,a,
Trade CHI/VAN 4/12/2021,Madison Bowey,a,
Trade CHI/VAN 6/6/2024,Sam Lafferty,a,
Trade CHI/VAN 6/6/2024,Ilya Mikheyev,a,
Trade CHI/VAN 6/6/2024,2027 4th Round (CHI/VAN),a,
Trade CHI/VAN 6/6/2024,2027 2nd Round (CHI/VAN),a,
Trade CHI/VGK/TOR 2/24/2020,Drew Commesso,a,
Trade CHI/VGK/TOR 2/24/2020,Malcolm Subban,a,
Trade CHI/VGK/TOR 2/24/2020,Slava Demin,a,
Trade CHI/VGK/TOR 2/24/2020,Robin Lehner,a,
Trade CHI/VGK/TOR 2/24/2020,Kasper Puutio,a,
Trade CHI/VGK/TOR 2/24/2020,Martins Dzierkals,a,
Trade COL/ANA 3/14/2022,Drew Helleson,x,
Trade COL/ANA 3/14/2022,Carey Terrance,x,
Trade COL/ANA 3/14/2022,Josh Manson,a,
Trade COL/ANA 3/8/2024,Ben Meyers,a,
Trade COL/ANA 3/8/2024,Louka Cloutier,a,
Trade COL/BOS 2/25/2023,Shane Bowers,a,
Trade COL/BOS 2/25/2023,Keith Kinkaid,a,
Trade COL/BOS 3/7/2025,Charlie Coyle,x,
Trade COL/BOS 3/7/2025,Casey Mittelstadt,x,
Trade COL/BOS 3/7/2025,William Zellers,a,
Trade COL/BOS 3/7/2025,Liam Pettersson,a,
Trade COL/BOS 3/7/2025,2026 5th Round (BOS/COL),x,
Trade COL/BOS 6/25/2015,Oskar Steen,x,
Trade COL/BOS 6/25/2015,Carl Soderberg,x,
Trade COL/BUF 6/26/2015,Nikita Zadorov,x,
Trade COL/BUF 6/26/2015,JT Compher,a,
Trade COL/BUF 6/26/2015,Ryan O'Reilly,a,
Trade COL/BUF 6/26/2015,Mikhail Grigorenko,a,
Trade COL/BUF 6/26/2015,Jamie McGinn,x,
Trade COL/BUF 6/26/2015,Jeremy Roy,a,
Trade COL/BUF 7/3/2003,Steven Reinprecht,x,
Trade COL/BUF 7/3/2003,Keith Ballard,a,
Trade COL/CAR 10/10/2023,Callahan Burke,x,
Trade COL/CAR 10/10/2023,Caleb Jones,x,
Trade COL/CAR/CHI 1/24/2025,Taylor Hall,x,
Trade COL/CAR/CHI 1/24/2025,Nils Juntorp,a,
Trade COL/CAR/CHI 1/24/2025,Liam Pettersson,a,
Trade COL/CAR/CHI 1/24/2025,Nathan Behm,a,
Trade COL/CAR/CHI 1/24/2025,Jack Drury,a,
Trade COL/CAR/CHI 1/24/2025,Martin Necas,a,
Trade COL/CAR/CHI 1/24/2025,Mikko Rantanen,a,
Trade COL/CAR/CHI 1/24/2025,2026 4th Round (COL/CAR/CHI),x,
Trade COL/CGY 6/27/2013,Shane O'Brien,a,
Trade COL/CGY 6/27/2013,Alex Tanguay,a,
Trade COL/CGY 6/27/2013,David Jones,a,
Trade COL/CGY 6/27/2013,Cory Sarich,x,
Trade COL/CHI 10/10/2020,Nikita Zadorov,x,
Trade COL/CHI 10/10/2020,Dennis Gilbert,x,
Trade COL/CHI 10/10/2020,Brandon Saad,a,
Trade COL/CHI 10/10/2020,Anton Lindholm,a,
Trade COL/FLA 2/25/2019,Justin Sourdif,a,
Trade COL/FLA 2/25/2019,Nils Aman,a,
Trade COL/FLA 2/25/2019,Derick Brassard,a,
Trade COL/FLA 6/29/2019,Jacob MacDonald,a,
Trade COL/FLA 6/29/2019,Dominic Toninato,a,
Trade COL/MIN  1/19/2021,Ian Cole,a,
Trade COL/MIN  1/19/2021,Greg Pateryn,a,
Trade COL/MIN 3/15/2022,Tyson Jost,a,
Trade COL/MIN 3/15/2022,Nico Sturm,a,
Trade COL/MIN 3/7/2024,Brandon Duhaime,a,
Trade COL/MIN 3/7/2024,2026 3rd Round (COL/MIN),a,
Trade COL/NJD 3/1/2024,Kurtis MacDermid,a,
Trade COL/NJD 3/1/2024,Zakhar Bardakov,a,
Trade COL/NJD 3/1/2024,Christian Humphreys,a,
Trade COL/NJD 7/15/2021,Ryan Graves,a,
Trade COL/NJD 7/15/2021,Mikhail Maltsev,a,
Trade COL/NJD 7/15/2021,Sean Behrens,a,
Trade COL/NSH 11/30/2024,Scott Wedgewood,a,
Trade COL/NSH 11/30/2024,Reko Alanko,a,
Trade COL/NSH 11/30/2024,Justus Annunen,a,
Trade COL/NSH 12/28/2024,Juuso Parssinen,a,
Trade COL/NSH 12/28/2024,Ondrej Pavel,a,
Trade COL/NSH 12/28/2024,2026 7th Round (COL/NSH),a,
Trade COL/NSH 12/28/2024,2027 3rd Round (COL/NSH),a,
Trade COL/NSH 3/7/2024,Yakov Trenin,a,
Trade COL/NSH 3/7/2024,Jeremy Hanzel,a,
Trade COL/NSH 3/7/2024,Tyler Hopkins,a,
Trade COL/NSH 3/7/2024,Graham Sward,a,
Trade COL/NSH 7/1/2017,Marc Del Gaizo,a,
Trade COL/NSH 7/1/2017,Colin Wilson,a,
Trade COL/NSH/OTT 11/5/2017,Bowen Byram,a,
Trade COL/NSH/OTT 11/5/2017,Matthew Stienburg,a,
Trade COL/NSH/OTT 11/5/2017,Matt Duchene,a,
Trade COL/NSH/OTT 11/5/2017,Vladislav Kamenev,a,
Trade COL/NSH/OTT 11/5/2017,Shane Bowers,a,
Trade COL/NSH/OTT 11/5/2017,Andrew Hammond,a,
Trade COL/NSH/OTT 11/5/2017,Filip Hallander,a,
Trade COL/NSH/OTT 11/5/2017,Kyle Turris,a,
Trade COL/NSH/OTT 11/5/2017,Samuel Girard,a,
Trade COL/NYI 10/11/2020,AJ Greer,a,
Trade COL/NYI 10/11/2020,Kyle Burroughs,a,
Trade COL/NYI 2/29/2016,Taylor Beck,x,
Trade COL/NYI 2/29/2016,Marc-Andre Cliche,x,
Trade COL/NYI 3/6/2025,Oliver Kylington,x,
Trade COL/NYI 3/6/2025,Calum Ritchie,a,
Trade COL/NYI 3/6/2025,Brock Nelson,a,
Trade COL/NYI 3/6/2025,William Dufour,a,
Trade COL/NYI 3/6/2025,2026/2027 1st Round (COL/NYI),x,
Trade COL/NYR 3/1/2025,Calvin de Haan,a,
Trade COL/NYR 3/1/2025,Juuso Parssinen,a,
Trade COL/NYR 3/1/2025,Jimmy Vesey,x,
Trade COL/NYR 3/1/2025,Ryan Lindgren,a,
Trade COL/NYR 3/1/2025,Hank Kempf,a,
Trade COL/NYR 3/1/2025,Malcolm Spence,a,
Trade COL/NYR 3/1/2025,Mikkel Eriksen,a,
Trade COL/NYR 3/3/2023,Anton Blidh,a,
Trade COL/NYR 3/3/2023,Gustav Rydahl,a,
Trade COL/OTT 7/15/2024,Kevin Mandolese,a,
Trade COL/OTT 7/15/2024,2026 7th Round (COL/OTT),a,
Trade COL/OTT 7/15/2024,2026 6th Round (COL/OTT),a,
Trade COL/PHI 3/6/2024,Sean Walker,x,
Trade COL/PHI 3/6/2024,Ryan Johansen,x,
Trade COL/PHI 3/6/2024,Bill Zonnon,x,
Trade COL/PHI 3/6/2024,2026 5th Round (COL/PHI),x,
Trade COL/PHI 3/7/2025,Erik Johnson,a,
Trade COL/PHI 3/7/2025,Givani Smith,a,
Trade COL/PHX 3/8/2004,Paul Stastny,a,
Trade COL/PHX 3/8/2004,Ossi Vaananen,a,
Trade COL/PHX 3/8/2004,Derek Morris,a,
Trade COL/PHX 3/8/2004,Keith Ballard,a,
Trade COL/PHX 3/8/2004,Chris Gratton,x,
Trade COL/SJS 7/25/2025,Danil Gushchin,a,
Trade COL/SJS 7/25/2025,Oskar Olausson,a,
Trade COL/SJS 9/27/2019,Nicolas Meloche,a,
Trade COL/SJS 9/27/2019,Antoine Bibeau,a,
Trade COL/TOR 2/24/2020,Michael Hutchinson,x,
Trade COL/TOR 2/24/2020,Calle Rosen,a,
Trade COL/WSH 6/22/2018,Philipp Grubauer,a,
Trade COL/WSH 6/22/2018,Brooks Orpik,a,
Trade COL/WSH 6/22/2018,Kody Clark,a,
Trade COL/WSH 6/28/2019,Jake Boltmann,x,
Trade COL/WSH 6/28/2019,Andre Burakovsky,x,
Trade COL/WSH 6/28/2019,Scott Kosmachuk,x,
Trade COL/WSH 6/28/2019,Tristen Robins,x,
Trade DAL/BUF 7/2/2012,Steve Ott,x,
Trade DAL/BUF 7/2/2012,Derek Roy,x,
Trade DAL/BUF 7/2/2012,Adam Pardy,x,
Trade DAL/CAR 3/7/2025,Mikko Rantanen,a,
Trade DAL/CAR 3/7/2025,Logan Stankoven,a,
Trade DAL/CAR 3/7/2025,2026/27 1st Round (DAL/CAR),a,
Trade DAL/CAR 3/7/2025,2026 3rd Round (DAL/CAR),a,
Trade DAL/CAR 3/7/2025,2027 3rd Round (DAL/CAR),a,
Trade DAL/CAR 3/7/2025,2028/29 1st Round (DAL/CAR),a,
Trade DAL/NJD 1/7/2011,Blake Coleman,a,
Trade DAL/NJD 1/7/2011,Jamie Langenbrunner,a,
Trade DAL/NJD 7/1/2023,Colin Miller,a,
Trade DAL/NJD 7/1/2023,Atte Joki,a,
Trade DAL/NYR 2/23/2019,Mats Zuccarello,a,
Trade DAL/NYR 2/23/2019,Matthew Robertson,a,
Trade DAL/NYR 2/23/2019,Oliver Tarnstrom,a,
Trade DAL/NYR 9/19/2022,Nils Lundkvist,a,
Trade DAL/NYR 9/19/2022,Theo Lindstein,a,
Trade DAL/NYR 9/19/2022,Brandon Gorzynski,a,
Trade DAL/PIT 12/19/2017,Jamie Oleksiak,a,
Trade DAL/PIT 12/19/2017,Eric Hjorth,s,
Trade DAL/PIT 3/24/2013,Jake Guentzel,a,
Trade DAL/PIT 3/24/2013,Brenden Morrow,a,
Trade DAL/PIT 3/24/2013,Joe Morrow,a,
Trade DAL/PIT 3/24/2013,Matej Paulovic,a,
Trade DAL/SEA 6/19/2025,Mason Marchment,a,
Trade DAL/SEA 6/19/2025,Brandon Gorzynski,a,
Trade DAL/SEA 6/19/2025,2026 3rd Round (DAL/SEA),a,
Trade DAL/SJS 11/21/2014,Brenden Dillon,a,
Trade DAL/SJS 11/21/2014,Fredrik Karlstrom,a,
Trade DAL/SJS 11/21/2014,Jason Demers,a,
Trade DAL/SJS 2/1/2025,Cody Ceci,x,
Trade DAL/SJS 2/1/2025,Mikael Granlund,x,
Trade DAL/SJS 2/1/2025,Joshua Ravensbergen,x,
Trade DAL/SJS 2/1/2025,Zach Sharp,x,
Trade DAL/VAN 7/17/2021,Jason Dickinson,x,
Trade DAL/VAN 7/17/2021,Ayrton Martino,a,
Trade DET/ANA 6/28/2025,John Gibson,x,
Trade DET/ANA 6/28/2025,Petr Mrazek,a,
Trade DET/ANA 6/28/2025,2026 4th Round (DET/ANA),x,
Trade DET/ANA 6/28/2025,2027 2nd Round (DET/ANA),x,
Trade DET/BOS 3/2/2023,Dean Letourneau,x,
Trade DET/BOS 3/2/2023,Tyler Bertuzzi,a,
Trade DET/BOS 3/2/2023,Drew Schock,a,
Trade DET/BUF 12/4/2017,Scott Wilson,a,
Trade DET/BUF 12/4/2017,Arseny Gritsyuk,x,
Trade DET/CBJ 6/28/2014,Elvis Merzlikins,a,
Trade DET/CBJ 6/28/2014,Dominic Turgeon,a,
Trade DET/CBJ 6/28/2014,Brent Gates,a,
Trade DET/DAL 3/1/2015,Roope Hintz,a,
Trade DET/DAL 3/1/2015,Mattias Janmark,a,
Trade DET/DAL 3/1/2015,Vili Saarijarvi,a,
Trade DET/DAL 3/1/2015,Erik Cole,a,
Trade DET/DAL 3/1/2015,Mattias Backman,a,
Trade DET/DAL 3/21/2022,Vladislav Namestnikov,a,
Trade DET/DAL 3/21/2022,Landon Miller,a,
Trade DET/DAL 7/23/2021,Artyom Grushnikov,a,
Trade DET/DAL 7/23/2021,Wyatt Johnston,a,
Trade DET/DAL 7/23/2021,Sebastian Cossa,a,
Trade DET/DAL 7/23/2021,Jack Bar,a,
Trade DET/EDM 2/24/2020,Andreas Athanasiou,a,
Trade DET/EDM 2/24/2020,Aatu Raty,a,
Trade DET/EDM 2/24/2020,Sam Gagner,a,
Trade DET/EDM 2/24/2020,Brock Faber,x,
Trade DET/EDM 2/24/2020,Ryan Kuffner,a,
Trade DET/FLA 2/27/2007,Shawn Matthias,a,
Trade DET/FLA 2/27/2007,Todd Bertuzzi,a,
Trade DET/FLA 2/27/2007,Nick Spaling,x,
Trade DET/FLA 3/1/2017,Thomas Vanek,a,
Trade DET/FLA 3/1/2017,Dylan McIlrath,a,
Trade DET/FLA 3/1/2017,Kasper Kotkansalo,a,
Trade DET/LAK 3/20/2022,Troy Stecher,a,
Trade DET/LAK 3/20/2022,Brennan Ali,a,
Trade DET/MIN 10/7/2020,Daemon Hunt,a,
Trade DET/MIN 10/7/2020,Eemil Viro,a,
Trade DET/MIN 10/7/2020,Alex Cotton,a,
Trade DET/MTL 3/1/2017,Steve Ott,x,
Trade DET/MTL 3/1/2017,Tim Berni,a,
Trade DET/NSH 3/5/2014,Calle Jarnkrok,a,
Trade DET/NSH 3/5/2014,Patrick Eaves,a,
Trade DET/NSH 3/5/2014,David Legwand,a,
Trade DET/NSH 3/5/2014,Julius Bergman,x,
Trade DET/NYI 7/16/2021,Nick Leddy,a,
Trade DET/NYI 7/16/2021,Richard Panik,a,
Trade DET/NYI 7/16/2021,Aatu Raty,a,
Trade DET/OTT 7/9/2023,Donovan Sebrango,x,
Trade DET/OTT 7/9/2023,Dean Letourneau,x,
Trade DET/OTT 7/9/2023,Alex DeBrincat,a,
Trade DET/OTT 7/9/2023,Dominik Kubalik,a,
Trade DET/OTT 7/9/2023,Javon Moore,a,
Trade DET/SJS 2/24/2019,Albert Johansson,a,
Trade DET/SJS 2/24/2019,Daemon Hunt,a,
Trade DET/SJS 2/24/2019,Gustav Nyquist,a,
Trade DET/SJS 3/8/2024,Klim Kostin,a,
Trade DET/SJS 3/8/2024,Radim Simek,a,
Trade DET/SJS 3/8/2024,Austin Baker,x,
Trade DET/SJS 5/26/2016,MacKenzie Entwistle,x,
Trade DET/SJS 5/26/2016,Dylan Sadowy,a,
Trade DET/TBL 7/30/2021,Mitchell Stephens,a,
Trade DET/TBL 7/30/2021,Jared Wright,a,
Trade DET/UTH 10/29/2024,Olli Maatta,x,
Trade DET/UTH 10/29/2024,Michal Pradel,a,
Trade DET/VGK 2/26/2018,Tomas Tatar,a,
Trade DET/VGK 2/26/2018,Joseph Veleno,a,
Trade DET/VGK 2/26/2018,Aidan Hreschuk,a,
Trade DET/VGK 2/26/2018,Robert Mastrosimone,a,
Trade DET/WSH 4/12/2021,Anthony Mantha,a,
Trade DET/WSH 4/12/2021,Wyatt Johnston,a,
Trade DET/WSH 4/12/2021,Jakub Vrana,a,
Trade DET/WSH 4/12/2021,Richard Panik,a,
Trade DET/WSH 4/12/2021,Dmitri Buchelnikov,a,
Trade EDM/BOS 11/15/2000,Shaone Morrisonn,a,
Trade EDM/BOS 11/15/2000,Ales Hemsky,x,
Trade EDM/BOS 11/15/2000,Anson Carter,a,
Trade EDM/BOS 11/15/2000,Bill Guerin,a,
Trade EDM/BOS 11/15/2000,Doug Lynch,a,
Trade EDM/BOS 3/9/2006,Milan Lucic,a,
Trade EDM/BOS 3/9/2006,Yan Stastny,a,
Trade EDM/BOS 3/9/2006,Sergei Samsonov,a,
Trade EDM/BOS 3/9/2006,Marty Reasoner,a,
Trade EDM/CAR 7/28/2021,Warren Foegele,a,
Trade EDM/CAR 7/28/2021,Ethan Bear,a,
Trade EDM/CGY 7/19/2019,Milan Lucic,a,
Trade EDM/CGY 7/19/2019,James Neal,x,
Trade EDM/CGY 7/19/2019,Kirill Kirsanov,a,
Trade EDM/FLA 12/29/2018,John Ludvig,a,
Trade EDM/FLA 12/29/2018,Alexander Petrovic,a,
Trade EDM/FLA 12/29/2018,Chris Wideman,a,
Trade EDM/MIN 6/27/2009,Darcy Kuemper,a,
Trade EDM/MIN 6/27/2009,Kyle Brodziak,a,
Trade EDM/MIN 6/27/2009,Marc-Olivier Roy (1),a,
Trade EDM/MIN 6/27/2009,Kyle Bigos,a,
Trade EDM/MTL 3/21/2022,William Lagesson,a,
Trade EDM/MTL 3/21/2022,Brett Kulak,a,
Trade EDM/MTL 3/21/2022,Lane Hutson,a,
Trade EDM/MTL 3/21/2022,Rasmus Bergqvist,a,
Trade EDM/NSH 12/29/2014,Derek Roy,x,
Trade EDM/NSH 12/29/2014,Mark Arcobello,x,
Trade EDM/NSH 2/28/2023,Tyson Barrie,a,
Trade EDM/NSH 2/28/2023,Mattias Ekholm,a,
Trade EDM/NSH 2/28/2023,Reid Schaefer,a,
Trade EDM/NSH 2/28/2023,Hagen Burrows,a,
Trade EDM/NSH 2/28/2023,Albin Sundin,a,
Trade EDM/NSH 2/28/2023,Tanner Molendyk,a,
Trade EDM/NYI 6/22/2017,Ryan Strome,X,
Trade EDM/NYI 6/22/2017,Jordan Eberle,a,
Trade EDM/NYI 6/26/2015,Mathew Barzal,a,
Trade EDM/NYI 6/26/2015,Mitchell Stephens,a,
Trade EDM/NYI 6/26/2015,Griffin Reinhart,a,
Trade EDM/NYR 3/1/2017,Taylor Beck,x,
Trade EDM/NYR 3/1/2017,Justin Fontaine,x,
Trade EDM/NYR 6/27/2015,Cam Talbot,x,
Trade EDM/NYR 6/27/2015,Jonas Siegenthaler,x,
Trade EDM/NYR 6/27/2015,Adam Huska,x,
Trade EDM/NYR 6/27/2015,Sergey Zborovskiy,x,
Trade EDM/NYR 6/27/2015,Ziyat Paigin,x,
Trade EDM/PIT 7/26/2019,John Marino,a,
Trade EDM/PIT 7/26/2019,Shane Lachance,a,
Trade EDM/SJS 3/6/2025,Jake Walman,a,
Trade EDM/SJS 3/6/2025,Carl Berglund,a,
Trade EDM/SJS 3/6/2025,2027 1st Round (EDM/SJS),a,
Trade EDM/STL 8/20/2024,Tommy Lafreniere,a,
Trade EDM/STL 8/20/2024,Dylan Holloway,a,
Trade EDM/STL 8/20/2024,Philip Broberg,a,
Trade EDM/STL 8/20/2024,William Moore,A,
Trade EDM/TBL 7/8/2025,Isaac Howard,a,
Trade EDM/TBL 7/8/2025,Sam O'Reilly,a,
Trade EDM/VAN 8/18/2024,Vasily Podkolzin,a,
Trade EDM/VAN 8/18/2024,David Lewandowski,a,
Trade FLA/ARI 8/25/2016,Lawson Crouse,a,
Trade FLA/ARI 8/25/2016,Dave Bolland,a,
Trade FLA/ARI 8/25/2016,Serron Noel,a,
Trade FLA/ARI 8/25/2016,Max Gildon,a,
Trade FLA/ARI 9/17/2017,Jason Demers,a,
Trade FLA/ARI 9/17/2017,Jamie McGinn,x,
Trade FLA/ATL 2/28/2011,Sean Kuraly,a,
Trade FLA/ATL 2/28/2011,Radek Dvorak,a,
Trade FLA/ATL 2/28/2011,Pat Rissmiller,a,
Trade FLA/ATL 2/28/2011,Niclas Bergfors,a,
Trade FLA/CAR 1/18/2012,Evgenii Dadonov,a,
Trade FLA/CAR 1/18/2012,AJ Jenks,a,
Trade FLA/CAR 1/18/2012,Jonathan Matsumoto,a,
Trade FLA/CAR 1/18/2012,Mattias Lindstrom,a,
Trade FLA/CAR 6/30/2019,James Reimer,a,
Trade FLA/CAR 6/30/2019,Scott Darling,a,
Trade FLA/CAR 6/30/2019,Yevgeni Oksentyuk,a,
Trade FLA/CBJ 6/26/2025,Daniil Tarasov,a,
Trade FLA/CBJ 6/26/2025,Owen Griffin,a,
Trade FLA/CHI 3/2/2014,Justin Kirkland,a,
Trade FLA/CHI 3/2/2014,Brandon Pirri,a,
Trade FLA/CHI 3/2/2014,Conner Bleackley (1),A,
Trade FLA/CHI 4/8/2021,Riley Stillman,x,
Trade FLA/CHI 4/8/2021,Lucas Carlsson,a,
Trade FLA/CHI 4/8/2021,Henrik Borgstrom,a,
Trade FLA/CHI 4/8/2021,Brett Connolly,a,
Trade FLA/CHI 4/8/2021,Lucas Wallmark,a,
Trade FLA/CHI 4/8/2021,Jalen Luypen,a,
Trade FLA/DET/ANA 12/19/2022,Givani Smith,a,
Trade FLA/DET/ANA 12/19/2022,Danny O'Regan,a,
Trade FLA/DET/ANA 12/19/2022,Michael Del Zotto,a,
Trade FLA/MIN 6/26/2010,Jason Zucker,a,
Trade FLA/MIN 6/26/2010,Joonas Donskoi,a,
Trade FLA/MIN 6/26/2010,Joe Basaraba,a,
Trade FLA/NJD 2/26/2015,Rem Pitlick,x,
Trade FLA/NJD 2/26/2015,Jaromir Jagr,x,
Trade FLA/NJD 2/26/2015,Ryan Gropp,x,
Trade FLA/NSH 6/22/2007,Josh Bailey,a,
Trade FLA/NSH 6/22/2007,Tomas Vokoun,a,
Trade FLA/NSH 6/22/2007,Aaron Ness,a,
Trade FLA/NSH 6/22/2007,Nick Spaling,x,
Trade FLA/NSH 6/23/2018,Adam Beckman,a,
Trade FLA/NSH 6/23/2018,Logan Hutsko,a,
Trade FLA/NYR 3/16/2022,Frank Vatrano,x,
Trade FLA/NYR 3/16/2022,Cedrick Guindon,a,
Trade FLA/OTT 10/2/2020,Joshua Brown,a,
Trade FLA/OTT 10/2/2020,Michael Benning,a,
Trade FLA/OTT 3/6/2024,Vladimir Tarasenko,a,
Trade FLA/OTT 3/6/2024,Maxim Schafer,a,
Trade FLA/OTT 3/6/2024,2026 3rd Round (FLA/OTT),a,
Trade FLA/PHI 7/1/2011,Shayne Gostisbehere,a,
Trade FLA/PHI 7/1/2011,Kris Versteeg,a,
Trade FLA/PHI 7/1/2011,Brian Hart,a,
Trade FLA/PHX 6/19/2009,Steven Reinprecht,x,
Trade FLA/PHX 6/19/2009,Stefan Meyer,a,
Trade FLA/PIT 2/1/2019,Dmitri Voronkov,a,
Trade FLA/PIT 2/1/2019,Vladislav Kolyachonok,a,
Trade FLA/PIT 2/1/2019,Jared McCann,a,
Trade FLA/PIT 2/1/2019,Nick Bjugstad,a,
Trade FLA/PIT 2/1/2019,Riley Sheahan,a,
Trade FLA/PIT 2/1/2019,Derick Brassard,a,
Trade FLA/PIT 2/1/2019,Eric Hjorth,a,
Trade FLA/PIT 3/5/2014,Sam Montembeault,a,
Trade FLA/PIT 3/5/2014,Marcel Goc,a,
Trade FLA/PIT 3/5/2014,Miguel Fidler,a,
Trade FLA/PIT 9/24/2020,Mike Matheson,x,
Trade FLA/PIT 9/24/2020,Patric Hornqvist,x,
Trade FLA/PIT 9/24/2020,Colton Sceviour,x,
Trade FLA/SJS 3/5/2025,Vitek Vanecek,a,
Trade FLA/SJS 3/5/2025,Patrick Giles,a,
Trade FLA/SJS 3/6/2025,Nico Sturm,a,
Trade FLA/SJS 3/6/2025,2027 7th Round (FLA/SJS),a,
Trade FLA/SJS 3/6/2025,2026 4th Round (FLA/SJS),a,
Trade FLA/SJS 6/25/2011,Shayne Gostisbehere,a,
Trade FLA/SJS 6/25/2011,Matt Nieto,a,
Trade FLA/SJS 6/25/2011,Rasmus Bengtsson,a,
Trade FLA/SJS 7/1/2023,Anthony Duclair,a,
Trade FLA/SJS 7/1/2023,Shamar Moses,a,
Trade FLA/SJS 7/1/2023,Steven Lorentz,a,
Trade FLA/TBL 1/7/2002,Dan Boyle,x,
Trade FLA/TBL 1/7/2002,Martin Tuma,x,
Trade FLA/TBL 6/13/2007,Jacob Markstrom,a,
Trade FLA/TBL 6/13/2007,Chris Gratton,x,
Trade FLA/TOR 2/19/2020,Mason Marchment,a,
Trade FLA/TOR 2/19/2020,Denis Malgin,a,
Trade FLA/VAN 5/25/2016,Erik Gudbranson,x,
Trade FLA/VAN 5/25/2016,Rasmus Asplund,a,
Trade FLA/VAN 5/25/2016,Jared McCann,a,
Trade FLA/VAN 5/25/2016,Cole Candella,a,
Trade FLA/VAN 5/25/2016,Jonathan Ang,a,
Trade FLA/VGK 6/21/2017,Reilly Smith,a,
Trade FLA/VGK 6/21/2017,Jack Gorniak,x,
Trade FLA/WPG 3/6/2025,Kaapo Kahkonen,a,
Trade FLA/WPG 3/6/2025,Chris Driedger,a,
Trade LAK /OTT 3/29/2021,Michael Amadio,a,
Trade LAK /OTT 3/29/2021,Christian Wolanin,a,
Trade LAK/ANA 6/29/2024,Austin Burnevik,x,
Trade LAK/ANA 6/29/2024,Darels Uljanskis,x,
Trade LAK/ANA 6/29/2024,Jared Woolley,a,
Trade LAK/ARI 6/24/2023,Sean Durzi,a,
Trade LAK/ARI 6/24/2023,Alfons Freij,a,
Trade LAK/ATL 6/27/2009,Ben Chiarot,a,
Trade LAK/ATL 6/27/2009,Jean-Francois Berube,a,
Trade LAK/ATL 6/27/2009,Edward Pasquale,a,
Trade LAK/ATL 6/27/2009,Jordan Samuels-Thomas,a,
Trade LAK/BOS 7/8/2022,Casper Nassen,x,
Trade LAK/BOS 7/8/2022,Kaleb Lawrence,a,
Trade LAK/BUF 3/5/2014,Hudson Fasching,a,
Trade LAK/BUF 3/5/2014,Nicolas Deslauriers,a,
Trade LAK/BUF 3/5/2014,Erik Cernak,a,
Trade LAK/BUF 3/5/2014,Brayden McNabb,a,
Trade LAK/BUF 3/5/2014,Alex Lintuniemi,a,
Trade LAK/BUF 3/5/2014,Jonathan Parker,a,
Trade LAK/BUF 4/1/2013,Erik Cernak,a,
Trade LAK/BUF 4/1/2013,Robyn Regehr,a,
Trade LAK/BUF 4/1/2013,Alex Lintuniemi,a,
Trade LAK/BUF 6/20/2008,Tyler Myers,a,
Trade LAK/BUF 6/20/2008,Ryan Howse,a,
Trade LAK/BUF 6/20/2008,Colten Teubert,a,
Trade LAK/CAR 2/25/2015,Julien Gauthier,a,
Trade LAK/CAR 2/25/2015,Roland McKeown,a,
Trade LAK/CAR 2/25/2015,Andrej Sekera,a,
Trade LAK/CAR 3/4/2009,Brian Dumoulin,x,
Trade LAK/CAR 3/4/2009,Patrick O'Sullivan,a,
Trade LAK/CAR 3/4/2009,Justin Williams,a,
Trade LAK/CAR 7/24/2021,Jackson Blake,a,
Trade LAK/CAR 7/24/2021,Samuel Helenius,a,
Trade LAK/CAR 7/24/2021,Anton Olsson,a,
Trade LAK/CGY 6/20/2008,Brian Dumoulin,x,
Trade LAK/CGY 6/20/2008,Mitch Wahl,a,
Trade LAK/CGY 6/20/2008,Jake Gardiner,a,
Trade LAK/CGY 6/20/2008,Michael Cammalleri,a,
Trade LAK/CHI 1/24/2019,Dominik Kubalik,a,
Trade LAK/CHI 1/24/2019,Frederick Dichow,x,
Trade LAK/COL 2/21/2001,Steven Reinprecht,x,
Trade LAK/COL 2/21/2001,Rob Blake,x,
Trade LAK/COL 2/21/2001,Brian Boyle,x,
Trade LAK/COL 2/21/2001,Jared Aulin,a,
Trade LAK/COL 2/21/2001,David Steckel,x,
Trade LAK/COL 2/21/2001,Adam Deadmarsh,x,
Trade LAK/COL 2/21/2001,Aaron Miller,x,
Trade LAK/COL 6/26/2010,Calvin Pickard,a,
Trade LAK/COL 6/26/2010,Tyler Toffoli,a,
Trade LAK/COL 6/26/2010,Alex Theriau,a,
Trade LAK/DET 10/7/2020,Brock Faber,x,
Trade LAK/DET 10/7/2020,Sam Stange,a,
Trade LAK/DET 10/7/2020,Theodor Niederbach,a,
Trade LAK/DET 2/26/2008,Ben Chiarot,a,
Trade LAK/DET 2/26/2008,Brad Stuart,a,
Trade LAK/EDM 6/30/2013,William Carrier,a,
Trade LAK/EDM 6/30/2013,Valentin Zykov,a,
Trade LAK/EDM 6/30/2013,Anton Slepyshev,a,
Trade LAK/EDM 6/30/2013,Kyle Platzer,a,
Trade LAK/FLA 6/25/2010,Jason Zucker,a,
Trade LAK/FLA 6/25/2010,Nick Bjugstad,a,
Trade LAK/FLA 6/25/2010,Derek Forbort,a,
Trade LAK/MIN 2/29/2016,Scott Sabourin,a,
Trade LAK/MIN 2/29/2016,Brett Sutter,a,
Trade LAK/MTL 2/11/2019,Nate Thompson,a,
Trade LAK/MTL 2/11/2019,Frederick Dichow,x,
Trade LAK/MTL 2/11/2019,Kim Nousiainen,a,
Trade LAK/NSH 6/25/2011,Jimmy Vesey,x,
Trade LAK/NSH 6/25/2011,Nick Shore,a,
Trade LAK/NSH 6/25/2011,Chase Balisy,a,
Trade LAK/NSH 7/1/2021,Scott Morrow b.2002,a,
Trade LAK/NSH 7/1/2021,Viktor Arvidsson,a,
Trade LAK/NSH 7/1/2021,Kasper Kulonummi,a,
Trade LAK/NYI 6/24/2017,Arnaud Durandeau,x,
Trade LAK/NYI 6/24/2017,Johan Sodergran,a,
Trade LAK/NYR 10/7/2020,Will Cuylle,s,
Trade LAK/NYR 10/7/2020,Lias Andersson,a,
Trade LAK/NYR 6/27/2009,Brian Boyle,x,
Trade LAK/NYR 6/27/2009,Jordan Weal,x,
Trade LAK/OTT 6/28/2025,Jordan Spence,a,
Trade LAK/OTT 6/28/2025,Kurban Limatov,a,
Trade LAK/OTT 6/28/2025,2026 6tth Round (LAK/OTT),a,
Trade LAK/PHI/CBJ 6/6/2023,Hayden Hodgson,x,
Trade LAK/PHI/CBJ 6/6/2023,Helge Grans,x,
Trade LAK/PHI/CBJ 6/6/2023,Ivan Provorov,x,
Trade LAK/PHI/CBJ 6/6/2023,Eric Nilson,x,
Trade LAK/PHI/CBJ 6/6/2023,Jesse Pulkkinen,x,
Trade LAK/PHI/CBJ 6/6/2023,Kevin Connauton,x,
Trade LAK/PHI/CBJ 6/6/2023,Oliver Bonk,x,
Trade LAK/PHI/CBJ 6/6/2023,Sean Walker,x,
Trade LAK/PIT 11/14/2018,Tanner Pearson,x,
Trade LAK/PIT 11/14/2018,Carl Hagelin,x,
Trade LAK/SJS 6/27/2024,Kyle Burroughs,a,
Trade LAK/SJS 6/27/2024,Carl Grundstrom,a,
Trade LAK/TBL 2/26/2017,Erik Cernak,a,
Trade LAK/TBL 2/26/2017,Peter Budaj,a,
Trade LAK/TBL 2/26/2017,Wyatt Kalynuk,a,
Trade LAK/TBL 2/26/2017,Drake Rymsha,a,
Trade LAK/TBL 2/26/2017,Ben Bishop,a,
Trade LAK/TBL 7/8/2022,Kenny Connors,x,
Trade LAK/TBL 7/8/2022,Jared Wright,a,
Trade LAK/TBL 7/8/2022,Lucas Edmonds,x,
Trade LAK/TOR 1/28/2019,Tobias Bjornfot,a,
Trade LAK/TOR 1/28/2019,Carl Grundstrom,a,
Trade LAK/TOR 1/28/2019,Sean Durzi,a,
Trade LAK/TOR 1/28/2019,Jake Muzzin,a,
Trade LAK/TOR 2/5/2020,Jack Campbell,a,
Trade LAK/TOR 2/5/2020,Alex Laferriere,x,
Trade LAK/TOR 2/5/2020,Trevor Moore,a,
Trade LAK/TOR 2/5/2020,Kyle Clifford,a,
Trade LAK/TOR 2/5/2020,Cameron Whynot,a,
Trade LAK/VAN 12/7/2017,Nic Dowd,a,
Trade LAK/VAN 12/7/2017,Jordan Subban,a,
Trade LAK/VAN 2/17/2020,Tyler Toffoli,a,
Trade LAK/VAN 2/17/2020,Tyler Madden,a,
Trade LAK/VAN 2/17/2020,Tim Schaller,a,
Trade LAK/VAN 2/17/2020,Theodor Niederbach,a,
Trade LAK/VGK 2/19/2020,Alec Martinez,a,
Trade LAK/VGK 2/19/2020,Will Cuylle,a,
Trade LAK/VGK 2/19/2020,Ben Roger,a,
Trade LAK/WSH 2/21/2019,Carl Hagelin,x,
Trade LAK/WSH 2/21/2019,Lukas Parik,a,
Trade LAK/WSH 6/24/2019,Darcy Kuemper,a,
Trade LAK/WSH 6/24/2019,Pierre-Luc Dubois,a,
Trade MIN/ANA 3/19/2022,Yegor Sidorov,x,
Trade MIN/ANA 3/19/2022,Nicolas Deslauriers,a,
Trade MIN/ARI 2/26/2017,Kevin Bahl,x,
Trade MIN/ARI 2/26/2017,Mason Shaw,a,
Trade MIN/ARI 2/26/2017,PO Joseph,a,
Trade MIN/ARI 2/26/2017,Ryan White,a,
Trade MIN/ARI 2/26/2017,Martin Hanzal,a,
Trade MIN/ARI 2/26/2017,Eric Hjorth,a,
Trade MIN/ARI 2/26/2017,Grayson Downing,a,
Trade MIN/ARI 3/20/2022,Jack McBain,a,
Trade MIN/ARI 3/20/2022,Hunter Haight,a,
Trade MIN/BOS 2/20/2019,Charlie Coyle,x,
Trade MIN/BOS 2/20/2019,Ryan Donato,a,
Trade MIN/BOS 2/20/2019,Cade Webber,a,
Trade MIN/BOS 3/6/2025,Justin Brazeau,x,
Trade MIN/BOS 3/6/2025,Jakub Lauko,A,
Trade MIN/BOS 3/6/2025,Marat Khusnutdinov,a,
Trade MIN/BOS 3/6/2025,2026 6th Round (MIN/BOS),x,
Trade MIN/BOS 6/27/2015,Kirill Kaprizov,a,
Trade MIN/BOS 6/27/2015,Cameron Clarke,a,
Trade MIN/BUF 3/2/2015,Ukko-Pekka Luukkonen,a,
Trade MIN/BUF 3/2/2015,Chris Stewart,a,
Trade MIN/BUF 3/3/2023,Jordan Greenway,a,
Trade MIN/BUF 3/3/2023,Sebastian Soini,a,
Trade MIN/BUF 3/3/2023,Riley Heidt,a,
Trade MIN/BUF 3/5/2014,Vitek Vanecek,a,
Trade MIN/BUF 3/5/2014,Torrey Mitchell,a,
Trade MIN/BUF 3/5/2014,Matt Moulson,a,
Trade MIN/BUF 3/5/2014,Cody McCormick,a,
Trade MIN/BUF 3/5/2014,Chad Krys,a,
Trade MIN/BUF 6/30/2017,Marcus Foligno,a,
Trade MIN/BUF 6/30/2017,Tyler Ennis,a,
Trade MIN/BUF 6/30/2017,Marco Scandella,a,
Trade MIN/BUF 6/30/2017,Jack McBain,a,
Trade MIN/BUF 6/30/2017,Jason Pominville,a,
Trade MIN/BUF 6/30/2017,Linus Lindstrand Cronholm,a,
Trade MIN/CHI 2/12/2010,Nick Leddy,a,
Trade MIN/CHI 2/12/2010,Cam Barker,a,
Trade MIN/CHI 2/12/2010,Kim Johnsson,a,
Trade MIN/DET 3/3/2023,Oskar Sundqvist,a,
Trade MIN/DET 3/3/2023,Larry Keenan b.2005,a,
Trade MIN/EDM 3/4/2014,William Lagesson,a,
Trade MIN/EDM 3/4/2014,Ilya Bryzgalov,a,
Trade MIN/EDM 7/23/2021,Jesper Wallstedt,a,
Trade MIN/EDM 7/23/2021,Xavier Bourgault,a,
Trade MIN/EDM 7/23/2021,Luca Munzenberger,a,
Trade MIN/FLA 2/24/2015,Rem Pitlick,x,
Trade MIN/FLA 2/24/2015,Sean Bergenheim,x,
Trade MIN/FLA 2/24/2015,Brayden Chizen,x,
Trade MIN/LAK 6/29/2022,Kevin Fiala,x,
Trade MIN/LAK 6/29/2022,Brock Faber,x,
Trade MIN/LAK 6/29/2022,Liam Ohgren,x,
Trade MIN/MTL 2/26/2018,Mike Reilly,a,
Trade MIN/MTL 2/26/2018,Matvey Guskov,a,
Trade MIN/NJD 6/21/2024,Adam Beckman,a,
Trade MIN/NJD 6/21/2024,Graeme Clarke,a,
Trade MIN/NSH 2/25/2019,Mikael Granlund,x,
Trade MIN/NSH 2/25/2019,Kevin Fiala,x,
Trade MIN/NSH 3/1/2025,Gustav Nyquist,a,
Trade MIN/NSH 3/1/2025,2026 2nd Round (MIN/NSH),a,
Trade MIN/NYI 6/26/2009,Calvin de Haan,a,
Trade MIN/NYI 6/26/2009,Nick Leddy,a,
Trade MIN/NYI 6/26/2009,Erik Haula,a,
Trade MIN/NYI 6/26/2009,Matt Hackett,a,
Trade MIN/PHI 6/27/2011,Jake Guentzel,a,
Trade MIN/PHI 6/27/2011,Darroll Powe,a,
Trade MIN/PHI 6/28/2024,Jett Luchanko,a,
Trade MIN/PHI 6/28/2024,Zeev Buium,a,
Trade MIN/PHI 6/28/2024,Gabriel D'Aigle,a,
Trade MIN/SJS 3/21/2022,Kaapo Kahkonen,a,
Trade MIN/SJS 3/21/2022,Jake Middleton,a,
Trade MIN/SJS 3/21/2022,Jake Furlong,a,
Trade MIN/SJS 6/24/2011,Brent Burns,a,
Trade MIN/SJS 6/24/2011,Pontus Aberg,a,
Trade MIN/SJS 6/24/2011,Devin Setoguchi,a,
Trade MIN/SJS 6/24/2011,Charlie Coyle,x,
Trade MIN/SJS 6/24/2011,Zack Phillips,x,
Trade MIN/TOR 3/8/2024,Connor Dewar,a,
Trade MIN/TOR 3/8/2024,Dmitry Ovchinnikov,a,
Trade MIN/TOR 3/8/2024,2026 4th Round (MIN/TOR),a,
Trade MIN/VGK 6/21/2017,Alex Tuch,a,
Trade MIN/VGK 6/21/2017,Connor Dewar,a,
Trade MIN/VGK 6/21/2017,Mathew Dumba,a,
Trade MIN/VGK 6/21/2017,Marco Scandella,a,
Trade MIN/WSH 2/28/2023,Marcus Johansson,a,
Trade MIN/WSH 2/28/2023,Logan Sawyer,a,
Trade MTL/ANA 3/7/2024,Jan Mysak,x,
Trade MTL/ANA 3/7/2024,Jacob Perreault,a,
Trade MTL/ANA 6/30/2019,Nicolas Deslauriers,a,
Trade MTL/ANA 6/30/2019,Brandon Coe,a,
Trade MTL/ANA 7/24/2021,Tyson Hinds,x,
Trade MTL/ANA 7/24/2021,Vinzenz Rohrer,a,
Trade MTL/ARI 2/25/2019,Michael Chaput,a,
Trade MTL/ARI 2/25/2019,Jordan Weal,x,
Trade MTL/BOS 6/28/2025,Benjamin Rautiainen,x,
Trade MTL/BOS 6/28/2025,Cooper Simpson,x,
Trade MTL/BOS 6/28/2025,Hayden Paupanekis,x,
Trade MTL/BUF 3/26/2021,Viljami Marjala,a,
Trade MTL/BUF 3/26/2021,Eric Staal,x,
Trade MTL/BUF 3/26/2021,Josh Bloom,a,
Trade MTL/CAR 6/28/2025,Alexander Zharovsky,x,
Trade MTL/CAR 6/28/2025,Semyon Frolov,x,
Trade MTL/CAR 6/28/2025,Charlie Cerrato,x,
Trade MTL/CAR 6/28/2025,Andrew MacNiel,x,
Trade MTL/CAR 9/4/2021,Jesperi Kotkaniemi,a,
Trade MTL/CAR 9/4/2021,Filip Bystedt,a,
Trade MTL/CAR 9/4/2021,Adam Engstrom,a,
Trade MTL/CGY 2/14/2002,Emil Heineman,a,
Trade MTL/CGY 2/14/2002,Tyler Toffoli,a,
Trade MTL/CGY 2/14/2002,Filip Mesar,a,
Trade MTL/CGY 2/14/2002,Tyler Pitlick,a,
Trade MTL/CGY 2/14/2002,Yevgeni Volokhin,a,
Trade MTL/CHI 10/7/2020,Louis Crevier,a,
Trade MTL/CHI 10/7/2020,Sam Lipkin,a,
Trade MTL/CHI 6/24/2016,Alex DeBrincat,a,
Trade MTL/CHI 6/24/2016,Andrew Shaw,a,
Trade MTL/CHI 6/24/2016,Chad Krys,a,
Trade MTL/COL 3/21/2022,Artturi Lehkonen,a,
Trade MTL/COL 3/21/2022,Justin Barron,a,
Trade MTL/COL 3/21/2022,Carter George,a,
Trade MTL/COL 6/27/2023,Alex Newhook,a,
Trade MTL/COL 6/27/2023,Mikhail Gulyayev,a,
Trade MTL/COL 6/27/2023,Ethan Gauthier,a,
Trade MTL/COL 6/27/2023,Gianni Fairbrother,a,
Trade MTL/DAL 2/26/2023,Evgenii Dadonov,a,
Trade MTL/DAL 2/26/2023,Denis Gurianov,a,
Trade MTL/DET 8/15/2023,Benjamin Rautiainen,x,
Trade MTL/DET 8/15/2023,Gustav Lindstrom,x,
Trade MTL/DET 8/15/2023,Jeff Petry,x,
Trade MTL/EDM 3/2/2015,Caleb Jones,x,
Trade MTL/EDM 3/2/2015,Jeff Petry,x,
Trade MTL/EDM 3/2/2015,Jonas Siegenthaler,x,
Trade MTL/EDM 6/23/2018,Jordan Harris,a,
Trade MTL/EDM 6/23/2018,Olivier Rodrigue,a,
Trade MTL/EDM 6/23/2018,Samuel Houde,a,
Trade MTL/FLA 3/16/2022,Ben Chiarot,a,
Trade MTL/FLA 3/16/2022,Ty Smilanic,a,
Trade MTL/FLA 3/16/2022,Mikhail Gulyayev,a,
Trade MTL/FLA 3/16/2022,Cedrick Guindon,a,
Trade MTL/FLA 6/30/2013,MacKenzie Weegar,a,
Trade MTL/FLA 6/30/2013,Hugo Fagerblom,a,
Trade MTL/LAK 3/3/2023,Frederic Allard,a,
Trade MTL/LAK 3/3/2023,Nate Schnarr,x,
Trade MTL/LAK 6/22/2019,Samuel Fagemo,a,
Trade MTL/LAK 6/22/2019,Mattias Norlinder,a,
Trade MTL/LAK 6/22/2019,Jacob LeGuerrier,a,
Trade MTL/MIN 7/24/2021,Joshua Roy,a,
Trade MTL/MIN 7/24/2021,Joe Vrbetic,a,
Trade MTL/MIN 7/24/2021,Josh Pillar,a,
Trade MTL/NJD 3/11/2024,Nathan Legare,x,
Trade MTL/NJD 3/11/2024,Arnaud Durandeau,x,
Trade MTL/NJD 3/21/2022,Andrew Hammond,a,
Trade MTL/NJD 3/21/2022,Nate Schnarr,x,
Trade MTL/NJD 3/8/2024,Jake Allen,a,
Trade MTL/NJD 3/8/2024,Arseni Radkov,a,
Trade MTL/NJD 6/30/2024,Johnathan Kovacevic,a,
Trade MTL/NJD 6/30/2024,2026 4th Round (MTL/NJD),a,
Trade MTL/NSH 1/7/2020,Michael McCarron,a,
Trade MTL/NSH 1/7/2020,Laurent Dauphin,a,
Trade MTL/NSH 12/18/2024,Alexandre Carrier,a,
Trade MTL/NSH 12/18/2024,Justin Barron,a,
Trade MTL/NSH 6/29/2016,Shea Weber,x,
Trade MTL/NSH 6/29/2016,PK Subban,a,
Trade MTL/NYI 6/27/2025,Noah Dobson,a,
Trade MTL/NYI 6/27/2025,Victor Eklund,a,
Trade MTL/NYI 6/27/2025,Kashawn Aitcheson,a,
Trade MTL/NYI 6/27/2025,Emil Heineman,a,
Trade MTL/NYR 6/20/2009,Ryan McDonagh,a,
Trade MTL/NYR 6/20/2009,Tom Pyatt,x,
Trade MTL/NYR 6/20/2009,Scott Gomez,a,
Trade MTL/NYR 6/20/2009,Pavel Valentenko,a,
Trade MTL/NYR 6/20/2009,Chris Higgins,a,
Trade MTL/NYR 6/20/2009,Michael Busto,a,
Trade MTL/NYR 6/20/2009,Doug Janik,a,
Trade MTL/NYR 7/30/2005,Marc-Andre Cliche,x,
Trade MTL/NYR 7/30/2005,Guillaume Latendresse,a,
Trade MTL/NYR 7/30/2005,Brodie Dupont,a,
Trade MTL/OTT 1/2/2020,Mike Reilly,a,
Trade MTL/OTT 1/2/2020,Jack Bar,a,
Trade MTL/OTT 1/2/2020,Andrew Sturtz,a,
Trade MTL/PHI 2/9/2019,Byron Froese,x,
Trade MTL/PHI 2/9/2019,Christian Folin,a,
Trade MTL/PHI 2/9/2019,Dale Weise,a,
Trade MTL/PHI 2/9/2019,David Schlemko,a,
Trade MTL/PHX 6/28/2014,Michael Bunting,a,
Trade MTL/PHX 6/28/2014,Brett Lernout,a,
Trade MTL/PHX 6/28/2014,Anton Karlsson,a,
Trade MTL/PIT 2/20/2020,Jake Lucchini,a,
Trade MTL/PIT 2/20/2020,Riley Barber,a,
Trade MTL/PIT 2/20/2020,Phil Varone,a,
Trade MTL/PIT 2/20/2020,Joseph Blandisi,a,
Trade MTL/PIT 7/16/2022,Bogdan Konyushkov,x,
Trade MTL/PIT 7/16/2022,Jeff Petry,x,
Trade MTL/PIT 7/16/2022,Mike Matheson,x,
Trade MTL/PIT 7/16/2022,Ryan Poehling,x,
Trade MTL/SJS 6/23/2018,Mikael Hakkarainen,x,
Trade MTL/SJS 6/23/2018,Jack Gorniak,x,
Trade MTL/SJS 6/23/2018,Jasper Weatherby,a,
Trade MTL/STL 7/1/2025,Zachary Bolduc,a,
Trade MTL/STL 7/1/2025,Logan Mailloux,a,
Trade MTL/TBL 1/26/2017,Cole Guttman,a,
Trade MTL/TBL 1/26/2017,Nikita Nesterov,a,
Trade MTL/TBL 1/26/2017,Jonathan Racine,a,
Trade MTL/TBL 10/7/2020,Oliver Kapanen,a,
Trade MTL/TBL 10/7/2020,Jack Finley,a,
Trade MTL/TBL 10/7/2020,Sean Farrell,a,
Trade MTL/TBL 6/15/2017,Jonathan Drouin,a,
Trade MTL/TBL 6/15/2017,Mikhail Sergachev,a,
Trade MTL/VAN 9/19/2023,Casey DeSmith,x,
Trade MTL/VAN 9/19/2023,Tanner Pearson,x,
Trade MTL/VAN 9/19/2023,Cooper Simpson,x,
Trade MTL/VGK 2/24/2020,Nick Cousins,a,
Trade MTL/VGK 2/24/2020,Dylan Duke,a,
Trade MTL/VGK 9/10/2018,Tomas Tatar,a,
Trade MTL/VGK 9/10/2018,Samuel Fagemo,a,
Trade MTL/VGK 9/10/2018,Nick Suzuki,x,
Trade MTL/VGK 9/10/2018,Max Pacioretty,a,
Trade MTL/WPG 9/20/2012,Eric Comrie,a,
Trade MTL/WPG 9/20/2012,Daultan Leveille,a,
Trade MTL/WSH 7/1/2023,Joel Edmundson,a,
Trade MTL/WSH 7/1/2023,Makar Khanin,a,
Trade MTL/WSH 7/1/2023,Logan Sawyer,a,
Trade NJ/SJS 7/2/2025,Thomas Bordeleau,a,
Trade NJ/SJS 7/2/2025,Shane Bowers,a,
Trade NJD/ANA 11/30/2017,Adam Henrique,a,
Trade NJD/ANA 11/30/2017,Daniil Misyul,a,
Trade NJD/ANA 11/30/2017,Sami Vatanen,a,
Trade NJD/ANA 11/30/2017,Joseph Blandisi,a,
Trade NJD/ANA 11/30/2017,Blake McLaughlin,a,
Trade NJD/ANA 12/12/2011,Jaycob Megna,a,
Trade NJD/ANA 12/12/2011,Timo Pielmeier,a,
Trade NJD/ANA 12/12/2011,Rod Pelley,a,
Trade NJD/ANA 12/12/2011,Kurtis Foster,a,
Trade NJD/ANA 12/12/2011,Mark Fraser,a,
Trade NJD/ANA 3/6/2025,Brian Dumoulin,x,
Trade NJD/ANA 3/6/2025,Herman Traff,a,
Trade NJD/ANA 3/6/2025,Lasse Boelius,a,
Trade NJD/ANA 6/26/2015,Rem Pitlick,x,
Trade NJD/ANA 6/26/2015,Kyle Palmieri,x,
Trade NJD/ANA 6/26/2015,Ryan Gropp,x,
Trade NJD/ARI 10/28/2017,Scott Wedgewood,a,
Trade NJD/ARI 10/28/2017,Akira Schmid,a,
Trade NJD/ATL 2/4/2010,Justin Holl,a,
Trade NJD/ATL 2/4/2010,Jon Merrill,a,
Trade NJD/ATL 2/4/2010,Kevin Hayes,a,
Trade NJD/ATL 2/4/2010,Patrice Cormier,a,
Trade NJD/ATL 2/4/2010,Niclas Bergfors,a,
Trade NJD/ATL 2/4/2010,Ilya Kovalchuk,a,
Trade NJD/ATL 2/4/2010,Johnny Oduya,a,
Trade NJD/ATL 2/4/2010,Anssi Salmela,a,
Trade NJD/BOS 7/13/2022,Pavel Zacha,x,
Trade NJD/BOS 7/13/2022,Erik Haula,a,
Trade NJD/BOS/EDM 3/4/2025,Trent Frederic,x,
Trade NJD/BOS/EDM 3/4/2025,Max Jones,x,
Trade NJD/BOS/EDM 3/4/2025,Shane Lachance,a,
Trade NJD/BOS/EDM 3/4/2025,Petr Hauser,a,
Trade NJD/BOS/EDM 3/4/2025,Max Wanner,a,
Trade NJD/BOS/EDM 3/4/2025,William Moore,a,
Trade NJD/BOS/EDM 3/4/2025,2026 4th Round (NJD/BOS/EDM),a,
Trade NJD/CAR 1/20/2012,Jaccob Slavin,a,
Trade NJD/CAR 1/20/2012,Alexei Ponikarovsky,a,
Trade NJD/CAR 1/20/2012,Joe Sova,a,
Trade NJD/CGY 6/26/2009,Nicolas Deslauriers,a,
Trade NJD/CGY 6/26/2009,Tim Erixon,a,
Trade NJD/CGY 6/26/2009,Jacob Josefson,,
Trade NJD/COL 2/29/2016,Fabian Zetterlund,x,
Trade NJD/COL 2/29/2016,Eric Gelinas,,
Trade NJD/EDM 4/12/2021,Dmitry Kulikov,a,
Trade NJD/EDM 4/12/2021,Charles Leddy,a,
Trade NJD/EDM 6/29/2016,Taylor Hall,,
Trade NJD/EDM 6/29/2016,Adam Larsson,a,
Trade NJD/FLA 6/10/2016,Martin Fehervary,a,
Trade NJD/FLA 6/10/2016,Paul Thompson b.1988,a,
Trade NJD/FLA 6/10/2016,Marc Savard,a,
Trade NJD/FLA 6/10/2016,Graham Black,,
Trade NJD/NSH 2/6/2019,Brian Boyle,x,
Trade NJD/NSH 2/6/2019,Dillon Hamaliuk,x,
Trade NJD/NSH 6/2/2019,Marat Khusnutdinov,a,
Trade NJD/NSH 6/2/2019,Bobby Brink,a,
Trade NJD/NSH 6/2/2019,Steven Santini,a,
Trade NJD/NSH 6/2/2019,PK Subban,a,
Trade NJD/NSH 6/2/2019,Jeremy Davies,a,
Trade NJD/NYI 11/26/2023,Arnaud Durandeau,x,
Trade NJD/NYI 11/26/2023,Tyce Thompson,a,
Trade NJD/NYI 3/7/2025,Adam Beckman,a,
Trade NJD/NYI 3/7/2025,Dennis Cholowski,a,
Trade NJD/NYI 4/7/2021,Mason Jobst,,
Trade NJD/NYI 4/7/2021,AJ Greer,a,
Trade NJD/NYI 4/7/2021,Kyle Palmieri,x,
Trade NJD/NYI 4/7/2021,Chase Stillman,a,
Trade NJD/NYI 4/7/2021,Travis Zajac,,
Trade NJD/NYI 4/7/2021,Daniil Orlov,a,
Trade NJD/NYR 2/22/2018,Michael Grabner,x,
Trade NJD/NYR 2/22/2018,Yegor Rykov,,
Trade NJD/NYR 2/22/2018,Jonathan Tychonick,,
Trade NJD/OTT 6/27/2015,Gabriel Gagne,,
Trade NJD/OTT 6/27/2015,Mackenzie Blackwood,a,
Trade NJD/OTT 6/27/2015,Joey Anderson,a,
Trade NJD/PHX 6/30/2013,Steven Santini,a,
Trade NJD/PHX 6/30/2013,Laurent Dauphin,a,
Trade NJD/PHX 6/30/2013,Ryan Kujawinski,,
Trade NJD/PIT 7/16/2022,Ty Smith,,
Trade NJD/PIT 7/16/2022,John Marino,a,
Trade NJD/PIT 7/16/2022,Drew Fortescue,a,
Trade NJD/SJS 10/1/2006,David Perron,a,
Trade NJD/SJS 10/1/2006,Vladimir Malakhov,,
Trade NJD/SJS 10/1/2006,Jim Fahey,a,
Trade NJD/SJS 10/1/2006,Alexander Korolyuk,a,
Trade NJD/SJS 2/26/2023,Adam Kleber,x,
Trade NJD/SJS 2/26/2023,Zachary Emond,x,
Trade NJD/SJS 2/26/2023,Shakir Mukhamadullin,x,
Trade NJD/SJS 2/26/2023,Santeri Hatakka,x,
Trade NJD/SJS 2/26/2023,Timo Meier,x,
Trade NJD/SJS 2/26/2023,Fabian Zetterlund,x,
Trade NJD/SJS 2/26/2023,Timur Ibragimov,x,
Trade NJD/SJS 2/26/2023,Nikita Okhotiuk,a,
Trade NJD/SJS 2/26/2023,Scott Harrington,x,
Trade NJD/SJS 2/26/2023,Andreas Johnsson,x,
Trade NJD/SJS 2/26/2023,Ales Cech,x,
Trade NJD/SJS 2/26/2023,Austin Baker,x,
Trade NJD/SJS 2/26/2023,Quentin Musty,x,
Trade NJD/SJS 6/17/2017,Mario Ferraro,a,
Trade NJD/SJS 6/17/2017,Marian Studenic,,
Trade NJD/SJS 6/17/2017,Mirco Mueller,,
Trade NJD/SJS 6/17/2017,Brandon Crawley,,
Trade NJD/SJS 6/22/2019,Alexei Protas,x,
Trade NJD/SJS 6/22/2019,Michael Vukojevic,x,
Trade NJD/SJS 6/22/2019,Dillon Hamaliuk,x,
Trade NJD/SJS 6/27/2023,Mackenzie Blackwood,a,
Trade NJD/SJS 6/27/2023,Cole Brown,a,
Trade NJD/SJS 7/26/2021,Christian Jaros,,
Trade NJD/SJS 7/26/2021,Nick Merkley,x,
Trade NJD/STL 3/22/2013,Niko Mikkola,a,
Trade NJD/STL 3/22/2013,Matt D'Agostini,,
Trade NJD/STL 3/22/2013,Ryan Bednard,,
Trade NJD/TBL 2/16/2020,Blake Coleman,,
Trade NJD/TBL 2/16/2020,Shakir Mukhamadullin,x,
Trade NJD/TBL 2/16/2020,Nolan Foote,a,
Trade NJD/TOR 10/4/2011,David Steckel,x,
Trade NJD/TOR 10/4/2011,Ben Thomson,,
Trade NJD/UTH 6/29/2024,John Marino,a,
Trade NJD/UTH 6/29/2024,Ales Cech,x,
Trade NJD/UTH 6/29/2024,Mikhail Yegorov,a,
Trade NJD/UTH 6/29/2024,Ben Kevan,a,
Trade NJD/VGK 7/29/2019,Lukas Cormier,a,
Trade NJD/VGK 7/29/2019,Nikita Gusev,,
Trade NJD/VGK 7/29/2019,Shai Buium,a,
Trade NJD/WPG 3/8/2024,Colin Miller,a,
Trade NJD/WPG 3/8/2024,2026 4th Round (NJD/WPG),a,
Trade NJD/WSH 4/11/2021,Ryder Korczak,x,
Trade NJD/WSH 4/11/2021,Jonas Siegenthaler,x,
Trade NJD/WSH 6/22/2019,Alexei Protas,x,
Trade NJD/WSH 6/22/2019,Arseny Gritsyuk,x,
Trade NJD/WSH 6/22/2019,Case McCarthy,x,
Trade NSH/CAR 7/23/2021,Scott Morrow b.2002,a,
Trade NSH/CAR 7/23/2021,Zachary L'Heureux,a,
Trade NSH/CAR 7/23/2021,Ville Koivunen,a,
Trade NSH/CBJ 6/30/2022,Mathieu Olivier,a,
Trade NSH/CBJ 6/30/2022,Dennis Hildeby,a,
Trade NSH/CHI 2/26/2018,Philipp Kurashev,a,
Trade NSH/CHI 2/26/2018,Spencer Stastney,a,
Trade NSH/CHI 2/26/2018,Ryan Hartman,a,
Trade NSH/CHI 2/26/2018,Victor Ejdsell,,
Trade NSH/CHI 2/26/2018,Nicolas Beaudin,,
Trade NSH/COL 6/24/2023,Ryan Johansen,x,
Trade NSH/COL 6/24/2023,Alex Galchenyuk,x,
Trade NSH/DET 6/29/2023,Brady Cleveland,x,
Trade NSH/DET 6/29/2023,Felix Nilsson,a,
Trade NSH/DET 6/29/2023,Kevin Bicker,a,
Trade NSH/MIN 10/7/2020,Marat Khusnutdinov,a,
Trade NSH/MIN 10/7/2020,Adam Wilsby,a,
Trade NSH/MIN 10/7/2020,Nick Bonino,a,
Trade NSH/MIN 10/7/2020,Luke Kunin,a,
Trade NSH/MIN 10/7/2020,Eemil Viro,a,
Trade NSH/MIN 6/22/2019,Adam Beckman,a,
Trade NSH/MIN 6/22/2019,Eemil Viro,a,
Trade NSH/NJD 6/18/2025,Erik Haula,a,
Trade NSH/NJD 6/18/2025,Jeremy Hanzel,a,
Trade NSH/NJD 6/18/2025,Trenten Bennett,a,
Trade NSH/OTT 10/10/2020,Austin Watson,a,
Trade NSH/OTT 10/10/2020,Jack Matier,a,
Trade NSH/OTT 12/21/2020,Michael Carcone,x,
Trade NSH/OTT 12/21/2020,Zachary Magwood,,
Trade NSH/OTT 2/10/2011,Stefan Noesen,a,
Trade NSH/OTT 2/10/2011,Mike Fisher,,
Trade NSH/OTT 2/10/2011,Jarrod Maidens,a,
Trade NSH/OTT 6/20/2008,Erik Karlsson,x,
Trade NSH/OTT 6/20/2008,Taylor Beck,x,
Trade NSH/OTT 6/20/2008,Chet Pickard,x,
Trade NSH/OTT 6/27/2025,Cameron Reid,a,
Trade NSH/OTT 6/27/2025,Logan Hensler,a,
Trade NSH/OTT 6/27/2025,Kurban Limatov,a,
Trade NSH/PIT 3/1/2023,Mikael Granlund,x,
Trade NSH/PIT 3/1/2023,Kalan Lind,x,
Trade NSH/PIT 6/27/2014,Patric Hornqvist,x,
Trade NSH/PIT 6/27/2014,James Neal,x,
Trade NSH/PIT 6/27/2014,Nick Spaling,x,
Trade NSH/SJS 2/25/2018,John Leonard,a,
Trade NSH/SJS 2/25/2018,Troy Grosenick,a,
Trade NSH/SJS 2/25/2018,Brandon Bollig,,
Trade NSH/SJS 6/28/2014,Justin Kirkland,a,
Trade NSH/SJS 6/28/2014,Alexis Vanier,,
Trade NSH/SJS 6/28/2014,Alex Schoenborn,,
Trade NSH/SJS 7/8/2022,Luke Kunin,a,
Trade NSH/SJS 7/8/2022,John Leonard,a,
Trade NSH/SJS 7/8/2022,Jesse Kiiskinen,a,
Trade NSH/SJS 8/23/2024,Yaroslav Askarov,a,
Trade NSH/SJS 8/23/2024,Magnus Chrona,a,
Trade NSH/SJS 8/23/2024,Nolan Burke,a,
Trade NSH/SJS 8/23/2024,David Edstrom,a,
Trade NSH/SJS 8/23/2024,Ryker Lee,a,
Trade NSH/SJS 8/23/2024,Tyler Hopkins,a,
Trade NSH/TBL 2/26/2023,Tanner Jeannot,a,
Trade NSH/TBL 2/26/2023,Cal Foote,,
Trade NSH/TBL 2/26/2023,Leo Sahlin Wallenius,a,
Trade NSH/TBL 2/26/2023,Jayson Shaugabay,a,
Trade NSH/TBL 2/26/2023,Kevin Bicker,a,
Trade NSH/TBL 2/26/2023,Dylan MacKinnon,a,
Trade NSH/TBL 2/26/2023,Logan Hensler,a,
Trade NSH/WSH 3/9/2006,Semyon Varlamov,a,
Trade NSH/WSH 3/9/2006,Brendan Witt,,
Trade NSH/WSH 3/9/2006,Kris Beech,,
Trade NYI/ANA 3/6/2025,Oliver Kylington,x,
Trade NYI/BOS 10/4/2014,Brandon Carlo,x,
Trade NYI/BOS 10/4/2014,Ryan Lindgren,a,
Trade NYI/BOS 10/4/2014,Johnny Boychuk,,
Trade NYI/BUF 3/2/2015,Will Lockwwod,,
Trade NYI/BUF 3/2/2015,Chad Johnson,,
Trade NYI/BUF 3/2/2015,Michal Neuvirth,x,
Trade NYI/CGY 6/24/2017,Noah Dobson,a,
Trade NYI/CGY 6/24/2017,Samuel Bolduc,a,
Trade NYI/CGY 6/24/2017,Ruslan Iskhakov,a,
Trade NYI/CGY 6/24/2017,Travis Hamonic,,
Trade NYI/CGY 6/24/2017,Lucas Feuk,,
Trade NYI/CHI 5/24/2024,Jesse Pulkkinen,x,
Trade NYI/CHI 5/24/2024,Nikita Artamonov,x,
Trade NYI/CHI 5/24/2024,Sacha Boisvert,x,
Trade NYI/CHI 5/24/2024,Cole Eiserman,x,
Trade NYI/CHI 5/24/2024,Kamil Bednarik,x,
Trade NYI/CHI 6/25/2010,Brock Nelson,a,
Trade NYI/CHI 6/25/2010,Kent Simpson,,
Trade NYI/CHI 6/25/2010,Ludvig Rensfeldt,a,
Trade NYI/FLA 6/28/2014,Anthony Cirelli,a,
Trade NYI/FLA 6/28/2014,Juho Lammikko,,
Trade NYI/MIN 6/30/2013,Cal Clutterbuck,,
Trade NYI/MIN 6/30/2013,Nino Niederreiter,a,
Trade NYI/MIN 6/30/2013,Eamon McAdam,,
Trade NYI/MTL 7/7/2022,Frank Nazar,a,
Trade NYI/MTL 7/7/2022,Isaiah George,a,
Trade NYI/MTL 7/7/2022,Alexander Romanov,a,
Trade NYI/OTT 2/24/2020,Jean-Gabriel Pageau,a,
Trade NYI/OTT 2/24/2020,Ridly Greig,a,
Trade NYI/OTT 2/24/2020,Roni Hirvonen,a,
Trade NYI/OTT 6/26/2009,Kyle Palmieri,x,
Trade NYI/OTT 6/26/2009,Chris Campoli,,
Trade NYI/OTT 6/26/2009,Mike Comrie,,
Trade NYI/OTT 6/26/2009,Dean McAmmond,,
Trade NYI/PHI 3/4/2014,Brandon Carlo,x,
Trade NYI/PHI 3/4/2014,Ilya Sorokin,a,
Trade NYI/PHI 3/4/2014,Andrew MacDonald,,
Trade NYI/PHI 3/4/2014,Matt Mangene,x,
Trade NYI/PHX 3/9/2006,Brad Marchand,x,
Trade NYI/PHX 3/9/2006,Brett Bennett,x,
Trade NYI/PHX 3/9/2006,Oleg Kvasha,,
Trade NYI/SJS 6/5/2014,Rudolfs Balcers,x,
Trade NYI/SJS 6/5/2014,Dan Boyle,x,
Trade NYI/STL 1/27/2025,Scott Perunovich,a,
Trade NYI/STL 1/27/2025,2026 5th Round (NYI/STL),a,
Trade NYI/TBL 7/1/2017,Carter Verhaeghe,x,
Trade NYI/TBL 7/1/2017,Kristers Gudlevskis,,
Trade NYI/TOR 9/17/2015,Carter Verhaeghe,x,
Trade NYI/TOR 9/17/2015,Tom Nilsson,x,
Trade NYI/TOR 9/17/2015,Taylor Beck,x,
Trade NYI/TOR 9/17/2015,Christopher Gibson,x,
Trade NYI/TOR 9/17/2015,Michael Grabner,x,
Trade NYI/TOR 9/17/2015,Matthew Finn,x,
Trade NYI/VAN 1/30/2023,Anthony Beauvillier,x,
Trade NYI/VAN 1/30/2023,Bo Horvat,a,
Trade NYI/VAN 1/30/2023,Axel Sandin Pellikka,a,
Trade NYI/VAN 1/30/2023,Aatu Raty,a,
Trade NYI/VAN 6/28/2011,Josh Anderson,a,
Trade NYI/VAN 6/28/2011,Christian Ehrhoff,,
Trade NYI/WSH 5/1/2014,Igor Shesterkin,a,
Trade NYI/WSH 5/1/2014,Jaroslav Halak,x,
Trade NYR/ANA 6/27/2015,Carl Hagelin,x,
Trade NYR/ANA 6/27/2015,Emerson Etem,,
Trade NYR/ANA 6/27/2015,Ryan Gropp,x,
Trade NYR/ANA 6/27/2015,Julius Nattinen,,
Trade NYR/ANA 6/27/2015,Garrett Metcalf,,
Trade NYR/ARI 6/23/2017,Antti Raanta,,
Trade NYR/ARI 6/23/2017,Anthony DeAngelo,a,
Trade NYR/ARI 6/23/2017,Derek Stepan,a,
Trade NYR/ARI 6/23/2017,Lias Andersson,a,
Trade NYR/BOS 9/11/2018,Jake Schmaltz,x,
Trade NYR/BOS 9/11/2018,Steven Kampfer,,
Trade NYR/BOS 9/11/2018,Adam McQuaid,a,
Trade NYR/BOS 9/11/2018,Cade Webber,a,
Trade NYR/BUF 7/1/2019,Jimmy Vesey,x,
Trade NYR/BUF 7/1/2019,Jayden Grubbe,a,
Trade NYR/CAR 2/24/2020,Hendrix Lapierre,x,
Trade NYR/CAR 2/24/2020,Brady Skjei,a,
Trade NYR/CAR 7/1/2025,K'Andre Miller,a,
Trade NYR/CAR 7/1/2025,Scott Morrow b.2002,a,
Trade NYR/CAR 7/1/2025,2026 2nd Round (NYR/CAR),a,
Trade NYR/CAR 7/1/2025,2026/27 1st Round (NYR/CAR),a,
Trade NYR/CBJ 2/25/2019,Adam McQuaid,a,
Trade NYR/CBJ 2/25/2019,Hunter Skinner,a,
Trade NYR/CBJ 2/25/2019,Eric Ciccolini,,
Trade NYR/CBJ 2/25/2019,Julius Bergman,x,
Trade NYR/CBJ 7/23/2012,Tim Erixon,a,
Trade NYR/CBJ 7/23/2012,Steven Delisle,,
Trade NYR/CBJ 7/23/2012,Pavel Buchnevich,a,
Trade NYR/CBJ 7/23/2012,Rick Nash,a,
Trade NYR/CBJ 7/23/2012,Artem Anisimov,a,
Trade NYR/CBJ 7/23/2012,Brandon Dubinsky,,
Trade NYR/CBJ 7/23/2012,Kerby Rychel,a,
Trade NYR/COL 2/26/2018,Ryan Graves,a,
Trade NYR/COL 2/26/2018,Chris Bigras,,
Trade NYR/COL 7/7/2022,Alexandar Georgiev,x,
Trade NYR/COL 7/7/2022,Emil Pieniniemi,a,
Trade NYR/COL 7/7/2022,Maxim Barbashev,,
Trade NYR/COL 7/7/2022,Bryce Mcconnell-Barker,a,
Trade NYR/DET 2/28/2017,Brendan Smith,a,
Trade NYR/DET 2/28/2017,Jonatan Berggren,a,
Trade NYR/DET 2/28/2017,Zachary Gallant,,
Trade NYR/EDM 11/16/2018,Ryan Strome,X,
Trade NYR/EDM 11/16/2018,Ryan Spooner,a,
Trade NYR/FLA 11/8/2016,Steven Kampfer,,
Trade NYR/FLA 11/8/2016,Dylan McIlrath,a,
Trade NYR/LAK 2/5/2007,Marc-Andre Cliche,x,
Trade NYR/LAK 2/5/2007,Sean Avery,,
Trade NYR/LAK 2/5/2007,Corey Fienhage,a,
Trade NYR/LAK 2/5/2007,John Seymour,,
Trade NYR/LAK 2/5/2007,Jason Ward,,
Trade NYR/MIN 11/23/2022,Ryan Reaves,a,
Trade NYR/MIN 11/23/2022,Quinn Beauchesne,a,
Trade NYR/OTT 10/7/2019,Vladislav Namestnikov,a,
Trade NYR/OTT 10/7/2019,Kalle Vaisanen,a,
Trade NYR/OTT 10/7/2019,Nick Ebert,,
Trade NYR/OTT 2/19/2023,Tyler Motte,a,
Trade NYR/OTT 2/19/2023,Julien Gauthier,a,
Trade NYR/OTT 2/19/2023,Nicholas Vantassell,a,
Trade NYR/OTT 6/22/2018,K'Andre Miller,a,
Trade NYR/OTT 6/22/2018,Jacob Bernard-Docker,x,
Trade NYR/OTT 6/22/2018,Jonathan Tychonick,,
Trade NYR/OTT 7/18/2016,Jonatan Berggren,a,
Trade NYR/OTT 7/18/2016,Mika Zibanejad,a,
Trade NYR/OTT 7/18/2016,Derick Brassard,a,
Trade NYR/OTT 7/18/2016,Luke Loheit,,
Trade NYR/QUE 1/17/1991,Aaron Miller,x,
Trade NYR/QUE 1/17/1991,Joe Cirella,,
Trade NYR/QUE 1/17/1991,Bill Lindsay,,
Trade NYR/SEA 12/18/2024,Will Borgen,a,
Trade NYR/SEA 12/18/2024,Kaapo Kakko,a,
Trade NYR/SEA 12/18/2024,Sean Barnhill,a,
Trade NYR/SEA 12/18/2024,Samuel Jung,,
Trade NYR/SJS 3/1/2015,Noah Gregor,x,
Trade NYR/SJS 3/1/2015,James Sheppard,,
Trade NYR/SJS 6/30/2003,Ryan Callahan,x,
Trade NYR/SJS 6/30/2003,Mark Messier,,
Trade NYR/TBL 1/26/2025,Lucas Edmonds,x,
Trade NYR/TBL 1/26/2025,Ryder Korczak,x,
Trade NYR/TBL 3/5/2014,Ziyat Paigin,x,
Trade NYR/TBL 3/5/2014,Josh Ho-Sang,x,
Trade NYR/TBL 3/5/2014,Ryan Callahan,x,
Trade NYR/TBL 3/5/2014,Martin St Louis,x,
Trade NYR/TBL 3/5/2014,Anthony Beauvillier,x,
Trade NYR/TBL 3/5/2014,Oliver Kylington,x,
Trade NYR/TBL 6/1/2015,Daniel Walcott,x,
Trade NYR/TBL 6/1/2015,Ziyat Paigin,x,
Trade NYR/VAN 3/5/2014,Adam Gaudette,a,
Trade NYR/VAN 3/5/2014,Raphael Diaz,,
Trade NYR/VAN 3/6/2025,Carson Soucy,a,
Trade NYR/VAN 3/6/2025,Kieren Dervin,a,
Trade NYR/VGK 7/29/2021,Ryan Reaves,a,
Trade NYR/VGK 7/29/2021,Nicholas Moldenhauer,a,
Trade NYR/WPG 3/21/2022,Brad Lambert,a,
Trade NYR/WPG 3/21/2022,Andrew Copp,a,
Trade NYR/WPG 3/21/2022,Morgan Barron,a,
Trade NYR/WPG 3/21/2022,Elias Salomonsson,a,
Trade NYR/WPG 3/21/2022,Thomas Milic,a,
Trade NYR/WPG 3/21/2022,Dylan Roobroeck,a,
Trade OTT/ANA 10/8/2020,Erik Gudbranson,x,
Trade OTT/ANA 10/8/2020,Gage Alexander,a,
Trade OTT/ANA 7/5/2013,Stefan Noesen,a,
Trade OTT/ANA 7/5/2013,Jakob Silfverberg,,
Trade OTT/ANA 7/5/2013,Nick Ritchie,a,
Trade OTT/ANA 7/5/2013,Bobby Ryan,a,
Trade OTT/BOS 4/11/2021,Mike Reilly,a,
Trade OTT/BOS 4/11/2021,Tomas Hamara,a,
Trade OTT/BOS 6/24/2024,Mark Kastelic,x,
Trade OTT/BOS 6/24/2024,Joonas Korpisalo,x,
Trade OTT/BOS 6/24/2024,Dean Letourneau,x,
Trade OTT/BOS 6/24/2024,Linus Ullmark,x,
Trade OTT/CBJ 2/22/2019,Vitaly Abramov,a,
Trade OTT/CBJ 2/22/2019,Lassi Thomson,a,
Trade OTT/CBJ 2/22/2019,Jonathan Davidsson,a,
Trade OTT/CBJ 2/22/2019,Julius Bergman,x,
Trade OTT/CBJ 2/22/2019,Matt Duchene,a,
Trade OTT/CBJ 2/23/2019,Tyler Angle,,
Trade OTT/CBJ 2/23/2019,Anthony Duclair,a,
Trade OTT/CBJ 2/23/2019,Joel Blomqvist,a,
Trade OTT/CBJ 2/23/2019,Ryan Dzingel,a,
Trade OTT/CBJ 2/23/2019,Josh Doan,a,
Trade OTT/CBJ 6/25/2011,TJ Tynan,a,
Trade OTT/CBJ 6/25/2011,Nikita Filatov,,
Trade OTT/CHI 2/22/2023,Nikita Zaitsev,x,
Trade OTT/CHI 2/22/2023,Roman Kantserov,a,
Trade OTT/CHI 2/22/2023,2026 4th Round (OTT/CHI),x,
Trade OTT/CHI 7/7/2022,Kevin Korchinski,a,
Trade OTT/CHI 7/7/2022,AJ Spellacy,a,
Trade OTT/CHI 7/7/2022,Alex DeBrincat,a,
Trade OTT/CHI 7/7/2022,Paul Ludwinski,a,
Trade OTT/COL 2/24/2020,Vladislav Namestnikov,a,
Trade OTT/COL 2/24/2020,Jack Matier,a,
Trade OTT/DAL 7/1/2014,Mackenzie Blackwood,a,
Trade OTT/DAL 7/1/2014,Nick Paul,a,
Trade OTT/DAL 7/1/2014,Alex Chiasson,,
Trade OTT/DAL 7/1/2014,Jason Spezza,,
Trade OTT/DAL 7/8/2009,Mark Stone,a,
Trade OTT/DAL 7/8/2009,Alex Auld,,
Trade OTT/EDM 3/5/2014,Sergey Zborovskiy,x,
Trade OTT/EDM 3/5/2014,Liam Coughlin,x,
Trade OTT/EDM 3/5/2014,Ales Hemsky,x,
Trade OTT/EDM 7/15/2024,Roby Jarventie,a,
Trade OTT/EDM 7/15/2024,Xavier Bourgault,a,
Trade OTT/EDM 7/15/2024,David Lewandowski,a,
Trade OTT/EDM 7/15/2024,Jake Chiasson,a,
Trade OTT/MIN 7/12/2022,Cam Talbot,x,
Trade OTT/MIN 7/12/2022,Filip Gustavsson,x,
Trade OTT/MTL 2/24/2020,Louis Crevier,a,
Trade OTT/MTL 2/24/2020,Matthew Peca,,
Trade OTT/MTL 2/24/2020,Aaron Luchuk,x,
Trade OTT/NJD 6/24/2016,Brandon Gignac,,
Trade OTT/NJD 6/24/2016,Michael McLeod,,
Trade OTT/NJD 6/24/2016,Logan Brown,a,
Trade OTT/NSH 4/12/2021,Erik Gudbranson,x,
Trade OTT/NSH 4/12/2021,Vladimir Nikitin,a,
Trade OTT/NSH 4/12/2021,Brandon Fortunato,x,
Trade OTT/PHX 12/17/2011,Anthony Stolarz,x,
Trade OTT/PHX 12/17/2011,Kyle Turris,a,
Trade OTT/PHX 12/17/2011,David Rundblad,a,
Trade OTT/SJS 10/24/2021,Dylan Gambrell,a,
Trade OTT/SJS 10/24/2021,Adam Zlnka,,
Trade OTT/SJS 3/7/2025,Noah Gregor,x,
Trade OTT/SJS 3/7/2025,Zack Ostapchuk,x,
Trade OTT/SJS 3/7/2025,Fabian Zetterlund,x,
Trade OTT/SJS 3/7/2025,Tristen Robins,x,
Trade OTT/SJS 3/7/2025,Cole Mckinney,x,
Trade OTT/SJS 3/7/2025,Lucas Beckman,x,
Trade OTT/SJS 6/19/2018,Tyler Tullio,x,
Trade OTT/SJS 6/19/2018,Mike Hoffman b.1989,x,
Trade OTT/SJS 6/19/2018,Mikkel Boedker,x,
Trade OTT/SJS 6/19/2018,Philippe Daoust,x,
Trade OTT/SJS 6/19/2018,Julius Bergman,x,
Trade OTT/SJS 6/19/2018,Cody Donaghey,x,
Trade OTT/SJS 9/13/2018,Chris Tierney,x,
Trade OTT/SJS 9/13/2018,Joshua Norris,x,
Trade OTT/SJS 9/13/2018,Tim Stutzle,x,
Trade OTT/SJS 9/13/2018,Zack Ostapchuk,x,
Trade OTT/SJS 9/13/2018,Erik Karlsson,x,
Trade OTT/SJS 9/13/2018,Rudolfs Balcers,x,
Trade OTT/SJS 9/13/2018,Dylan DeMelo,x,
Trade OTT/SJS 9/13/2018,Jamieson Rees,x,
Trade OTT/SJS 9/13/2018,Francis Perron,x,
Trade OTT/STL 7/2/2024,Mathieu Joseph,a,
Trade OTT/STL 7/2/2024,Mateo Nobert,a,
Trade OTT/TOR 2/9/2016,Tobias Lindberg,,
Trade OTT/TOR 2/9/2016,Ryan Rupert,a,
Trade OTT/TOR 2/9/2016,Dion Phaneuf,,
Trade OTT/TOR 2/9/2016,Colin Greening,,
Trade OTT/TOR 2/9/2016,Milan Michalek,,
Trade OTT/TOR 2/9/2016,Jared Cowen,,
Trade OTT/TOR 2/9/2016,Matt Frattin,,
Trade OTT/TOR 2/9/2016,Eemeli Rasanen,,
Trade OTT/TOR 2/9/2016,Casey Bailey,,
Trade OTT/TOR 2/9/2016,Cody Donaghey,x,
Trade OTT/TOR 7/1/2019,Nikita Zaitsev,x,
Trade OTT/TOR 7/1/2019,Connor Brown,x,
Trade OTT/TOR 7/1/2019,Cody Ceci,x,
Trade OTT/TOR 7/1/2019,Alex Laferriere,x,
Trade OTT/TOR 7/1/2019,Michael Carcone,x,
Trade OTT/TOR 7/1/2019,Ben Harpur,a,
Trade OTT/TOR 7/1/2019,Aaron Luchuk,a,
Trade OTT/VAN 3/20/2022,Elias Pettersson b.2004,a,
Trade OTT/VAN 3/20/2022,Travis Hamonic,,
Trade OTT/VGK 7/28/2021,Evgenii Dadonov,a,
Trade OTT/VGK 7/28/2021,Elias Pettersson b.2004,a,
Trade OTT/VGK 7/28/2021,Nick Holden,,
Trade OTT/WPG 2/18/2020,Leevi Merilainen,x,
Trade OTT/WPG 2/18/2020,Dylan DeMelo,x,
Trade OTT/WSH 7/13/2022,Connor Brown,x,
Trade OTT/WSH 7/13/2022,Mikhail Yegorov,a,
Trade PHI/ANA 1/28/2024,Cutter Gauthier,x,
Trade PHI/ANA 1/28/2024,Jamie Drysdale,a,
Trade PHI/ANA 1/28/2024,Jack Murtagh,a,
Trade PHI/ARI 1/11/2019,Jordan Weal,x,
Trade PHI/ARI 1/11/2019,Roddy Ross,,
Trade PHI/ARI 1/11/2019,Jacob Graves,,
Trade PHI/ARI 6/16/2017,Nick Cousins,a,
Trade PHI/ARI 6/16/2017,Brendan Warren,,
Trade PHI/ARI 6/16/2017,Merrick Madsen,a,
Trade PHI/ARI 6/16/2017,Wyatte Wylie,a,
Trade PHI/CAR 7/8/2022,Anthony DeAngelo,a,
Trade PHI/CAR 7/8/2022,Harrison Brunicke,a,
Trade PHI/CAR 7/8/2022,Brandon Svoboda,a,
Trade PHI/CAR 7/8/2022,Simon Forsmark,a,
Trade PHI/CAR 7/8/2022,Alexis Gendron,a,
Trade PHI/CBJ 9/14/2025,Ivan Fedotov,a,
Trade PHI/CBJ 9/14/2025,2026 6th Round (PHI/CBJ),a,
Trade PHI/DAL 2/16/2012,Jake Guentzel,a,
Trade PHI/DAL 2/16/2012,Devin Shore,a,
Trade PHI/DAL 2/16/2012,Nicklas Grossmann,,
Trade PHI/DAL 6/24/2019,Ryan Hartman,a,
Trade PHI/DAL 6/24/2019,Tyler Pitlick,a,
Trade PHI/DET 2/19/2018,Petr Mrazek,a,
Trade PHI/DET 2/19/2018,Seth Barton,,
Trade PHI/EDM 11/4/2024,Ronnie Attard,a,
Trade PHI/EDM 11/4/2024,Ben Gleason,a,
Trade PHI/EDM 2/15/2019,Cam Talbot,x,
Trade PHI/EDM 2/15/2019,Anthony Stolarz,x,
Trade PHI/EDM 6/28/2024,Sam O'Reilly,a,
Trade PHI/EDM 6/28/2024,Henry Brzustewicz,x,
Trade PHI/FLA 3/19/2022,Claude Giroux,a,
Trade PHI/FLA 3/19/2022,Owen Tippett,a,
Trade PHI/FLA 3/19/2022,Connor Bunnaman,,
Trade PHI/FLA 3/19/2022,German Rubtsov,,
Trade PHI/FLA 3/19/2022,Clarke Caswell,a,
Trade PHI/FLA 3/19/2022,Sam O'Reilly,a,
Trade PHI/FLA 3/19/2022,Denver Barkey,a,
Trade PHI/LAK 1/6/2016,Luke Schenn,a,
Trade PHI/LAK 1/6/2016,Vincent Lecavalier,,
Trade PHI/LAK 1/6/2016,Carsen Twarynski,,
Trade PHI/LAK 1/6/2016,Jordan Weal,x,
Trade PHI/LAK 3/7/2025,Andrei Kuzmenko,a,
Trade PHI/LAK 3/7/2025,Brendan McMorrow,a,
Trade PHI/LAK 6/23/2011,Devin Shore,a,
Trade PHI/LAK 6/23/2011,Wayne Simmonds,,
Trade PHI/LAK 6/23/2011,Brayden Schenn,a,
Trade PHI/LAK 6/23/2011,Rob Bordson,,
Trade PHI/LAK 6/23/2011,Mike Richards,,
Trade PHI/LAK 7/1/2008,Jason Zucker,a,
Trade PHI/LAK 7/1/2008,Patrik Hersley,,
Trade PHI/LAK 7/1/2008,Denis Gauthier,,
Trade PHI/LAK 7/1/2008,Ned Lukacevic,,
Trade PHI/MTL 4/12/2021,Erik Gustafsson b.1992,a,
Trade PHI/MTL 4/12/2021,Miguel Tourigny,a,
Trade PHI/NSH 2/25/2019,Ryan Hartman,a,
Trade PHI/NSH 2/25/2019,Wayne Simmonds,,
Trade PHI/NSH 2/25/2019,Thimo Nickl,,
Trade PHI/NSH 6/22/2019,Egor Afanasyev,a,
Trade PHI/NSH 6/22/2019,Bobby Brink,a,
Trade PHI/NSH 6/22/2019,Alexander Campbell,,
Trade PHI/NSH/VGK 7/17/2021,Cody Glass,a,
Trade PHI/NSH/VGK 7/17/2021,Philippe Myers,a,
Trade PHI/NSH/VGK 7/17/2021,Ryan Ellis,a,
Trade PHI/NSH/VGK 7/17/2021,Nolan Patrick,,
Trade PHI/NYI 6/12/2013,Devon Toews,a,
Trade PHI/NYI 6/12/2013,Shane Harper,,
Trade PHI/NYI 6/12/2013,Mark Streit,,
Trade PHI/OTT 3/3/2023,Patrick Brown,x,
Trade PHI/OTT 3/3/2023,Ryan Macpherson,a,
Trade PHI/PHX 6/7/2011,Oskar Sundqvist,a,
Trade PHI/PHX 6/7/2011,Harrison Ruopp,,
Trade PHI/PHX 6/7/2011,Ilya Bryzgalov,a,
Trade PHI/PHX 6/7/2011,Matt Clackson,,
Trade PHI/PIT 6/27/2025,Jack Nesbitt,x,
Trade PHI/PIT 6/27/2025,Bill Zonnon,x,
Trade PHI/PIT 6/27/2025,Henry Brzustewicz,x,
Trade PHI/SEA 9/4/2025,Jon-Randall Avon,x,
Trade PHI/SEA 9/4/2025,Tucker Robertson,x,
Trade PHI/SJS 6/18/2019,Kaedan Korczak,x,
Trade PHI/SJS 6/18/2019,Justin Braun,,
Trade PHI/SJS 6/18/2019,Maxim Groshev,a,
Trade PHI/STL 6/27/2023,Eric Jamieson,a,
Trade PHI/STL 6/27/2023,Kevin Hayes,a,
Trade PHI/TBL 12/12/1998,Mike Sillinger,,
Trade PHI/TBL 12/12/1998,Chris Gratton,x,
Trade PHI/TBL 12/12/1998,Daymond Langkow,,
Trade PHI/TBL 12/12/1998,Mikael Renberg,,
Trade PHI/TBL 7/1/2010,Colton Sissons,a,
Trade PHI/TBL 7/1/2010,Andrej Meszaros,,
Trade PHI/TBL 8/20/1997,Tim Gleason,a,
Trade PHI/TBL 8/20/1997,Justin Williams,a,
Trade PHI/TBL 8/20/1997,Simon Gagne,,
Trade PHI/TBL 8/20/1997,Chris Gratton,x,
Trade PHI/TBL 8/20/1997,Maxime Ouellet,,
Trade PHI/TOR 6/23/2012,James van Riemsdyk,a,
Trade PHI/TOR 6/23/2012,Luke Schenn,a,
Trade PHI/WPG 6/3/2019,Kevin Hayes,a,
Trade PHI/WPG 6/3/2019,Harrison Blaisdell,,
Trade PHI/WSH 6/14/2019,Radko Gudas,,
Trade PHI/WSH 6/14/2019,Matt Niskanen,,
Trade PHI/WSH 6/20/2008,John Carlson,,
Trade PHI/WSH 6/20/2008,Steve Eminger,,
Trade PHI/WSH 6/20/2008,Jacob De Serres,a,
Trade PHX/BUF 3/10/2003,Andrej Sekera,a,
Trade PHX/BUF 3/10/2003,Daniel Briere,,
Trade PHX/BUF 3/10/2003,Chris Gratton,x,
Trade PHX/BUF 3/10/2003,Liam Reddox,,
Trade PHX/CGY 2/1/2006,Steven Reinprecht,x,
Trade PHX/CGY 2/1/2006,Philippe Sauve,,
Trade PHX/CGY 2/1/2006,Mike Leclerc,,
Trade PHX/CGY 2/1/2006,Brian Boucher,,
Trade PHX/NSH 6/21/2008,Roman Josi,a,
Trade PHX/NSH 6/21/2008,Colby Robak,,
Trade PHX/NSH 6/21/2008,Mathieu Brodeur,a,
Trade PHX/PIT 6/22/2012,Oskar Sundqvist,a,
Trade PHX/PIT 6/22/2012,Zbynek Michalek,,
Trade PHX/PIT 6/22/2012,Harrison Ruopp,,
Trade PHX/PIT 6/22/2012,Marc Cheverie,,
Trade PHX/TOR 2/27/2007,Roman Josi,a,
Trade PHX/TOR 2/27/2007,Yanic Perreault,,
Trade PHX/TOR 2/27/2007,Brendan Bell,,
Trade PHX/TOR 2/27/2007,Joel Champagne,a,
Trade PHX/TOR 3/3/2010,Philipp Grubauer,a,
Trade PHX/TOR 3/3/2010,Lee Stempniak,a,
Trade PHX/TOR 3/3/2010,Matt Jones,,
Trade PHX/TOR 3/3/2010,Kellen Jones,,
Trade PIT/ANA 1/15/2016,David Perron,a,
Trade PIT/ANA 1/15/2016,Carl Hagelin,x,
Trade PIT/ANA 1/15/2016,Adam Clendening,a,
Trade PIT/ANA 10/25/2019,Erik Gudbranson,x,
Trade PIT/ANA 10/25/2019,Andreas Martinsen,,
Trade PIT/ANA 10/25/2019,Ryan McCleary,,
Trade PIT/ANA 12/3/2018,Daniel Sprong,,
Trade PIT/ANA 12/3/2018,Marcus Pettersson,a,
Trade PIT/ANA 3/21/2022,Zach Aston-Reese,a,
Trade PIT/ANA 3/21/2022,Rickard Rakell,a,
Trade PIT/ANA 3/21/2022,Dominik Simon,,
Trade PIT/ANA 3/21/2022,Tristan Luneau,x,
Trade PIT/ANA 3/21/2022,Calle Clang,x,
Trade PIT/ANA 3/3/2023,Brock McGinn,x,
Trade PIT/ANA 3/3/2023,Tarin Smith,x,
Trade PIT/ANA 3/3/2023,Dmitry Kulikov,a,
Trade PIT/ANA 3/31/2023,Judd Caulfield,x,
Trade PIT/ANA 3/31/2023,Thimo Nickl,,
Trade PIT/ATL 2/26/2008,Pascal Dupuis,,
Trade PIT/ATL 2/26/2008,Marian Hossa,x,
Trade PIT/ATL 2/26/2008,Angelo Esposito,,
Trade PIT/ATL 2/26/2008,Daultan Leveille,a,
Trade PIT/BUF 6/28/2025,Connor Clifton,a,
Trade PIT/BUF 6/28/2025,Conor Timmins,a,
Trade PIT/BUF 6/28/2025,Isaac Belliveau,a,
Trade PIT/BUF 6/28/2025,Peyton Kettles,a,
Trade PIT/CAR 2/23/2017,Jake Leschyshyn,a,
Trade PIT/CAR 2/23/2017,Ron Hainsey,,
Trade PIT/CAR 2/23/2017,Danny Kristo,,
Trade PIT/CAR 3/7/2024,Ty Smith,,
Trade PIT/CAR 3/7/2024,Michael Bunting,a,
Trade PIT/CAR 3/7/2024,Jake Guentzel,a,
Trade PIT/CAR 3/7/2024,Vasily Ponomarev,a,
Trade PIT/CAR 3/7/2024,Ville Koivunen,a,
Trade PIT/CAR 3/7/2024,Harrison Brunicke,a,
Trade PIT/CAR 3/7/2024,Cruz Lucius,a,
Trade PIT/CHI 1/6/2024,Rem Pitlick,x,
Trade PIT/CHI 1/6/2024,2026 7th Round,x,
Trade PIT/COL 10/7/2020,Ryder Rolston,x,
Trade PIT/COL 10/7/2020,Oskar Magnusson,,
Trade PIT/COL 10/7/2020,Raivis Ansons,,
Trade PIT/COL 6/23/2018,Justus Annunen,a,
Trade PIT/COL 6/23/2018,Filip Hallander,a,
Trade PIT/COL 6/23/2018,Danila Zhuravlyov,,
Trade PIT/DAL 1/28/2019,Jamie Oleksiak,a,
Trade PIT/DAL 1/28/2019,Eric Hjorth,a,
Trade PIT/DAL 2/21/2011,Alex Goligoski,,
Trade PIT/DAL 2/21/2011,James Neal,x,
Trade PIT/DAL 2/21/2011,Matt Niskanen,,
Trade PIT/DAL 7/10/2025,Mathew Dumba,a,
Trade PIT/DAL 7/10/2025,Vladislav Kolyachonok,a,
Trade PIT/DAL 7/10/2025,2028 2nd Round (PIT/DAL),a,
Trade PIT/EDM 1/2/2015,David Perron,a,
Trade PIT/EDM 1/2/2015,Mathew Barzal,,
Trade PIT/EDM 1/2/2015,Rob Klinkhammer,,
Trade PIT/LAK 4/11/2021,Lucas Edmonds,x,
Trade PIT/LAK 4/11/2021,Jeff Carter,a,
Trade PIT/LAK 4/11/2021,Koehn Ziemmer,a,
Trade PIT/LAK 6/27/2025,William Horcoff,a,
Trade PIT/LAK 6/27/2025,Vojtech Cihar,a,
Trade PIT/LAK 6/27/2025,Henry Brzustewicz,x,
Trade PIT/MIN 2/10/2020,Jason Zucker,a,
Trade PIT/MIN 2/10/2020,Calen Addison,a,
Trade PIT/MIN 2/10/2020,Alex Galchenyuk,x,
Trade PIT/MIN 2/10/2020,Carson Lambos,a,
Trade PIT/NJD 3/7/2025,Cody Glass,a,
Trade PIT/NJD 3/7/2025,Max Graham,a,
Trade PIT/NJD 3/7/2025,Chase Stillman,a,
Trade PIT/NJD 3/7/2025,Jonathan Gruden,a,
Trade PIT/NSH 11/25/2024,Philip Tomasino,a,
Trade PIT/NSH 11/25/2024,2027 4th Round (PIT/NSH),a,
Trade PIT/NSH 3/5/2025,Michael Bunting,a,
Trade PIT/NSH 3/5/2025,Luke Schenn,a,
Trade PIT/NSH 3/5/2025,Thomas Novak,a,
Trade PIT/NSH 3/5/2025,2026 4th Round (PIT/NSH),a,
Trade PIT/NSH 8/13/2024,Cody Glass,a,
Trade PIT/NSH 8/13/2024,Gabriel D'Aigle,a,
Trade PIT/NSH 8/13/2024,2026 6th Round (PIT/NSH),a,
Trade PIT/NSH 8/13/2024,Jordan Frasca,a,
Trade PIT/NYR 7/1/2024,Reilly Smith,a,
Trade PIT/NYR 7/1/2024,Quinn Beauchesne,a,
Trade PIT/NYR 7/1/2024,2027 2nd Round (PIT/NYR),a,
Trade PIT/OTT/VGK 2/23/2018,Anttoni Honka,x,
Trade PIT/OTT/VGK 2/23/2018,Justus Annunen,a,
Trade PIT/OTT/VGK 2/23/2018,Filip Gustavsson,x,
Trade PIT/OTT/VGK 2/23/2018,Vincent Dunn,,
Trade PIT/OTT/VGK 2/23/2018,K'Andre Miller,a,
Trade PIT/OTT/VGK 2/23/2018,Tobias Lindberg,,
Trade PIT/OTT/VGK 2/23/2018,Slava Demin,a,
Trade PIT/OTT/VGK 2/23/2018,Ryan Reaves,a,
Trade PIT/OTT/VGK 2/23/2018,Ian Cole,a,
Trade PIT/OTT/VGK 2/23/2018,Derick Brassard,a,
Trade PIT/SJS 3/11/2003,Wayne Primeau,x,
Trade PIT/SJS 3/11/2003,Matt Bradley,,
Trade PIT/SJS 3/25/2013,Tyler Bertuzzi,a,
Trade PIT/SJS 3/25/2013,Douglas Murray,,
Trade PIT/SJS 3/25/2013,Noah Rod,,
Trade PIT/SJS 3/5/2025,Vincent Desharnais,a,
Trade PIT/SJS 3/5/2025,2028 5th Round (PIT/SJS),a,
Trade PIT/SJS/MTL 8/6/2023,2026 3rd Round,x,
Trade PIT/SJS/MTL 8/6/2023,Casey DeSmith,x,
Trade PIT/SJS/MTL 8/6/2023,Dillon Hamaliuk,x,
Trade PIT/SJS/MTL 8/6/2023,Erik Karlsson,x,
Trade PIT/SJS/MTL 8/6/2023,Jan Rutta,x,
Trade PIT/SJS/MTL 8/6/2023,Jeff Petry,x,
Trade PIT/SJS/MTL 8/6/2023,Konsta Helenius,x,
Trade PIT/SJS/MTL 8/6/2023,Mikael Granlund,x,
Trade PIT/SJS/MTL 8/6/2023,Mike Hoffman b.1989,x,
Trade PIT/SJS/MTL 8/6/2023,Nathan Legare,x,
Trade PIT/SJS/MTL 8/6/2023,Rem Pitlick,x,
Trade PIT/SJS/MTL 8/6/2023,Semyon Frolov,x,
Trade PIT/STL 3/2/2015,Robert Bortuzzo,a,
Trade PIT/STL 3/2/2015,Ian Cole,a,
Trade PIT/STL 3/2/2015,Filip Helt,,
Trade PIT/TBL 3/1/2017,Paul Cotter,a,
Trade PIT/TBL 3/1/2017,Mark Streit,,
Trade PIT/TOR 3/7/2025,Connor Dewar,a,
Trade PIT/TOR 3/7/2025,Conor Timmins,a,
Trade PIT/TOR 3/7/2025,William Belle,a,
Trade PIT/TOR 7/1/2015,Sam Steel,a,
Trade PIT/TOR 7/1/2015,Kasperi Kapanen,a,
Trade PIT/TOR 7/1/2015,Tyler Biggs,a,
Trade PIT/TOR 7/1/2015,Tim Erixon,a,
Trade PIT/TOR 7/1/2015,Scott Harrington,x,
Trade PIT/TOR 7/1/2015,Phil Kessel,a,
Trade PIT/TOR 7/1/2015,Kasper Bjorkqvist,a,
Trade PIT/TOR 7/1/2015,Nick Spaling,x,
Trade PIT/TOR 7/1/2015,James Greenway,,
Trade PIT/TOR 7/17/2021,Jared McCann,a,
Trade PIT/TOR 7/17/2021,Filip Hallander,a,
Trade PIT/TOR 7/17/2021,Emil Jarventie,a,
Trade PIT/TOR 8/25/2020,Kasperi Kapanen,a,
Trade PIT/TOR 8/25/2020,Evan Rodrigues,a,
Trade PIT/TOR 8/25/2020,Pontus Aberg,a,
Trade PIT/TOR 8/25/2020,Filip Hallander,a,
Trade PIT/TOR 8/25/2020,Rodion Amirov,,
Trade PIT/TOR 8/25/2020,Jesper Lindgren,a,
Trade PIT/TOR 8/25/2020,David Warsofsky,,
Trade PIT/VAN 1/31/2025,Vincent Desharnais,a,
Trade PIT/VAN 1/31/2025,Marcus Pettersson,a,
Trade PIT/VAN 1/31/2025,Drew O'Connor,a,
Trade PIT/VAN 1/31/2025,Danton Heinen,a,
Trade PIT/VAN 1/31/2025,Melvin Fernstrom,a,
Trade PIT/VAN 1/31/2025,Jack Nesbitt,x,
Trade PIT/VAN 7/13/2025,Arturs Silovs,a,
Trade PIT/VAN 7/13/2025,Chase Stillman,a,
Trade PIT/VAN 7/13/2025,2027 4th Round (PIT/VAN),a,
Trade PIT/VAN 7/28/2015,Will Lockwwod,,
Trade PIT/VAN 7/28/2015,Filip Gustavsson,x,
Trade PIT/VAN 7/28/2015,Nick Bonino,a,
Trade PIT/VAN 7/28/2015,Brandon Sutter,a,
Trade PIT/VAN 7/28/2015,Adam Clendening,a,
Trade PIT/VGK 6/28/2023,Kirill Zarubin,a,
Trade PIT/VGK 6/28/2023,Reilly Smith,a,
Trade PIT/WPG 3/7/2025,Luke Schenn,a,
Trade PIT/WPG 3/7/2025,2026 2nd Round (WPG/PIT),a,
Trade PIT/WPG 3/7/2025,2027 4th Round (WPG/PIT),a,
Trade PIT/WSH 11/12/2024,Lars Eller,a,
Trade PIT/WSH 11/12/2024,Ryan Miller b.2007,a,
Trade PIT/WSH 3/7/2025,Anthony Beauvillier,x,
Trade PIT/WSH 3/7/2025,Vojtech Cihar,a,
Trade PIT/WSH 7/11/2001,Jaromir Jagr,x,
Trade PIT/WSH 7/11/2001,Ross Lupaschuk,,
Trade PIT/WSH 7/11/2001,Frantisek Kucera,,
Trade PIT/WSH 7/11/2001,Kris Beech,,
Trade PIT/WSH 7/11/2001,Michal Sivek,,
Trade QUE/NYI 6/20/1993,Adam Deadmarsh,x,
Trade QUE/NYI 6/20/1993,Ron Hextall,,
Trade QUE/NYI 6/20/1993,Todd Bertuzzi,a,
Trade QUE/NYI 6/20/1993,Mark Fitzpatrick,,
Trade SEA/CBJ 7/22/2022,Oliver Bjorkstrand,a,
Trade SEA/CBJ 7/22/2022,Luca Pinelli,a,
Trade SEA/CBJ 7/22/2022,Aydar Suniev,a,
Trade SEA/CGY 7/22/2021,Tyler Pitlick,a,
Trade SEA/CGY 7/22/2021,Tucker Robertson,x,
Trade SEA/COL 7/27/2021,Kurtis MacDermid,a,
Trade SEA/COL 7/27/2021,Luca Cagnoni,a,
Trade SEA/MIN 6/26/2025,Frederick Gaudreau,a,
Trade SEA/MIN 6/26/2025,Adam Benak,a,
Trade SEA/NSH 3/20/2022,Jeremy Lauzon,a,
Trade SEA/NSH 3/20/2022,Jani Nyman,a,
Trade SEA/NYR 3/6/2024,Alexander Wennberg,a,
Trade SEA/NYR 3/6/2024,Nathan Villeneuve,a,
Trade SEA/NYR 3/6/2024,Brandon Gorzynski,a,
Trade SEA/NYR 3/6/2024,Nils Lundkvist,a,
Trade SEA/SJS 2/5/2023,Jaycob Megna,a,
Trade SEA/SJS 2/5/2023,Luca Cagnoni,a,
Trade SEA/TOR 3/20/2022,Colin Blackwell,a,
Trade SEA/TOR 3/20/2022,Niklas Kokko,a,
Trade SEA/TOR 3/20/2022,Mark Giordano,,
Trade SEA/TOR 3/20/2022,Lukas Dragicevic,a,
Trade SEA/TOR 3/20/2022,Kim Saarinen,a,
Trade SEA/WPG 3/20/2022,Mason Appleton,a,
Trade SEA/WPG 3/20/2022,Luca Pinelli,a,
Trade SEA/WSH 7/28/2021,Vitek Vanecek,a,
Trade SEA/WSH 7/28/2021,Carson Rehkopf,a,
Trade SJS/ANA 2/28/2023,Maxim Masse,x,
Trade SJS/ANA 2/28/2023,Henry Thrun,a,
Trade SJS/ARI 6/20/2016,MacKenzie Entwistle,x,
Trade SJS/ARI 6/20/2016,Otto Koivula,a,
Trade SJS/ARI 6/20/2016,Maxim Letunov,,
Trade SJS/ARI 6/20/2016,Jacob McGrew,,
Trade SJS/ARI 6/23/2018,Ivan Prosvetov,a,
Trade SJS/ARI 6/23/2018,Linus Karlsson,a,
Trade SJS/ARI 6/23/2018,Dennis Busby,,
Trade SJS/BOS 11/30/2005,Wayne Primeau,x,
Trade SJS/BOS 11/30/2005,Joe Thornton,,
Trade SJS/BOS 11/30/2005,Brad Stuart,a,
Trade SJS/BOS 11/30/2005,Marco Sturm,,
Trade SJS/CAR 2/18/2011,Brock McGinn,x,
Trade SJS/CAR 2/18/2011,Ian White,,
Trade SJS/CAR 7/13/2022,Brent Burns,a,
Trade SJS/CAR 7/13/2022,Jayden Perron,a,
Trade SJS/CAR 7/13/2022,Steven Lorentz,a,
Trade SJS/CAR 7/13/2022,Lane Pederson,a,
Trade SJS/CAR 7/13/2022,Eetu Makiniemi,,
Trade SJS/CBJ 6/24/2006,Tom Sestito,,
Trade SJS/CBJ 6/24/2006,Jamie McGinn,x,
Trade SJS/CBJ 6/24/2006,Ben Wright,,
Trade SJS/CBJ 6/24/2006,Will Weber,,
Trade SJS/CGY 6/21/2003,Tyler Johnson,x,
Trade SJS/CGY 6/21/2003,Matt Carle,,
Trade SJS/CGY 6/21/2003,Ryan Donally,,
Trade SJS/CGY 6/21/2003,Greg Moore,,
Trade SJS/COL 12/9/2024,Nikolai Kovalenko,a,
Trade SJS/COL 12/9/2024,Alexandar Georgiev,x,
Trade SJS/COL 12/9/2024,Mackenzie Blackwood,a,
Trade SJS/COL 12/9/2024,Givani Smith,a,
Trade SJS/COL 12/9/2024,Max Heise,a,
Trade SJS/COL 12/9/2024,2027 5th Round (SJS/COL),x,
Trade SJS/COL 12/9/2024,2026 2nd Round (SJS/COL),x,
Trade SJS/COL 2/27/2012,Michael Sgarbossa,,
Trade SJS/COL 2/27/2012,TJ Galiardi,,
Trade SJS/COL 2/27/2012,Daniel Winnik,,
Trade SJS/COL 2/27/2012,Jamie McGinn,x,
Trade SJS/COL 2/27/2012,Mike Connolly,,
Trade SJS/COL 2/27/2012,Emil Galimov,,
Trade SJS/COL 3/21/2022,Andrew Cogliano,,
Trade SJS/COL 3/21/2022,Ales Cech,x,
Trade SJS/COL 6/27/2015,AJ Greer,a,
Trade SJS/COL 6/27/2015,Denis Smirnov,,
Trade SJS/COL 6/27/2015,Cameron Morrison,,
Trade SJS/COL 6/27/2015,Jeremy Roy,a,
Trade SJS/DAL 6/19/2024,Ty Dellandrea,x,
Trade SJS/DAL 6/19/2024,Zach Sharp,x,
Trade SJS/DAL 6/27/2009,Mark Stone,a,
Trade SJS/DAL 6/27/2009,Marek Viedensky,,
Trade SJS/DET 6/30/2013,Anthony Mantha,a,
Trade SJS/DET 6/30/2013,Tyler Bertuzzi,a,
Trade SJS/DET 6/30/2013,Mirco Mueller,,
Trade SJS/EDM 10/7/2020,Tyler Tullio,x,
Trade SJS/EDM 10/7/2020,Carter Savoie,a,
Trade SJS/EDM 10/7/2020,Danil Gushchin,a,
Trade SJS/EDM 8/18/2024,Ty Emberson,a,
Trade SJS/EDM 8/18/2024,Cody Ceci,x,
Trade SJS/EDM 8/18/2024,Teddy Mutryn,a,
Trade SJS/FLA 6/19/2018,Mike Hoffman b.1989,x,
Trade SJS/FLA 6/19/2018,Mikael Hakkarainen,x,
Trade SJS/FLA 6/19/2018,Jamieson Rees,x,
Trade SJS/FLA 6/19/2018,Jack Gorniak,x,
Trade SJS/FLA 6/19/2018,Santtu Kinnunen,x,
Trade SJS/LAK 6/21/2008,Kevin Gravel,a,
Trade SJS/LAK 6/21/2008,Edward Pasquale,a,
Trade SJS/MIN 10/5/2020,Ryan Donato,a,
Trade SJS/MIN 10/5/2020,Luca Munzenberger,a,
Trade SJS/MTL 9/5/2025,Gannon Laroque,x,
Trade SJS/MTL 9/5/2025,Carey Price,x,
Trade SJS/MTL 9/5/2025,2026 5th Round (SJS/MTL),x,
Trade SJS/NJD 3/8/2024,Kaapo Kahkonen,a,
Trade SJS/NJD 3/8/2024,Vitek Vanecek,a,
Trade SJS/NJD 3/8/2024,Richard Gallant,a,
Trade SJS/NSH 6/23/2024,Ozzy Wiesblatt,a,
Trade SJS/NSH 6/23/2024,Egor Afanasyev,a,
Trade SJS/NSH 6/28/2014,Julius Bergman,x,
Trade SJS/NSH 6/28/2014,Jack Dougherty,,
Trade SJS/NSH 6/28/2014,Anthony Richard,a,
Trade SJS/NYR 3/21/2022,Nick Merkley,x,
Trade SJS/NYR 3/21/2022,Anthony Bitetto,,
Trade SJS/NYR 6/24/2017,Morgan Barron,a,
Trade SJS/NYR 6/24/2017,Scott Reedy,,
Trade SJS/NYR 6/24/2017,Brandon Crawley,,
Trade SJS/PIT 7/1/2025,Alex Nedeljkovic,a,
Trade SJS/PIT 7/1/2025,2028 3rd Round (SJS/PIT),a,
Trade SJS/TOR 2/22/2016,Max Comtois,,
Trade SJS/TOR 2/22/2016,Sean Durzi,a,
Trade SJS/TOR 2/22/2016,Roman Polak,,
Trade SJS/TOR 2/22/2016,Raffi Torres,,
Trade SJS/TOR 2/22/2016,Nick Spaling,x,
Trade SJS/TOR 7/10/2025,Ryan Reaves,a,
Trade SJS/TOR 7/10/2025,Henry Thrun,a,
Trade SJS/VAN 3/1/2017,Tim Soderlund,x,
Trade SJS/VAN 3/1/2017,Nikolay Goldobin,x,
Trade SJS/VAN 3/1/2017,Jannik Hansen,x,
Trade SJS/VGK 6/22/2019,Kaedan Korczak,x,
Trade SJS/VGK 6/22/2019,Artemi Kniazev,x,
Trade SJS/VGK 6/22/2019,Michael Vukojevic,x,
Trade SJS/WPG 3/3/2023,Vladislav Namestnikov,a,
Trade SJS/WPG 3/3/2023,Zach Sharp,x,
Trade STL/ANA 12/14/2024,Jeremie Biakabutuka,x,
Trade STL/ANA 12/14/2024,Cam Fowler,a,
Trade STL/ANA 12/14/2024,2027 4th Round (STL/ANA),x,
Trade STL/ANA 12/14/2024,2027 2nd Round (STL/ANA),x,
Trade STL/ATL 6/25/2007,Keith Tkachuk,a,
Trade STL/ATL 6/25/2007,Zach Bogosian,a,
Trade STL/BOS 7/23/2007,Carl Soderberg,x,
Trade STL/BOS 7/23/2007,Hannu Toivonen,x,
Trade STL/BUF 2/28/2014,Jack Roslovic,a,
Trade STL/BUF 2/28/2014,William Carrier,a,
Trade STL/BUF 2/28/2014,Steve Ott,x,
Trade STL/BUF 2/28/2014,Ryan Miller,,
Trade STL/BUF 2/28/2014,Jaroslav Halak,x,
Trade STL/BUF 2/28/2014,Chris Stewart,a,
Trade STL/BUF 2/28/2014,Linus Nassen,a,
Trade STL/BUF 7/1/2018,Tage Thompson,a,
Trade STL/BUF 7/1/2018,Ryan Johnson b.2001,a,
Trade STL/BUF 7/1/2018,Vladimir Sobotka,,
Trade STL/BUF 7/1/2018,Ryan O'Reilly,a,
Trade STL/BUF 7/1/2018,Patrik Berglund,,
Trade STL/BUF 7/1/2018,Ben Roger,a,
Trade STL/CAR 9/24/2019,Nikita Guslistov,a,
Trade STL/CAR 9/24/2019,Joel Edmundson,a,
Trade STL/CAR 9/24/2019,Justin Faulk,a,
Trade STL/CAR 9/24/2019,Pavel Novak,,
Trade STL/CAR 9/24/2019,Dominik Bokk,,
Trade STL/CGY 6/22/2007,Mikael Backlund,a,
Trade STL/CGY 6/22/2007,Ian Cole,a,
Trade STL/CGY 6/22/2007,John Negrin,,
Trade STL/DET 11/6/2019,Robby Fabbri,x,
Trade STL/DET 11/6/2019,Jacob de la Rose,,
Trade STL/DET 3/21/2022,Jake Walman,a,
Trade STL/DET 3/21/2022,Nick Leddy,a,
Trade STL/DET 3/21/2022,Oskar Sundqvist,a,
Trade STL/DET 3/21/2022,Luke Witkowski,,
Trade STL/DET 3/21/2022,Andrew Gibson,a,
Trade STL/DET 7/8/2022,Ville Husso,a,
Trade STL/DET 7/8/2022,Aleksanteri Kaskimaki,a,
Trade STL/EDM 6/30/2013,William Carrier,a,
Trade STL/EDM 6/30/2013,Bogdan Yakimov,,
Trade STL/EDM 6/30/2013,Jackson Houck,a,
Trade STL/EDM 6/30/2013,Aidan Muir,a,
Trade STL/EDM 7/10/2013,David Perron,a,
Trade STL/EDM 7/10/2013,Ivan Barbashev,a,
Trade STL/EDM 7/10/2013,Magnus Paajarvi,a,
Trade STL/EDM 7/10/2013,Mike Robinson,a,
Trade STL/EDM 7/10/2013,Adam Musil,,
Trade STL/LAK 6/21/2008,Nic Dowd,a,
Trade STL/LAK 6/21/2008,Paul Karpowich,,
Trade STL/MIN/TOR 2/17/2023,Ryan O'Reilly,a,
Trade STL/MIN/TOR 2/17/2023,Adam Gaudette,a,
Trade STL/MIN/TOR 2/17/2023,Noel Acciari,a,
Trade STL/MIN/TOR 2/17/2023,Lukas Fischer,a,
Trade STL/MIN/TOR 2/17/2023,Otto Stenberg,a,
Trade STL/MIN/TOR 2/17/2023,Juraj Pekarcik,a,
Trade STL/MIN/TOR 2/17/2023,Lirim Amidovski,a,
Trade STL/MIN/TOR 2/17/2023,Josh Pillar,a,
Trade STL/MIN/TOR 2/17/2023,Mikhail Abramov,a,
Trade STL/MTL 6/17/2010,Lars Eller,a,
Trade STL/MTL 6/17/2010,Jaroslav Halak,x,
Trade STL/MTL 6/17/2010,Ian Schultz,,
Trade STL/MTL 9/2/2020,Chase Bradley,a,
Trade STL/MTL 9/2/2020,Jake Allen,a,
Trade STL/MTL 9/2/2020,Dylan Peterson,a,
Trade STL/MTL 9/2/2020,Miguel Tourigny,a,
Trade STL/NSH 6/30/2013,Viktor Arvidsson,a,
Trade STL/NSH 6/30/2013,Zachary Pochiro,a,
Trade STL/NSH 6/30/2013,Janne Juvonen,a,
Trade STL/NYR 2/9/2023,Vladimir Tarasenko,a,
Trade STL/NYR 2/9/2023,Niko Mikkola,a,
Trade STL/NYR 2/9/2023,Sammy Blais,a,
Trade STL/NYR 2/9/2023,Adam Jecho,a,
Trade STL/NYR 2/9/2023,Theo Lindstein,a,
Trade STL/NYR 2/9/2023,Hunter Skinner,a,
Trade STL/NYR 7/23/2021,Pavel Buchnevich,a,
Trade STL/NYR 7/23/2021,Sammy Blais,a,
Trade STL/NYR 7/23/2021,Elias Salomonsson,a,
Trade STL/OTT 6/25/2010,Vladimir Tarasenko,a,
Trade STL/OTT 6/25/2010,David Rundblad,a,
Trade STL/OTT 8/4/1995,Steve Duchesne,,
Trade STL/OTT 8/4/1995,Cory Sarich,x,
Trade STL/OTT 9/25/2021,Zachary Sanford,,
Trade STL/OTT 9/25/2021,Logan Brown,a,
Trade STL/PHI 6/23/2017,Joel Farabee,a,
Trade STL/PHI 6/23/2017,Morgan Frost,a,
Trade STL/PHI 6/23/2017,Brayden Schenn,a,
Trade STL/PHI 6/23/2017,Jori Lehtera,,
Trade STL/PIT 6/23/2017,Klim Kostin,a,
Trade STL/PIT 6/23/2017,Oskar Sundqvist,a,
Trade STL/PIT 6/23/2017,Ryan Reaves,a,
Trade STL/PIT 6/23/2017,Zachary Lauzon,,
Trade STL/PIT 6/29/2024,Kevin Hayes,a,
Trade STL/PIT 6/29/2024,William Moore,a,
Trade STL/SJS 2/27/2007,David Perron,a,
Trade STL/SJS 2/27/2007,Ville Nieminen,,
Trade STL/SJS 2/27/2007,Bill Guerin,a,
Trade STL/SJS 2/27/2007,Jay Barriball,a,
Trade STL/SJS 6/22/2007,Lars Eller,a,
Trade STL/SJS 6/22/2007,Logan Couture,a,
Trade STL/SJS 6/22/2007,Ian Schultz,,
Trade STL/SJS 6/22/2007,Aaron Palushaj,,
Trade STL/TOR 6/22/2018,Rasmus Sandin,a,
Trade STL/TOR 6/22/2018,Semyon Der-Arguchintsev,a,
Trade STL/TOR 6/22/2018,Dominik Bokk,,
Trade STL/TOR 6/22/2019,Devon Levi,a,
Trade STL/TOR 6/22/2019,Vadim Zherenko,a,
Trade STL/TOR 6/28/2014,Ville Husso,a,
Trade STL/TOR 6/28/2014,Roman Polak,,
Trade STL/TOR 6/28/2014,Carl Gunnarsson,,
Trade STL/VGK 2/26/2023,Zach Dean,x,
Trade STL/VGK 2/26/2023,Ivan Barbashev,a,
Trade STL/WSH 6/25/2016,Tage Thompson,a,
Trade STL/WSH 6/25/2016,Lucas Johansen,,
Trade STL/WSH 6/25/2016,Garrett Pilon,a,
Trade TBL/ANA 3/24/2021,Alexander Volkov,x,
Trade TBL/ANA 3/24/2021,Jack Harvey,a,
Trade TBL/ANA 3/24/2021,Antoine Morand,,
Trade TBL/CHI 3/18/2022,Taylor Raddysh,x,
Trade TBL/CHI 3/18/2022,Boris Katchouk,x,
Trade TBL/CHI 3/18/2022,Brandon Hagel,x,
Trade TBL/CHI 3/18/2022,Oliver Moore,x,
Trade TBL/CHI 3/18/2022,Kenny Connors,x,
Trade TBL/CHI 3/18/2022,Cole Eiserman,x,
Trade TBL/CHI 3/18/2022,Jakub Milota,x,
Trade TBL/CHI 6/29/2023,Corey Perry,a,
Trade TBL/CHI 6/29/2023,Joe Connor,a,
Trade TBL/CHI 7/27/2021,Tyler Johnson,x,
Trade TBL/CHI 7/27/2021,Brent Seabrook,x,
Trade TBL/CHI 7/27/2021,Carson Bjarnason,x,
Trade TBL/COL 6/28/2023,Ross Colton,a,
Trade TBL/COL 6/28/2023,Ethan Gauthier,a,
Trade TBL/DAL 2/1/2022,Tye Felhaber,a,
Trade TBL/DAL 2/1/2022,Alexei Lipanov,a,
Trade TBL/DET 2/21/2012,Andrei Vasilevskiy,a,
Trade TBL/DET 2/21/2012,Sebastien Piche,,
Trade TBL/DET 2/21/2012,Kyle Quincey,,
Trade TBL/DET/SEA 3/5/2025,Chandler Stephenson,,
Trade TBL/DET/SEA 3/5/2025,Oliver Bjorkstrand,a,
Trade TBL/DET/SEA 3/5/2025,Mikey Eyssimont,a,
Trade TBL/DET/SEA 3/5/2025,Kyle Aucoin,,
Trade TBL/DET/SEA 3/5/2025,Matthew Gard,a,
Trade TBL/DET/SEA 3/5/2025,Michal Svrcek,,
Trade TBL/DET/SEA 3/5/2025,2026 5th Round (TBL/DET/SEA),a,
Trade TBL/DET/SEA 3/5/2025,2026/27 1st Round (TBL/DET/SEA),a,
Trade TBL/DET/SEA 3/5/2025,2027/28 1st Round (TBL/DET/SEA),a,
Trade TBL/DET/SEA 3/5/2025,Yanni Gourde,a,
Trade TBL/LAK 6/29/2024,Tanner Jeannot,a,
Trade TBL/LAK 6/29/2024,Jan Golicic,a,
Trade TBL/LAK 6/29/2024,Ethan Czata,a,
Trade TBL/MIN 11/8/2023,Zach Bogosian,a,
Trade TBL/MIN 11/8/2023,Grant Spada,a,
Trade TBL/MIN 6/28/2014,Louie Belpedio,a,
Trade TBL/MIN 6/28/2014,Brayden Point,a,
Trade TBL/MIN 6/28/2014,Jack Sadek,,
Trade TBL/NSH 2/1/2022,Anthony Richard,a,
Trade TBL/NSH 2/1/2022,Jimmy Huntington,a,
Trade TBL/NSH 5/21/2024,Ryan McDonagh,a,
Trade TBL/NSH 5/21/2024,Hagen Burrows,a,
Trade TBL/NSH 5/21/2024,Erik Pahlsson,a,
Trade TBL/NSH 5/21/2024,Jakob Ihs-Wozniak,a,
Trade TBL/NSH 6/14/2019,Connor Ingram,a,
Trade TBL/NSH 6/14/2019,Robert Flinton,a,
Trade TBL/NSH 6/15/2022,Colton Sissons,a,
Trade TBL/NSH 6/15/2022,Sebastien Caron,,
Trade TBL/NSH 6/15/2022,Pontus Aberg,a,
Trade TBL/NSH 6/15/2022,Nikita Gusev,,
Trade TBL/NSH 6/15/2022,Anders Lindback,a,
Trade TBL/NSH 6/29/2023,Jakub Milota,x,
Trade TBL/NSH 6/29/2023,Jayson Shaugabay,a,
Trade TBL/NSH 7/3/2022,Ryan McDonagh,a,
Trade TBL/NSH 7/3/2022,Philippe Myers,a,
Trade TBL/NSH 7/3/2022,Grant Mismash,a,
Trade TBL/NYI 6/22/2001,Adrian Aucoin,,
Trade TBL/NYI 6/22/2001,Alexander Kharitonov,x,
Trade TBL/NYI 6/22/2001,Mathieu Biron,,
Trade TBL/NYI 6/22/2001,Denis Grot,,
Trade TBL/NYI 6/26/2015,Anthony Beauvillier,x,
Trade TBL/NYI 6/26/2015,Mitchell Stephens,a,
Trade TBL/NYI 6/26/2015,Anthony Cirelli,a,
Trade TBL/NYI 6/27/2014,Josh Ho-Sang,x,
Trade TBL/NYI 6/27/2014,Dominik Masin,,
Trade TBL/NYI 6/27/2014,Johnathan MacLeod,a,
Trade TBL/NYR 2/26/2018,Nils Lundkvist,a,
Trade TBL/NYR 2/26/2018,Vladislav Namestnikov,a,
Trade TBL/NYR 2/26/2018,JT Miller,a,
Trade TBL/NYR 2/26/2018,Ryan McDonagh,a,
Trade TBL/NYR 2/26/2018,Brett Howden,a,
Trade TBL/NYR 2/26/2018,Libor Hajek,a,
Trade TBL/NYR 2/26/2018,Karl Henriksson,a,
Trade TBL/NYR 6/28/2014,Daniel Walcott,x,
Trade TBL/NYR 6/28/2014,Ben Thomas,a,
Trade TBL/NYR 6/28/2014,Tyler Nanne,a,
Trade TBL/NYR 7/17/2021,Barclay Goodrow,a,
Trade TBL/NYR 7/17/2021,Dyllan Gill,a,
Trade TBL/OTT 3/20/2022,Mathieu Joseph,a,
Trade TBL/OTT 3/20/2022,Nick Paul,a,
Trade TBL/OTT 3/20/2022,Blake Montgomery,a,
Trade TBL/OTT 7/30/2019,Ryan Callahan,x,
Trade TBL/OTT 7/30/2019,Nick Capone,,
Trade TBL/OTT 7/30/2019,Eric Engstrand,,
Trade TBL/OTT 7/30/2019,Mike Condon,,
Trade TBL/OTT 8/29/2008,Kyle Palmieri,x,
Trade TBL/OTT 8/29/2008,Andrej Meszaros,,
Trade TBL/OTT 8/29/2008,Filip Kuba,,
Trade TBL/OTT 8/29/2008,Alexandre R Picard,,
Trade TBL/PHI 3/2/2015,Radko Gudas,x,
Trade TBL/PHI 3/2/2015,Gabriel Carlsson,,
Trade TBL/PHI 3/2/2015,Braydon Coburn,,
Trade TBL/PHI 3/2/2015,Matej Tomek,a,
Trade TBL/PIT 2/1/2001,Wayne Primeau,x,
Trade TBL/PIT 2/1/2001,Matthew Barnaby,,
Trade TBL/PIT 3/11/2003,Brian Holzinger,x,
Trade TBL/PIT 3/11/2003,Marc Bergevin,,
Trade TBL/SJS 2/24/2020,Ozzy Wiesblatt,a,
Trade TBL/SJS 2/24/2020,Barclay Goodrow,a,
Trade TBL/SJS 2/24/2020,Anthony Greco,,
Trade TBL/SJS 2/24/2020,Maxim Groshev,a,
Trade TBL/SJS 3/1/2023,Vladislav Namestnikov,a,
Trade TBL/SJS 3/1/2023,Mikey Eyssimont,a,
Trade TBL/SJS 3/7/2024,Jack Thompson,a,
Trade TBL/SJS 3/7/2024,Anthony Duclair,a,
Trade TBL/SJS 3/7/2024,Kasper Pikkarainen,a,
Trade TBL/SJS 3/7/2024,Caleb Heil,a,
Trade TBL/SJS 7/4/2008,Kyle Palmieri,x,
Trade TBL/SJS 7/4/2008,Ty Wishart,,
Trade TBL/SJS 7/4/2008,Dan Boyle,x,
Trade TBL/SJS 7/4/2008,Matt Carle,,
Trade TBL/SJS 7/4/2008,James Mullin,,
Trade TBL/SJS 7/4/2008,Brad Lukowich,,
Trade TBL/STL 2/18/2011,Jordan Binnington,a,
Trade TBL/STL 2/18/2011,Eric Brewer,a,
Trade TBL/STL 2/18/2011,Brock Beukeboom,,
Trade TBL/TOR 2/27/2017,Byron Froese,x,
Trade TBL/TOR 2/27/2017,Brian Boyle,x,
Trade TBL/TOR 2/27/2017,Alexander Volkov,x,
Trade TBL/VGK 6/21/2017,Alexandre Texier,a,
Trade TBL/VGK 6/21/2017,Paul Cotter,a,
Trade TBL/VGK 6/21/2017,Nikita Gusev,,
Trade TBL/VGK 6/21/2017,Jason Garrison,,
Trade TOR/ANA 11/16/2013,Marcus Pettersson,a,
Trade TOR/ANA 11/16/2013,Ondrej Kase,a,
Trade TOR/ANA 11/16/2013,Peter Holland,a,
Trade TOR/ANA 11/16/2013,Brad Staubitz,,
Trade TOR/ANA 11/16/2013,Jesse Blacker,,
Trade TOR/ANA 4/12/2021,Michael Callow,x,
Trade TOR/ANA 4/12/2021,Ben Hutton,a,
Trade TOR/ANA 6/20/2016,Frederik Andersen,a,
Trade TOR/ANA 6/20/2016,Maxime Comtois,,
Trade TOR/ANA 6/20/2016,Sam Steel,a,
Trade TOR/ANA 6/28/2024,Stian Solberg,x,
Trade TOR/ANA 6/28/2024,Ben Danford,a,
Trade TOR/ANA 6/28/2024,Linus Eriksson,a,
Trade TOR/BOS 10/7/2020,Ty Gallagher,x,
Trade TOR/BOS 10/7/2020,Ryan Tverberg,a,
Trade TOR/BUF 6/23/2018,Pontus Holmberg,a,
Trade TOR/BUF 6/23/2018,Gustav Berglund,,
Trade TOR/CAR/ANA 2/29/2024,Ilya Lyubushkin,a,
Trade TOR/CAR/ANA 2/29/2024,Roman Shokhrin,a,
Trade TOR/CAR/ANA 2/29/2024,Artyom Gonchar,a,
Trade TOR/CAR/ANA 2/29/2024,Kirill Slepets,a,
Trade TOR/CHI 2/27/2023,Sam Lafferty,,
Trade TOR/CHI 2/27/2023,Joey Anderson,a,
Trade TOR/CHI 2/27/2023,Jake McCabe,,
Trade TOR/CHI 2/27/2023,Pavel Gogolev,,
Trade TOR/CHI 2/27/2023,Miroslav Holinka,a,
Trade TOR/CHI 2/27/2023,Vaclav Nestrasil,a,
Trade TOR/CHI 2/27/2023,Ryan Miller b.2007,a,
Trade TOR/CHI 2/27/2023,2026 2nd Round (TOR/CHI),a,
Trade TOR/CHI 6/24/2006,James Reimer,a,
Trade TOR/CHI 6/24/2006,Korbinian Holzer,a,
Trade TOR/CHI 6/24/2006,Tony Lagerstrom,a,
Trade TOR/COL 12/19/2022,Dryden Hunt,a,
Trade TOR/COL 12/19/2022,Denis Malgin,a,
Trade TOR/COL 2/21/2016,Keaton Middleton,a,
Trade TOR/COL 2/21/2016,Shawn Matthias,a,
Trade TOR/COL 2/21/2016,Colin Smith,,
Trade TOR/COL 7/1/2019,Nazem Kadri,a,
Trade TOR/COL 7/1/2019,Tyson Barrie,a,
Trade TOR/COL 7/1/2019,Jean-Luc Foudy,a,
Trade TOR/COL 7/1/2019,Calle Rosen,a,
Trade TOR/COL 7/1/2019,Alexander Kerfoot,a,
Trade TOR/COL 7/1/2019,Joe Miller b.2002,a,
Trade TOR/DAL 6/29/2024,Chris Tanev,a,
Trade TOR/DAL 6/29/2024,2026 7th Round (TOR/DAL),a,
Trade TOR/DAL 6/29/2024,Max Ellis,a,
Trade TOR/FLA 10/7/2020,Devon Levi,a,
Trade TOR/FLA 10/7/2020,Kasper Puutio,a,
Trade TOR/FLA 10/7/2020,Dmitry Ovchinnikov,a,
Trade TOR/FLA 12/29/2018,Michael Hutchinson,x,
Trade TOR/FLA 12/29/2018,Dmitry Ovchinnikov,a,
Trade TOR/FLA 6/19/2015,Zach Hyman,a,
Trade TOR/FLA 6/19/2015,Greg McKegg,,
Trade TOR/LAK 6/26/2010,Sondre Olden,,
Trade TOR/LAK 6/26/2010,Jimmy Vesey,x,
Trade TOR/NJD 10/10/2020,Andreas Johnsson,x,
Trade TOR/NJD 10/10/2020,Joey Anderson,a,
Trade TOR/NJD 7/23/2015,Linus Karlsson,a,
Trade TOR/NJD 7/23/2015,Lou Lamoriello (GM),a,
Trade TOR/NSH 2/15/2015,Travis Konecny,a,
Trade TOR/NSH 2/15/2015,Olli Jokinen,,
Trade TOR/NSH 2/15/2015,Brendan Leipsic,,
Trade TOR/NSH 2/15/2015,Cody Franson,,
Trade TOR/NSH 2/15/2015,Mike Santorelli,,
Trade TOR/NSH 2/22/2002,Ben Harpur,x,
Trade TOR/NSH 2/22/2002,Miikka Salomaki,,
Trade TOR/NSH 7/12/2015,Taylor Beck,x,
Trade TOR/NSH 7/12/2015,Jamie Devane,x,
Trade TOR/NYI 2/28/2023,Pierre Engvall,a,
Trade TOR/NYI 2/28/2023,Pavel Moysevich,a,
Trade TOR/NYI 6/20/2008,Luke Schenn,a,
Trade TOR/NYI 6/20/2008,Colin Wilson,a,
Trade TOR/NYI 6/20/2008,Mat Clark,a,
Trade TOR/OTT 10/7/2020,Tyler Kleven,a,
Trade TOR/OTT 10/7/2020,Roni Hirvonen,a,
Trade TOR/OTT 10/7/2020,Topi Niemela,a,
Trade TOR/OTT 2/19/2020,Max Veronneau,,
Trade TOR/OTT 2/19/2020,Aaron Luchuk,x,
Trade TOR/PHI 3/7/2025,Nikita Grebenkin,a,
Trade TOR/PHI 3/7/2025,Scott Laughton,a,
Trade TOR/PHI 3/7/2025,Vashek Blanar,a,
Trade TOR/PHI 3/7/2025,2025 4th Round (TOR/PHI),a,
Trade TOR/PHI 3/7/2025,2027 6th Round (TOR/PHI),a,
Trade TOR/PHI 6/26/2015,Travis Konecny,,
Trade TOR/PHI 6/26/2015,Gabriel Carlsson,,
Trade TOR/PHI 6/26/2015,Jeremy Bracco,,
Trade TOR/SJS 10/30/2024,Matthew Benning,,
Trade TOR/SJS 10/30/2024,Timothy Liljegren,a,
Trade TOR/SJS 10/30/2024,Tyler Hopkins,a,
Trade TOR/SJS 2/27/2016,James Reimer,a,
Trade TOR/SJS 2/27/2016,Alex Stalock,,
Trade TOR/SJS 2/27/2016,Ben Smith,,
Trade TOR/SJS 2/27/2016,Riley Stotts,,
Trade TOR/SJS 2/27/2016,Jeremy Morin,a,
Trade TOR/SJS 6/22/2007,Lars Eller,a,
Trade TOR/SJS 6/22/2007,Vesa Toskala,,
Trade TOR/SJS 6/22/2007,Mark Bell,,
Trade TOR/SJS 6/22/2007,Aaron Palushaj,,
Trade TOR/SJS 6/22/2007,Craig Smith,a,
Trade TOR/STL 2/15/2018,Nikita Soshnikov,,
Trade TOR/STL 2/15/2018,Nick Abruzzese,a,
Trade TOR/VAN 10/8/2023,Sam Lafferty,a,
Trade TOR/VAN 10/8/2023,Timofei Obvintsev,a,
Trade TOR/VAN 7/17/2025,Dakota Joshua,a,
Trade TOR/VAN 7/17/2025,2028 4th Round (TOR/VAN),a,
Trade TOR/WSH 2/28/2016,Beck Malenstyn,a,
Trade TOR/WSH 2/28/2016,Carl Grundstrom,a,
Trade TOR/WSH 2/28/2016,Connor Carrick,,
Trade TOR/WSH 2/28/2016,Daniel Winnik,,
Trade TOR/WSH 2/28/2016,Brooks Laich,,
Trade TOR/WSH 6/26/2010,Philipp Grubauer,a,
Trade TOR/WSH 6/26/2010,Petter Granberg,,
Trade TOR/WSH 6/26/2010,Daniel Brodin,a,
Trade UTH/EDM 10/1/2025,Connor Ingram,a,
Trade UTH/TBL 6/29/2024,Conor Geekie,a,
Trade UTH/TBL 6/29/2024,JJ Moser,a,
Trade UTH/TBL 6/29/2024,Mikhail Sergachev,a,
Trade UTH/TBL 6/29/2024,Noah Steen,a,
Trade UTH/TBL 6/29/2024,Matthew Gard,a,
Trade VAN/ANA 2/28/2011,Frederik Andersen,a,
Trade VAN/ANA 2/28/2011,Joel Perrault,,
Trade VAN/ANA 2/28/2011,Maxim Lapierre,,
Trade VAN/ANA 2/28/2011,MacGregor Sharp,,
Trade VAN/ANA 6/30/2015,Filip Gustavsson,x,
Trade VAN/ANA 6/30/2015,Kevin Bieksa,,
Trade VAN/ARI 7/23/2021,Oliver Ekman-Larsson,a,
Trade VAN/ARI 7/23/2021,Dylan Guenther,a,
Trade VAN/ARI 7/23/2021,Conor Garland,a,
Trade VAN/ARI 7/23/2021,Antoine Roussel,,
Trade VAN/ARI 7/23/2021,Jay Beagle,,
Trade VAN/ARI 7/23/2021,Loui Eriksson,a,
Trade VAN/ARI 7/23/2021,Yegor Rimashevsky,a,
Trade VAN/ARI 7/23/2021,Hunter Haight,a,
Trade VAN/BOS 10/27/2022,Michael DiPietro,x,
Trade VAN/BOS 10/27/2022,Jonathan Myrenberg,x,
Trade VAN/BOS 10/27/2022,Jack Studnicka,a,
Trade VAN/BUF 2/27/2023,Riley Stillman,x,
Trade VAN/BUF 2/27/2023,Josh Bloom,a,
Trade VAN/CBJ 10/21/2015,Jonah Gadjovich,a,
Trade VAN/CBJ 10/21/2015,John Tortorella (Coach),a,
Trade VAN/CBJ 2/26/2018,Tyler Motte,a,
Trade VAN/CBJ 2/26/2018,Thomas Vanek,a,
Trade VAN/CBJ 2/26/2018,Jussi Jokinen,,
Trade VAN/CBJ 2/27/2012,Josh Anderson,,
Trade VAN/CBJ 2/27/2012,Taylor Leier,a,
Trade VAN/CBJ 2/27/2012,Taylor Ellington,,
Trade VAN/CBJ 2/27/2012,Sami Pahlsson,,
Trade VAN/CGY 1/31/2024,Elias Lindholm,x,
Trade VAN/CGY 1/31/2024,Andrei Kuzmenko,a,
Trade VAN/CGY 1/31/2024,Matvei Gridin,a,
Trade VAN/CGY 1/31/2024,Hunter Brzustewicz,a,
Trade VAN/CGY 1/31/2024,Joni Jurmo,a,
Trade VAN/CGY 1/31/2024,Heikki Ruohonen,a,
Trade VAN/CGY 3/2/2015,Rasmus Andersson,a,
Trade VAN/CGY 3/2/2015,Sven Baertschi,,
Trade VAN/CHI 10/7/2022,Riley Stillman,x,
Trade VAN/CHI 10/7/2022,Jason Dickinson,x,
Trade VAN/CHI 10/7/2022,Kamil Bednarik,x,
Trade VAN/CHI 11/28/2023,Anthony Beauvillier,x,
Trade VAN/CHI 11/28/2023,Colton Roberts,a,
Trade VAN/CHI 4/12/2021,Adam Gaudette,a,
Trade VAN/CHI 4/12/2021,Matthew Highmore,a,
Trade VAN/CHI 6/24/2017,Tim Soderlund,x,
Trade VAN/CHI 6/24/2017,Kristoffer Gunnarsson,x,
Trade VAN/CHI 6/24/2017,Petrus Palmu,x,
Trade VAN/DAL 4/2/2013,Kevin Connauton,x,
Trade VAN/DAL 4/2/2013,Derek Roy,x,
Trade VAN/DAL 4/2/2013,Philippe Desrosiers,x,
Trade VAN/DET 3/1/2023,Filip Hronek,a,
Trade VAN/DET 3/1/2023,Ty Mueller,a,
Trade VAN/DET 3/1/2023,Axel Sandin Pellikka,a,
Trade VAN/DET 3/1/2023,Felix Nilsson,a,
Trade VAN/EDM 6/25/2025,Evander Kane,a,
Trade VAN/EDM 6/25/2025,David Lewandowski,a,
Trade VAN/FLA 10/10/2021,Noah Juulsen,a,
Trade VAN/FLA 10/10/2021,Olli Juolevi,,
Trade VAN/FLA 10/10/2021,Juho Lammikko,a,
Trade VAN/FLA 10/22/2011,Steven Reinprecht,x,
Trade VAN/FLA 10/22/2011,Mikael Samuelsson,a,
Trade VAN/FLA 10/22/2011,Marco Sturm,,
Trade VAN/FLA 10/22/2011,David Booth,,
Trade VAN/FLA 10/22/2011,Cole Cassels,,
Trade VAN/FLA 3/4/2014,Jacob Markstrom,a,
Trade VAN/FLA 3/4/2014,Steven Anthony,,
Trade VAN/FLA 3/4/2014,Shawn Matthias,a,
Trade VAN/FLA 3/4/2014,Roberto Luongo,,
Trade VAN/FLA 6/25/2010,Steve Bernier,a,
Trade VAN/FLA 6/25/2010,Victor Oreskovich,,
Trade VAN/FLA 6/25/2010,Michael Grabner,x,
Trade VAN/FLA 6/25/2010,Keith Ballard,a,
Trade VAN/FLA 6/25/2010,Quinton Howden,,
Trade VAN/LAK 7/5/2006,Taylor Ellington,,
Trade VAN/LAK 7/5/2006,Brayden McNabb,a,
Trade VAN/LAK 7/5/2006,Dan Cloutier,,
Trade VAN/NJD 3/3/2023,Curtis Lazar,a,
Trade VAN/NJD 3/3/2023,Heikki Ruohonen,a,
Trade VAN/NJD 6/30/2013,Bo Horvat,a,
Trade VAN/NJD 6/30/2013,Cory Schneider,,
Trade VAN/NYR 1/31/2025,JT Miller,a,
Trade VAN/NYR 1/31/2025,Erik Brannstrom,a,
Trade VAN/NYR 1/31/2025,Jackson Dorrington,a,
Trade VAN/NYR 1/31/2025,Filip Chytil,a,
Trade VAN/NYR 1/31/2025,Victor Mancini,a,
Trade VAN/NYR 1/31/2025,Jack Nesbitt,x,
Trade VAN/NYR 2/25/2023,William Lockwood,,
Trade VAN/NYR 2/25/2023,Vitali Kravtsov,a,
Trade VAN/NYR 2/25/2023,2026 7th Round (VAN/NYR),a,
Trade VAN/NYR 3/21/2022,Tyler Motte,a,
Trade VAN/NYR 3/21/2022,Matthew Perkins,a,
Trade VAN/OTT 1/2/2019,Arturs Silovs,a,
Trade VAN/OTT 1/2/2019,Tom Pyatt,x,
Trade VAN/OTT 1/2/2019,Anders Nilsson,a,
Trade VAN/OTT 1/2/2019,Darren Archibald,,
Trade VAN/OTT 1/2/2019,Mike McKenna,,
Trade VAN/PIT 10/17/2023,Jack Rathbone,a,
Trade VAN/PIT 10/17/2023,Mark Friedman,,
Trade VAN/PIT 10/17/2023,Ty Glover,a,
Trade VAN/PIT 10/17/2023,Karel Plasek,,
Trade VAN/PIT 10/3/2017,Derrick Pouliot,a,
Trade VAN/PIT 10/3/2017,Stanislav Demin,a,
Trade VAN/PIT 10/3/2017,Andrey Pedan,,
Trade VAN/PIT 2/25/2019,Erik Gudbranson,x,
Trade VAN/PIT 2/25/2019,Tanner Pearson,x,
Trade VAN/SJS 2/25/2019,Linus Karlsson,a,
Trade VAN/SJS 2/25/2019,Jonathan Dahlen,,
Trade VAN/SJS 6/22/2019,Tom Pyatt,x,
Trade VAN/SJS 6/22/2019,Timur Ibragimov,x,
Trade VAN/SJS 6/22/2019,Arvid Costmar,x,
Trade VAN/SJS 6/22/2019,Francis Perron,x,
Trade VAN/TBL 6/22/2019,JT Miller,a,
Trade VAN/TBL 6/22/2019,Shakir Mukhamadullin,x,
Trade VAN/TBL 6/22/2019,Hugo Alnefelt,a,
Trade VAN/TBL 6/22/2019,Marek Mazanec,,
Trade VAN/TOR 12/3/2018,Michael Carcone,x,
Trade VAN/TOR 12/3/2018,Josh Leivo,,
Trade VAN/TOR 2/28/2023,Luke Schenn,a,
Trade VAN/TOR 2/28/2023,Sawyer Mynio,a,
Trade VAN/VGK 10/12/2020,Elias Pettersson b.2004,a,
Trade VAN/VGK 10/12/2020,Nate Schmidt,a,
Trade VAN/WPG 7/27/2021,Nate Schmidt,a,
Trade VAN/WPG 7/27/2021,Jordan Gustafson,a,
Trade VGK/ANA 6/21/2017,Shea Theodore,a,
Trade VGK/ANA 6/21/2017,Clayton Stoner,,
Trade VGK/BUF 11/4/2021,Alex Tuch,a,
Trade VGK/BUF 11/4/2021,Peyton Krebs,a,
Trade VGK/BUF 11/4/2021,Noah Ostlund,a,
Trade VGK/BUF 11/4/2021,Jack Eichel,a,
Trade VGK/BUF 11/4/2021,Riley Heidt,a,
Trade VGK/BUF 11/4/2021,Mathieu Cataford,a,
Trade VGK/BUF 6/28/2019,Colin Miller,a,
Trade VGK/BUF 6/28/2019,Sergei Ivanov,,
Trade VGK/BUF 6/28/2019,Ben Roger,a,
Trade VGK/CAR 7/13/2022,Dylan Coghlan,a,
Trade VGK/CAR 7/13/2022,Max Pacioretty,a,
Trade VGK/CAR 7/4/2017,Marcus Kruger,x,
Trade VGK/CAR 7/4/2017,Brandon Kruse,,
Trade VGK/CBJ 3/2/2023,Michael Hutchinson,x,
Trade VGK/CBJ 3/2/2023,Jonathan Quick,x,
Trade VGK/CBJ 3/2/2023,Loke Krantz,x,
Trade VGK/CBJ 6/21/2017,William Karlsson,a,
Trade VGK/CBJ 6/21/2017,Samuel Fagemo,a,
Trade VGK/CBJ 6/21/2017,Kristian Vesalainen,x,
Trade VGK/CBJ 6/21/2017,David Clarkson,,
Trade VGK/CBJ 6/24/2017,Alexandre Texier,a,
Trade VGK/CBJ 6/24/2017,Keegan Kolesar,a,
Trade VGK/CGY/PHI 3/6/2024,Daniil Miromanov,a,
Trade VGK/CGY/PHI 3/6/2024,Kirill Zarubin,a,
Trade VGK/CGY/PHI 3/6/2024,Noah Hanifin,a,
Trade VGK/CGY/PHI 3/6/2024,Mikhail Vorobyev,,
Trade VGK/CGY/PHI 3/6/2024,Noah Powell,a,
Trade VGK/CHI 7/27/2021,Marc-Andre Fleury,a,
Trade VGK/CHI 7/27/2021,Mikael Hakkarainen,x,
Trade VGK/DET 7/24/2021,Shai Buium,a,
Trade VGK/DET 7/24/2021,Daniil Chayka,,
Trade VGK/DET 7/24/2021,Jakub Demek,a,
Trade VGK/MIN 1/21/2019,Nikita Nesterenko,x,
Trade VGK/MIN 1/21/2019,Brad Hunt,,
Trade VGK/MIN 1/21/2019,Isaiah Saville,,
Trade VGK/MTL 6/16/2022,Evgenii Dadonov,a,
Trade VGK/MTL 6/16/2022,Shea Weber,x,
Trade VGK/NJD 6/29/2024,Alexander Holtz,a,
Trade VGK/NJD 6/29/2024,Akira Schmid,a,
Trade VGK/NJD 6/29/2024,Paul Cotter,a,
Trade VGK/NJD 6/29/2024,Mason Moe,a,
Trade VGK/NSH 6/29/2025,Nicolas Hague,a,
Trade VGK/NSH 6/29/2025,Colton Sissons,a,
Trade VGK/NSH 6/29/2025,Jeremy Lauzon,a,
Trade VGK/NSH 6/29/2025,2027 2nd /3rd Round (VGK/NSH),a,
Trade VGK/NYR 3/6/2025,Reilly Smith,a,
Trade VGK/NYR 3/6/2025,Brendan Brisson,a,
Trade VGK/NYR 3/6/2025,Kieren Dervin,a,
Trade VGK/NYR 7/17/2021,Nick DeSimone,a,
Trade VGK/NYR 7/17/2021,Brett Howden,a,
Trade VGK/NYR 7/17/2021,Noah Laba,a,
Trade VGK/OTT 2/25/2019,Erik Brannstrom,a,
Trade VGK/OTT 2/25/2019,Tobias Lindberg,,
Trade VGK/OTT 2/25/2019,Mark Stone,a,
Trade VGK/OTT 2/25/2019,Oscar Lindberg,,
Trade VGK/OTT 2/25/2019,Egor Sokolov,,
Trade VGK/PIT 3/1/2023,Teddy Blueger,a,
Trade VGK/PIT 3/1/2023,Peter Diliberatore,,
Trade VGK/PIT 3/1/2023,Kirill Zarubin,a,
Trade VGK/PIT 6/21/2017,Marc-Andre Fleury,a,
Trade VGK/PIT 6/21/2017,Drew Commesso,a,
Trade VGK/PIT 6/23/2018,Valtteri Puustinen,a,
Trade VGK/PIT 6/23/2018,Jordan Kooy,,
Trade VGK/SJS 3/8/2024,Tomas Hertl,a,
Trade VGK/SJS 3/8/2024,David Edstrom,a,
Trade VGK/SJS 3/8/2024,Ryker Lee,a,
Trade VGK/SJS 3/8/2024,Kieren Dervin,a,
Trade VGK/SJS 3/8/2024,2027 3rd Round (VGK/SJS),a,
Trade VGK/SJS 8/29/2022,Adin Hill,a,
Trade VGK/SJS 8/29/2022,Christian Kirsch,a,
Trade VGK/SJS/CHI 4/12/2021,Colton Dach,a,
Trade VGK/SJS/CHI 4/12/2021,Nikita Grebenkin,a,
Trade VGK/SJS/CHI 4/12/2021,Mattias Janmark,a,
Trade VGK/SJS/CHI 4/12/2021,Nick DeSimone,a,
Trade VGK/SJS/CHI 4/12/2021,Sergei Ivanov,,
Trade VGK/SJS/CHI 4/12/2021,Samuel Savoie,a,
Trade VGK/TOR 10/6/2017,Calvin Pickard,a,
Trade VGK/TOR 10/6/2017,Tobias Lindberg,,
Trade VGK/TOR 10/6/2017,Peter Diliberatore,,
Trade VGK/TOR 7/1/2025,Nicolas Roy,a,
Trade VGK/TOR 7/1/2025,Mitchell Marner,a,
Trade VGK/WPG 6/21/2017,Nick Suzuki,x,
Trade VGK/WPG 6/21/2017,Kristian Vesalainen,x,
Trade VGK/WPG 6/21/2017,Chris Thorburn,x,
Trade VGK/WPG 6/21/2017,Michael Vukojevic,x,
Trade WIN/NYR 12/16/1987,Aaron Miller,x,
Trade WIN/NYR 12/16/1987,Paul Boutilier,,
Trade WPG/CHI 6/30/2013,John Hayden,a,
Trade WPG/CHI 6/30/2013,Luke Johnson,,
Trade WPG/CHI 6/30/2013,Michael Frolik,,
Trade WPG/LAK 6/27/2023,Pierre-Luc Dubois,a,
Trade WPG/LAK 6/27/2023,Rasmus Kupari,a,
Trade WPG/LAK 6/27/2023,Alex Iafallo,a,
Trade WPG/LAK 6/27/2023,Gabriel Vilardi,a,
Trade WPG/LAK 6/27/2023,Alfons Freij,a,
Trade WPG/MIN 7/5/2013,Vitek Vanecek,a,
Trade WPG/MIN 7/5/2013,Devin Setoguchi,a,
Trade WPG/MTL 2/2/2024,Sean Monahan,a,
Trade WPG/MTL 2/2/2024,Liam Greentree,a,
Trade WPG/MTL 6/30/2018,Joel Armia,a,
Trade WPG/MTL 6/30/2018,Steve Mason,,
Trade WPG/MTL 6/30/2018,Simon Bourque,,
Trade WPG/MTL 6/30/2018,Jack Smith,a,
Trade WPG/MTL 6/30/2018,Kieran Ruscheinski,,
Trade WPG/NJD 3/8/2024,Tyler Toffoli,a,
Trade WPG/NJD 3/8/2024,Herman Traff,a,
Trade WPG/NJD 3/8/2024,Lasse Boelius,,
Trade WPG/NSH 2/25/2023,Nino Niederreiter,a,
Trade WPG/NSH 2/25/2023,Spencer Gill,a,
Trade WPG/NYR 2/25/2019,Brendan Lemieux,a,
Trade WPG/NYR 2/25/2019,Kevin Hayes,a,
Trade WPG/NYR 2/25/2019,Ville Heinola,a,
Trade WPG/NYR 6/17/2019,Jacob Trouba,x,
Trade WPG/NYR 6/17/2019,Ville Heinola,a,
Trade WPG/NYR 6/17/2019,Neal Pionk,a,
Trade WPG/PHI 6/25/2016,Logan Stanley,a,
Trade WPG/PHI 6/25/2016,German Rubtsov,,
Trade WPG/PHI 6/25/2016,Pascal Laberge,,
Trade WPG/PHI 6/25/2016,Luke Green,,
Trade WPG/SEA 3/7/2025,Brandon Tanev,a,
Trade WPG/SEA 3/7/2025,2027 2nd Round (WPG/SEA),a,
Trade WPG/SJS 6/25/2011,Colin Blackwell,a,
Trade WPG/SJS 6/25/2011,Sean Kuraly,a,
Trade WPG/SJS 6/25/2011,Zachary Yuen,a,
Trade WPG/SJS 7/2/2023,Artemi Kniazev,x,
Trade WPG/SJS 7/2/2023,Leon Gawanke,,
Trade WPG/STL 2/26/2018,Rasmus Sandin,a,
Trade WPG/STL 2/26/2018,Paul Stastny,a,
Trade WSH/ARI 3/4/2014,Rostislav Klesla,x,
Trade WSH/ARI 3/4/2014,John Mitchell,,
Trade WSH/ARI 3/4/2014,Martin Erat,,
Trade WSH/ARI 3/4/2014,Chris Brown,,
Trade WSH/ARI 3/4/2014,Callum Booth,,
Trade WSH/BUF 3/5/2014,Rostislav Klesla,x,
Trade WSH/BUF 3/5/2014,Jaroslav Halak,x,
Trade WSH/BUF 3/5/2014,Michal Neuvirth,x,
Trade WSH/BUF 3/5/2014,Robin Kovacs,x,
Trade WSH/BUF 6/29/2024,Beck Malenstyn,a,
Trade WSH/BUF 6/29/2024,Cole Hutson,a,
Trade WSH/CHI 2/19/2018,Linus Karlsson,a,
Trade WSH/CHI 2/19/2018,Michal Kempny,,
Trade WSH/CHI 6/24/2011,Phillip Danault,a,
Trade WSH/CHI 6/24/2011,Troy Brouwer,,
Trade WSH/COL 3/1/2023,Lars Eller,a,
Trade WSH/COL 3/1/2023,Theo Stockselius,,
Trade WSH/COL 7/1/2011,Filip Forsberg,a,
Trade WSH/COL 7/1/2011,Semyon Varlamov,a,
Trade WSH/COL 7/1/2011,Mike Winther,a,
Trade WSH/DET 2/22/2019,Nick Jensen,a,
Trade WSH/DET 2/22/2019,Madison Bowey,a,
Trade WSH/DET 2/22/2019,Arseny Gritsyuk,x,
Trade WSH/DET 2/22/2019,Cross Hanas,,
Trade WSH/FLA 6/26/2025,Justin Sourdif,a,
Trade WSH/FLA 6/26/2025,2026 2nd Round (WSH/FLA),a,
Trade WSH/FLA 6/26/2025,2027 6th Round (WSH/FLA),a,
Trade WSH/MIN 6/28/2025,Declan Chisholm,a,
Trade WSH/MIN 6/28/2025,Carter Klippenstein,a,
Trade WSH/MIN 6/28/2025,Aron Dahlqvist,a,
Trade WSH/MIN 6/28/2025,Chase Priskie,a,
Trade WSH/MTL 6/24/2016,Lars Eller,a,
Trade WSH/MTL 6/24/2016,Olivier Rodrigue,a,
Trade WSH/MTL 6/24/2016,Joni Ikonen,,
Trade WSH/NJD 2/28/2011,David Steckel,x,
Trade WSH/NJD 2/28/2011,Jason Arnott,a,
Trade WSH/NJD 2/28/2011,Raphael Bussieres,,
Trade WSH/NJD 7/2/2017,Linus Karlsson,a,
Trade WSH/NJD 7/2/2017,Marcus Johansson,a,
Trade WSH/NJD 7/2/2017,Martin Fehervary,a,
Trade WSH/NJD 7/8/2022,Vitek Vanecek,a,
Trade WSH/NJD 7/8/2022,Seamus Casey,a,
Trade WSH/NJD 7/8/2022,Ryan Chesley,a,
Trade WSH/NJD 7/8/2022,Alexander Suzdalev,a,
Trade WSH/NSH 4/3/2013,Filip Forsberg,a,
Trade WSH/NSH 4/3/2013,Martin Erat,,
Trade WSH/NSH 4/3/2013,Michael Latta,,
Trade WSH/NYR 1/23/2004,Jaromir Jagr,x,
Trade WSH/NYR 1/23/2004,Anson Carter,a,
Trade WSH/NYR 6/27/2015,Jonas Siegenthaler,x,
Trade WSH/NYR 6/27/2015,Robin Kovacs,x,
Trade WSH/NYR 6/27/2015,Brad Morrison,x,
Trade WSH/NYR 6/28/2014,Igor Shesterkin,a,
Trade WSH/NYR 6/28/2014,Nathan Walker,,
Trade WSH/NYR 6/28/2014,Ryan Mantha,,
Trade WSH/NYR 7/24/2021,Ryder Korczak,x,
Trade WSH/NYR 7/24/2021,Brent Johnson b.2003,x,
Trade WSH/NYR 7/24/2021,Dru Krebs,x,
Trade WSH/OTT 7/1/2024,Nick Jensen,a,
Trade WSH/OTT 7/1/2024,Jakob Chychrun,a,
Trade WSH/OTT 7/1/2024,2026 3rd Round (WSH/OTT),a,
Trade WSH/SEA 3/21/2022,Cole Spicer,x,
Trade WSH/SEA 3/21/2022,Daniel Sprong,,
Trade WSH/SEA 3/21/2022,Marcus Johansson,a,
Trade WSH/SEA 3/21/2022,Visa Vedenpaa,a,
Trade WSH/SJS 2/18/2020,Tristen Robins,x,
Trade WSH/SJS 2/18/2020,Dmitri Kostenko,a,
Trade WSH/SJS 2/18/2020,Brenden Dillon,a,
Trade WSH/STL 2/27/2017,Zachary Sanford,,
Trade WSH/STL 2/27/2017,Morgan Frost,a,
Trade WSH/STL 2/27/2017,Pheonix Copley,a,
Trade WSH/STL 2/27/2017,Kevin Shattenkirk,,
Trade WSH/STL 2/27/2017,Brad Malone,,
Trade WSH/STL 7/2/2015,Pheonix Copley,a,
Trade WSH/STL 7/2/2015,Troy Brouwer,,
Trade WSH/STL 7/2/2015,TJ Oshie,,
Trade WSH/STL 7/2/2015,Garrett Pilon,a,
Trade WSH/TOR 2/28/2023,Erik Gustafsson b.1992,a,
Trade WSH/TOR 2/28/2023,Rasmus Sandin,a,
Trade WSH/TOR 2/28/2023,Easton Cowan,a,
Trade WSH/TOR 3/7/2024,Joel Edmundson,a,
Trade WSH/TOR 3/7/2024,Pavel Moysevich,a,
Trade WSH/TOR 3/7/2024,Ryan Miller b.2007,a,
Trade WSH/VGK 12/2/2019,Chandler Stephenson,a,
Trade WSH/VGK 12/2/2019,Ty Murchison,a,
Trade WSH/VGK 3/5/2024,Anthony Mantha,a,
Trade WSH/VGK 3/5/2024,Leon Muggli,a,
Trade WSH/VGK 3/5/2024,2026 4th Round (WSH/VGK),a,
Trade WSH/VGK 6/29/2024,Logan Thompson,a,
Trade WSH/VGK 6/29/2024,Pavel Moysevich,a,
Trade WSH/VGK 6/29/2024,Brady Peddle,a,
Trade WSH/WPG 7/26/2021,Brenden Dillon,a,
Trade WSH/WPG 7/26/2021,Seamus Casey,a,
Trade WSH/WPG 7/26/2021,Carson Rehkopf,a,
Trade BUF/NJD 7/28/2021,Vsevolod Komarov,a,
Trade BUF/NJD 7/28/2021,Will Butcher,,
Trade OTT/NJD 10/3/2025,Kurtis MacDermid,a,
Trade OTT/NJD 10/3/2025,Zack MacEwen,a,
Trade LAK/PHI 3/3/2023,Zack MacEwen,a,
Trade LAK/PHI 3/3/2023,Luke Misa,a,
Trade LAK/PHI 3/3/2023,Brendan Lemieux,a,
Trade VGK/TOR 7/23/2019,Garret Sparks,,
Trade VGK/TOR 7/23/2019,David Clarkson,,
Trade VGK/TOR 7/23/2019,William Villeneuve,a,
Trade BUF/MTL 3/2/2015,Vasili Glotov,a,
Trade BUF/MTL 3/2/2015,Torrey Mitchell,a,
Trade BUF/MTL 3/2/2015,Jack Nevins,a,
Trade FLA/BUF 3/20/2022,Gustav Karlsson,a,
Trade FLA/BUF 3/20/2022,Robert Hagg,a,
Trade COL/BUF 6/29/2024,Brodie Ziemer,a,
Trade COL/BUF 6/29/2024,William Zellers,a,
Trade COL/BUF 6/29/2024,Max Curran,a,
Trade COL/UTH 6/28/2024,Brodie Ziemer,a,
Trade COL/UTH 6/28/2024,Ilya Nabokov,a,
Trade COL/UTH 6/28/2024,Cole Beaudoin,a,
Trade COL/UTH 6/28/2024,Malcolm Spence,a,
Trade BUF/WPG 6/29/2024,Simon-Pier Brunet,a,
Trade BUF/WPG 6/29/2024,Kevin He,a,
Trade BUF/WPG 6/29/2024,Ryerson Leenders,a,
Trade FLA/BUF 3/8/2024,Kyle Okposo,a,
Trade FLA/BUF 3/8/2024,Max Curran,a,
Trade FLA/BUF 3/8/2024,Calle Sjalin,a,
Trade WSH/SJS 6/29/2023,Antoine Keller,a,
Trade WSH/SJS 6/29/2023,Ryan Rucinsky,s,
Trade NJD/NYI 2/16/2020,Andy Greene,,
Trade NJD/NYI 2/16/2020,Sean Behrens,a,
Trade NJD/NYI 2/16/2020,David Quenneville,a,
Trade STL/DET 10/7/2020,Chase Bradley,a,
Trade STL/DET 10/7/2020,Ivan Vorobyov,a,
Trade ARI/LAK 7/24/2021,Bokondji Imama,a,
Trade ARI/LAK 7/24/2021,Tyler Steenbergen,,
Trade ARI/LAK 7/24/2021,Cole Hults,a,
Trade ARI/LAK 7/24/2021,Brayden Burke,,
Trade LAK/TBL 5/31/2017,Bokondji Imama,a,
Trade LAK/TBL 5/31/2017,Radim Salda,a,
Trade MTL/PHI 6/23/2018,Rafael Harvey-Pinard,a,
Trade MTL/PHI 6/23/2018,Brett Stapley,,
Trade PHI/MTL 6/22/2019,Rafael Harvey-Pinard,a,
Trade PHI/MTL 6/22/2019,Gunnarwolfe Fontaine,,
Trade BUF/OTT 6/26/2015,Colin White b.1997,a,
Trade BUF/OTT 6/26/2015,Robin Lehner,a,
Trade BUF/OTT 6/26/2015,David Legwand,a,
Trade NYI/BUF 10/27/2013,Colin White b.1997,a,
Trade NYI/BUF 10/27/2013,Thomas Vanek,a,
Trade NYI/BUF 10/27/2013,Brendan Guhle,a,
Trade NYI/BUF 10/27/2013,Matt Moulson,a,
Trade DET/NYR 9/26/2020,Artyom Grushnikov,a,
Trade DET/NYR 9/26/2020,Marc Staal,,
Trade CGY/SJS 3/8/2024,Nikita Okhotiuk,a,
Trade CGY/SJS 3/8/2024,Colton Roberts,a,
Trade FLA/CGY 2/27/2016,Demetrios Koumontzis,a,
Trade FLA/CGY 2/27/2016,Jiri Hudler,,
Trade FLA/CGY 2/27/2016,Tyler Parsons,,
Trade PHI/CGY 6/29/2024,Luke Misa,a,
Trade PHI/CGY 6/29/2024,Eric Jamieson,a,
Trade PHI/CGY 6/29/2024,Heikki Ruohonen,a,
Trade BUF/CGY 1/1/2020,Daniil Chechelev,a,
Trade BUF/CGY 1/1/2020,Michael Frolik,,
Trade MTL/BUF 1/2/2020,Daniil Chechelev,a,
Trade MTL/BUF 1/2/2020,Marco Scandella,a,
Trade SJS/MTL 6/22/2019,Daniil Chechelev,a,
Trade SJS/MTL 6/22/2019,Yegor Spiridonov,a,
Trade VAN/SJS 12/15/2023,Jack Studnicka,a,
Trade VAN/SJS 12/15/2023,Nick Cicek,a,
Trade VAN/SJS 12/15/2023,Anthony Romani,a,
Trade DET/STL 3/3/2023,Jakub Vrana,a,
Trade DET/STL 3/3/2023,Yan Matveiko,a,
Trade DET/STL 3/3/2023,Dylan McLaughlin,a,
Trade CGY/DET 6/28/2025,Yan Matveiko,a,
Trade CGY/DET 6/28/2025,2026 7th Round (CGY/DET),a,
Trade CAR/NSH 7/24/2021,Justin Robidas,a,
Trade CAR/NSH 7/24/2021,Patrik Hamrla,a,
Trade CAR/NSH 7/24/2021,Anton Olsson,a,
Trade VAN/CAR 10/28/2022,Charles-Alexis Legault,a,
Trade VAN/CAR 10/28/2022,Ethan Bear,a,
Trade VAN/CAR 10/28/2022,Lane Pederson,a,
Trade OTT/CAR 7/24/2021,Bryce Montgomery,a,
Trade OTT/CAR 7/24/2021,Robert Orr,a,
Trade OTT/CAR 7/24/2021,Carson Latimer,a,
Trade CHI/CAR 7/8/2022,Timur Mukhanov,a,
Trade CHI/CAR 7/8/2022,Nils Juntorp,a,
Trade CBJ/CAR 6/29/2024,Evan Gardner,a,
Trade CBJ/CAR 6/29/2024,Oskar Vuollet,a,
Trade CBJ/CAR 6/29/2024,Noel Fransen,a,
Trade CBJ/CAR 2/13/2021,Gregory Hofmann,a,
Trade CBJ/CAR 2/13/2021,Alexander Pelevin,a,
Trade CAR/LAK 6/28/2025,Kurban Limatov,a,
Trade CAR/LAK 6/28/2025,Jimmy Lombardi,a,
Trade CAR/TBL 3/30/2025,Lucas Mercuri,a,
Trade CAR/TBL 3/30/2025,Viggo Nordlund,a,
Trade LAK/CAR 10/7/2020,Lucas Mercuri,a,
Trade LAK/CAR 10/7/2020,Yegor Naumov,a,
Trade LAK/CAR 10/7/2020,Ben Meehan,a,
Trade CHI/CAR 7/24/2021,Alexander Perevalov,a,
Trade CHI/CAR 7/24/2021,Taige Harding,a,
Trade CHI/MIN 3/21/2022,Marc-Andre Fleury,a,
Trade CHI/MIN 3/21/2022,Ryan Greene,a,
Trade CHI/CGY 3/21/2022,Ryan Carpenter,,
Trade CHI/CGY 3/21/2022,Joel Svensson,a,
Trade CHI/CAR 6/29/2024,Nathan Behm,a,
Trade CHI/CAR 6/29/2024,Jack Pridham,a,
Trade SJS/PHI 10/5/2025,Ryan Ellis,a,
Trade SJS/PHI 10/5/2025,Artem Guryev,a,
Trade SJS/PHI 10/5/2025,Carl Grundstrom,a,
Trade ARI/NJD 10/7/2020,Zakhar Bardakov,a,
Trade ARI/NJD 10/7/2020,Elliot Ekefjard,,
Trade COL/SJS 1/25/2023,Matt Nieto,a,
Trade COL/SJS 1/25/2023,Jacob MacDonald,a,
Trade COL/SJS 1/25/2023,Ryan Merkley,,
Trade COL/SJS 1/25/2023,Martin Kaut,a,
Trade COL/SEA 12/15/2023,Tomas Tatar,a,
Trade COL/SEA 12/15/2023,Ivan Yunin,a,
Trade NJD/NSH 6/29/2023,Christian Humphreys,a,
Trade NJD/NSH 6/29/2023,Aiden Fink,a,
Trade CBJ/DET 6/28/2025,Malte Vass,a,
Trade CBJ/DET 6/28/2025,Brent Solomon,a,
Trade CBJ/DET 6/28/2025,2026 4th Round (CBJ/DET),a,
Trade SJS/COL 4/10/2021,Greg Pateryn,a,
Trade SJS/COL 4/10/2021,Devan Dubnyk,,
Trade SJS/COL 4/10/2021,Max McCue,a,
Trade CBJ/NJD 10/8/2020,Ryan Murray,,
Trade CBJ/NJD 10/8/2020,Nikolai Makarov,a,
Trade PIT/DAL 7/10/2025,Vladislav Kolyachonok,a,
Trade PIT/DAL 7/10/2025,Mathew Dumba,,
Trade PIT/DAL 7/10/2025,2028 2nd Round (PIT/DAL),a,
Trade LAK/DAL 2/27/2007,Viktor Tikhonov,A,
Trade LAK/DAL 2/27/2007,Maxim Mayorov,a,
Trade LAK/DAL 2/27/2007,Johan Fransson,,
Trade LAK/DAL 2/27/2007,Jaroslav Modry,,
Trade LAK/DAL 2/27/2007,Oscar Moller,a,
Trade LAK/DAL 2/27/2007,Bryan Cameron,a,
Trade LAK/DAL 2/27/2007,Mattias Norstrom,,
Trade LAK/DAL 2/27/2007,Konstantin Pushkarev,a,
Trade LAK/DAL 2/27/2007,Sergei Korostin,a,
Trade NSH/DET 6/25/2024,Leo Sahlin Wallenius,a,
Trade NSH/DET 6/25/2024,Jesse Kiiskinen,a,
Trade NSH/DET 6/25/2024,Andrew Gibson,a,
Trade COL/DET 4/9/2021,Patrik Nemeth,a,
Trade COL/DET 4/9/2021,Maximilian Kilpinen,a,
Trade BUF/DET 6/22/2019,Filip Cederqvist,a,
Trade BUF/DET 6/22/2019,Carter Gylander,a,
Trade BUF/DET 6/22/2019,Gustav Berglund,,
Trade CHI/DET 10/28/2019,Alec Regula,a,
Trade CHI/DET 10/28/2019,Brendan Perlini,a,
Trade EDM/NYR 5/31/2023,Jayden Grubbe,a,
Trade EDM/NYR 5/31/2023,Rasmus Larsson,a,
Trade CBJ/NJD 2/25/2019,Petr Hauser,a,
Trade CBJ/NJD 2/25/2019,Keith Kinkaid,a,
Trade EDM/ARI 7/7/2022,Maveric Lamoureux,a,
Trade EDM/ARI 7/7/2022,Zack Kassian,,
Trade EDM/ARI 7/7/2022,Reid Schaefer,a,
Trade EDM/ARI 7/7/2022,Veeti Vaisanen,a,
Trade EDM/ARI 7/7/2022,Ben Kevan,a,
Trade PIT/SJS 2/24/2020,Patrick Marleau,a,
Trade PIT/SJS 2/24/2020,Luca Munzenberger,a,
Trade EDM/NSH 6/28/2025,Asher Barnett,a,
Trade EDM/NSH 6/28/2025,2026 5th Round (EDM/NSH),a,
Trade CBJ/TOR 4/9/2021,Riley Nash,,
Trade CBJ/TOR 4/9/2021,Josh Davies,a,
Trade EDM/BOS 4/25/2015,Jack Studnicka,a,
Trade EDM/BOS 4/25/2015,Peter Chiarelli (GM),a,
Trade TOR/FLA 6/29/2024,Linus Eriksson,a,
Trade TOR/FLA 6/29/2024,Nathan Mayes,a,
Trade TOR/FLA 6/29/2024,Tinus Luc Koblar,a,
Trade SEA/FLA 6/29/2024,Clarke Caswell,a,
Trade SEA/FLA 6/29/2024,Stepan Gorbunov,a,
Trade SEA/FLA 6/29/2024,Denis Gabdrakhmanov,a,
Trade FLA/ARI 7/26/2021,Vladislav Kolyachonok,,
Trade FLA/ARI 7/26/2021,Anton Stralman,a,
Trade FLA/ARI 7/26/2021,Will Skahan,a,
Trade FLA/ARI 7/26/2021,Stepan Zvyagin,a,
Trade FLA/CHI 6/28/2025,Brendan Dunphy,a,
Trade FLA/CHI 6/28/2025,2026 7th Round (FLA/CHI),a,
Trade MTL/LAK 6/28/2024,Carter George,a,
Trade MTL/LAK 6/28/2024,James Reeder,a,
Trade MTL/LAK 6/28/2024,Liam Greentree,s,
Trade MTL/LAK 6/28/2024,Michael Hage,a,
Trade LAK/OTT 7/24/2021,Ben Roger,a,
Trade LAK/OTT 7/24/2021,Francesco Pinelli,a,
Trade LAK/OTT 7/24/2021,Robert Orr,a,
Trade CGY/LAK 6/24/2021,Kirill Kirsanov,a,
Trade CGY/LAK 6/24/2021,Cameron Whynot,a,
Trade CGY/LAK 6/24/2021,Jack Beck,a,
Trade WSH/MTL 2/21/2018,Matvei Guskov,a,
Trade WSH/MTL 2/21/2018,Jakub Jerabek,a,
Trade MTL/FLA 6/22/2019,Jakub Dobes,a,
Trade MTL/FLA 6/22/2019,Henrik Rybinski,a,
Trade MTL/STL 2/18/2020,Marco Scandella,a,
Trade MTL/STL 2/18/2020,Jack Finley,a,
Trade MTL/STL 2/18/2020,William Trudeau,a,
Trade MTL/SJS/PIT 3/3/2023,Nick Bonino,a,
Trade MTL/SJS/PIT 3/3/2023,Tony Sund,,
Trade MTL/SJS/PIT 3/3/2023,Tyler Thorpe,a,
Trade MTL/SJS/PIT 3/3/2023,Nate Misskey,a,
Trade MTL/SJS/PIT 3/3/2023,Antoine Keller,a,
Trade MTL/SJS/PIT 3/3/2023,Arvid Henrikson,,
Trade PIT/NYR 6/29/2023,Rasmus Bergqvist,s,
Trade PIT/NYR 6/29/2023,Drew Fortescue,a,
Trade PIT/NYR 6/29/2023,Emil Pieniniemi,a,
Trade MTL/SJS 10/7/2020,Dmitri Kostenko,a,
Trade MTL/SJS 10/7/2020,Brandon Coe,a,
Trade PHI/MTL 2/24/2020,Nate Thompson,a,
Trade PHI/MTL 2/24/2020,Daniil Sobolev,a,
Trade DAL/NSH 6/29/2023,Hiroki Gojsic,a,
Trade DAL/NSH 6/29/2023,Ludvig Lafton,a,
Trade DAL/NSH 6/29/2023,Brad Gardiner,,
Trade TBL/SJS 4/12/2021,Magnus Chrona,a,
Trade TBL/SJS 4/12/2021,Fredrik Claesson,,
Trade TBL/DET 8/14/2019,Adam Erne,a,
Trade TBL/DET 8/14/2019,Zayde Wisdom,,
Trade PHI/NSH 6/29/2024,Spencer Gill,a,
Trade PHI/NSH 6/29/2024,Viggo Gustafsson,a,
Trade PHI/NSH 6/29/2024,Gabriel D'Aigle,a,
Trade NSH/VGK 6/28/2025,Jakob Ihs-Wozniak,a,
Trade NSH/VGK 6/28/2025,Jack Ivankovic,a,
Trade NSH/VGK 6/28/2025,Alex Huang,a,
Trade OTT/PIT 10/7/2020,Matt Murray,a,
Trade OTT/PIT 10/7/2020,Joel Blomqvist,a,
Trade OTT/PIT 10/7/2020,Jonathan Gruden,a,
Trade NJD/BUF 2/24/2020,Wayne Simmonds,,
Trade NJD/BUF 2/24/2020,Topias Vilen,a,
Trade SJS/MIN 11/8/2023,Adam Raska,,
Trade SJS/MIN 11/8/2023,Calen Addison,a,
Trade SJS/MIN 11/8/2023,2026 5th Round (SJS/MIN),a,
Trade NJD/CAR 2/24/2020,Nico Daws,a,
Trade NJD/CAR 2/24/2020,Sami Vatanen,a,
Trade NJD/CAR 2/24/2020,Fredrik Claesson,,
Trade NJD/CAR 2/24/2020,Janne Kuokkanen,,
Trade NJD/SJS 6/29/2024,Kasper Pikkarainen,a,
Trade NJD/SJS 6/29/2024,Carson Wetsch,a,
Trade NJD/SJS 6/29/2024,David Rozsival,a,
Trade WSH/NJD 6/29/2024,Carson Wetsch,a,
Trade WSH/NJD 6/29/2024,Veeti Louhivaara,a,
Trade WSH/NJD 6/29/2024,Ilya Protas,a,
Trade VGK/WPG 10/9/2020,Paul Stastny,a,
Trade VGK/WPG 10/9/2020,Noah Laba,a,
Trade VGK/WPG 10/9/2020,Carl Dahlstrom,,
Trade NSH/NYR 2/6/2019,Cody McLeod,,
Trade NSH/NYR 2/6/2019,Hugo Ollas,a,
Trade PIT/NYR 3/8/2024,Chad Ruhwedel,a,
Trade PIT/NYR 3/8/2024,2027 4th Round (PIT/NYR),a,
Trade COL/VAN 10/6/2024,Erik Brannstrom,a,
Trade COL/VAN 10/6/2024,Tucker Poolman,,
Trade COL/VAN 10/6/2024,Mikkel Eriksen,a,
Trade NYR/LAK 3/27/2021,Brendan Lemieux,a,
Trade NYR/LAK 3/27/2021,Brody Lamb,x,
Trade OTT/UTH 7/3/2024,Jan Jenik,a,
Trade OTT/UTH 7/3/2024,Egor Sokolov,,
Trade STL/EDM 10/7/2016,Cameron Crotty,a,
Trade STL/EDM 10/7/2016,Zachary Pochiro,a,
Trade STL/EDM 10/7/2016,Nail Yakupov,,
Trade OTT/WPG 3/21/2022,Zachary Sanford,,
Trade OTT/WPG 3/21/2022,Cameron O'Neill,a,
Trade NYI/OTT 4/11/2021,Braydon Coburn,,
Trade NYI/OTT 4/11/2021,Tyson Dyck,a,
Trade TBL/OTT 12/27/2020,Cedric Paquette,a,
Trade TBL/OTT 12/27/2020,Braydon Coburn,,
Trade TBL/OTT 12/27/2020,Anders Nilsson,a,
Trade TBL/OTT 12/27/2020,Marian Gaborik,a,
Trade TBL/OTT 12/27/2020,Filip Nordberg,a,
Trade WSH/OTT 3/8/2024,Evgeny Kuznetsov,,
Trade WSH/OTT 3/8/2024,Blake Vanek,a,
Trade WSH/OTT 3/8/2024,2027 7th Round (WSH/OTT),a,
Trade NYR/CBJ 3/8/2024,Jack Roslovic,a,
Trade NYR/CBJ 3/8/2024,2026 4th Round (NYR/CBNJ),a,
Trade TOR/VGK 7/8/2022,Nikita Grebenkin,a,
Trade TOR/VGK 7/8/2022,Jordan Gustafson,a,
Trade TOR/VGK 7/8/2022,Nicholas Moldenhauer,a,
Trade ARI/SJS 7/28/2021,Lane Pederson,a,
Trade ARI/SJS 7/28/2021,Gregor Biber,a,
Trade WSH/PHI 4/12/2021,Ty Murchison,a,
Trade WSH/PHI 4/12/2021,Michael Raffl,,
Trade PHI/EDM 3/21/2022,Derick Brassard,a,
Trade PHI/EDM 3/21/2022,Alex Ciernik,a,
Trade PHI/NYR 3/21/2022,Justin Braun,,
Trade PHI/NYR 3/21/2022,Egor Zavragin,a,
Trade SEA/PHI 6/28/2025,Blake Fiddler,a,
Trade SEA/PHI 6/28/2025,Carter Amico,a,
Trade SEA/PHI 6/28/2025,Matthew Gard,a,
Trade SEA/PHI 6/28/2025,Will Reynolds,a,
Trade CAR/PHI 8/9/2023,Massimo Rizzo,a,
Trade CAR/PHI 8/9/2023,Luke Vlooswyk,a,
Trade WPG/PIT 8/22/2024,Rutger McGroarty,a,
Trade WPG/PIT 8/22/2024,Brayden Yager,a,
Trade PIT/WSH 10/7/2020,Daniel Laatsch,a,
Trade PIT/WSH 10/7/2020,Oskar Magnusson,,
Trade PIT/VGK 6/28/2025,Mateo Nobert,a,
Trade PIT/VGK 6/28/2025,Brady Peddle,a,
Trade PIT/VGK 6/28/2025,Jordan Charron,a,
Trade OTT/TOR 7/11/2022,Matt Murray,a,
Trade OTT/TOR 7/11/2022,Matt Lahey,a,
Trade OTT/TOR 7/11/2022,Juraj Pekarcik,a,
Trade OTT/COL 2/6/2019,Max McCormick,a,
Trade OTT/COL 2/6/2019,Jean-Christophe Beaudin,,
Trade ANA/OTT 2/17/2011,Max McCormick,a,
Trade ANA/OTT 2/17/2011,Jarkko Ruutu,,
Trade PHX/ANA 3/3/2010,Max McCormick,a,
Trade PHX/ANA 3/3/2010,Petteri Nokelainen,,
Trade MTL/WSH 2/23/2020,Ilya Kovalchuk,a,
Trade MTL/WSH 2/23/2020,Dylan Peterson,a,
Trade STL/SJS 7/24/2021,Simon Robertsson,a,
Trade STL/SJS 7/24/2021,Theo Jacobsson,a,
Trade STL/SJS 7/24/2021,Benjainn Gaudreau,a,
Trade MIN/STL 10/7/2020,Noah Beck,a,
Trade MIN/STL 10/7/2020,Will Cranley,a,
Trade MIN/STL 10/7/2020,Pavel Novak,,
Trade STL/NYI 12/8/2023,Robert Bortuzzo,a,
Trade STL/NYI 12/8/2023,Matvei Korotky,a,
Trade MTL/TBL 7/24/2021,Dylan Duke,a,
Trade MTL/TBL 7/24/2021,Cameron Whitehead,a,
Trade TBL/MIN 7/2/2023,Patrick Maroon,,
Trade TBL/MIN 7/2/2023,Harrison Meneghin,a,
Trade TBL/MIN 7/2/2023,Maxim Cajkovic,,
Trade TBL/NJD 11/1/2019,Louis Domingue,,
Trade TBL/NJD 11/1/2019,Daniil Pylenkov,a,
Trade CAR/MTL 6/30/2025,Cayden Primeau,a,
Trade CAR/MTL 6/30/2025,2026 7th Round (CAR/MTL),a,
Trade PHI/MTL 6/24/2017,Cayden Primeau,a,
Trade PHI/MTL 6/24/2017,Brett Stapley,,
Trade MIN/CAR 6/22/2019,Patrik Puistola,,
Trade MIN/CAR 6/22/2019,Cade Webber,a,
Trade MIN/CAR 6/22/2019,Hunter Jones,,
Trade TOR/CAR 3/7/2024,Cade Webber,a,
Trade TOR/CAR 3/7/2024,2026 7th Round (TOR/CAR),a,
Trade NSH/TOR 7/8/2022,Dennis Hildeby,a,
Trade NSH/TOR 7/8/2022,Juha Jatkola,a,
Trade MIN/WPG 2/25/2019,Matt Hendricks,,
Trade MIN/WPG 2/25/2019,Wyatt Schingoethe,a,
Trade TOR/MIN 5/30/2019,Wyatt Schingoethe,a,
Trade TOR/MIN 5/30/2019,Fedor Gordeev,,
Trade DET/EDM 6/29/2023,Klim Kostin,a,
Trade DET/EDM 6/29/2023,Kailer Yamamoto,a,
Trade MTL/ARI 7/24/2021,Miguel Tourigny,a,
Trade MTL/ARI 7/24/2021,Sam Lipkin,a,
Trade ARI/WSH 3/21/2022,Johan Larsson,a,
Trade ARI/WSH 3/21/2022,Noel Nordh,a,
Trade CBJ/ARI 3/2/2023,Jon Gillies,,
Trade CBJ/ARI 3/2/2023,Jakub Voracek,a,
Trade CBJ/ARI 3/2/2023,Samu Bau,a,
Trade UTH/NSH 6/28/2025,Reko Alanko,a,
Trade UTH/NSH 6/28/2025,2026 6th Round (UTH/NSH),a,
Trade VAN/MIN 6/25/2011,Joe Labate,a,
Trade VAN/MIN 6/25/2011,David Honzik,a,
Trade VAN/MIN 6/25/2011,Mario Lucia,,
Trade STL/ANA 2/28/2011,MacKenzie MacEachern,a,
Trade STL/ANA 2/28/2011,Brad Winchester,,
Trade VAN/CAR 6/27/2015,Guillaume Brisebois,a,
Trade VAN/CAR 6/27/2015,Eddie Lack,a,
Trade VAN/CAR 6/27/2015,Brett McKenzie,,
Trade ARI/WIN 3/21/2022,Nathan Smith b.1998,x,
Trade ARI/WIN 3/21/2022,Bryan Little,,
Trade ARI/WIN 3/21/2022,Garrett Brown,a,
Trade 11/22/2018 EDM/OTT,Cole Reinhardt,a,
Trade 11/22/2018 EDM/OTT,Chris Wideman,a,
Trade STL/EDM 10/1/2018,Cole Reinhardt,a,
Trade STL/EDM 10/1/2018,Jakub Jerabek,a,
Trade TOR/VAN 3/20/2022,Travis Dermott,,
Trade TOR/VAN 3/20/2022,Jordan Gustafson,a,
Trade DET/VGK 7/24/2021,Oscar Plandowski,a,
Trade DET/VGK 7/24/2021,Jakub Brabenec,a,
Trade DET/VGK 7/24/2021,Redmond Savage,,
Trade MTL/VGK 7/8/2022,Cameron Whitehead,,
Trade PIT/STL 8/13/2024,William Moore,A,
Trade PIT/STL 8/13/2024,Mateo Nobert,a,
Trade PIT/STL 8/13/2024,2026 2nd Round (PIT/STL),a,
Trade VGK/WSH 6/29/2024,Gustav Sjoqvist,a,
Trade VGK/WSH 6/29/2024,Miroslav Satan Jr,a,
Trade WPG/CAR 2/25/2015,Spencer Smallman,a,
Trade WPG/CAR 2/25/2015,Jiri Tlusty,,
Trade WPG/CAR 2/25/2015,Matt Filippe,,
Trade DAL/NJD 2/23/2019,Graeme Clarke,a,
Trade DAL/NJD 2/23/2019,Connor Carrick,,
Trade DAL/NJD 2/23/2019,Ben Lovejoy,,
Trade WSH/OTT 6/28/2025,Blake Vanek,,
Trade WSH/OTT 6/28/2025,Maxim Schafer,a,
Trade WSH/OTT 6/28/2025,2027 7th Round (OTT/WSH),a,
Trade BUF/PHI 3/8/2024,Erik Johnson,a,
Trade BUF/PHI 3/8/2024,Kevin He,a,
Trade CBJ/SJS 7/8/2022,Sergei Ivanov,,
Trade CBJ/SJS 7/8/2022,Axel Landen,a,
Trade WPG/CHI 1/15/2025,Isaak Phillips,a,
Trade WPG/CHI 1/15/2025,Dmitri Kuzmin,a,
Trade SJS/CAR 6/29/2023,Jayden Perron,a,
Trade SJS/CAR 6/29/2023,Alexander Rykov,a,
Trade SJS/CAR 6/29/2023,Brandon Svoboda,a,
Trade STL/EDM 10/9/2022,Klim Kostin,a,
Trade STL/EDM 10/9/2022,Dmitri Samorukov,,
Trade NJD/NSH 3/1/2017,PA Parenteau,,
Trade NJD/NSH 3/1/2017,Sasha Chmelevski,a,
Trade NJD/SJS 6/24/2017,Sasha Chmelevski,a,
Trade NJD/SJS 6/24/2017,Yegor Zaitsev,,
Trade NJD/SJS 6/24/2017,Matthew Hellickson,,
Trade MIN/SJS 10/5/2020,Devan Dubnyk,,
Trade MIN/SJS 10/5/2020,Reese Laubach,a,
Trade MIN/SJS 10/5/2020,Jake Furlong,a,
Trade DET/SJS 6/25/2024,Jake Walman,a,
Trade DET/SJS 6/25/2024,Leo Sahlin Wallenius,a,
Trade ARI/SJS 7/8/2022,Yegor Rimashevsky,a,
Trade ARI/SJS 7/8/2022,Adam Zlnka,,
Trade STL/PHX 3/13/2001,Jeff Taffe,,
Trade STL/PHX 3/13/2001,Ben Eager,a,
Trade STL/PHX 3/13/2001,Michal Handzus,,
Trade STL/PHX 3/13/2001,Keith Tkachuk,a,
Trade STL/PHX 3/13/2001,Ladislav Nagy,,
Trade WIN/BUF 6/16/1990,Phil Housley,,
Trade WIN/BUF 6/16/1990,Scott Arniel,,
Trade WIN/BUF 6/16/1990,Dale Hawerchuk,,
Trade WIN/BUF 6/16/1990,Brad May,,
Trade WIN/BUF 6/16/1990,Keith Tkachuk,a,
Trade WIN/BUF 6/16/1990,Jeff Parker,,
Trade CBJ/NYR 4/3/2013,Steven Delisle,,
Trade CBJ/NYR 4/3/2013,Derick Brassard,a,
Trade CBJ/NYR 4/3/2013,John Moore,a,
Trade CBJ/NYR 4/3/2013,Chase Lang,,
Trade CBJ/NYR 4/3/2013,Derek Dorsett,,
Trade CBJ/NYR 4/3/2013,Marian Gaborik,a,
Trade CBJ/NYR 4/3/2013,Blake Parlett,,
Trade ANA/PHI 6/26/2009,John Moore,a,
Trade ANA/PHI 6/26/2009,Joffrey Lupul,a,
Trade ANA/PHI 6/26/2009,Ryan Dingle,,
Trade ANA/PHI 6/26/2009,Luca Sbisa,a,
Trade ANA/PHI 6/26/2009,Chris Pronger,,
Trade ANA/PHI 6/26/2009,Emerson Etem,,
Trade NSH/NYR 1/22/2014,Michael Del Zotto,a,
Trade NSH/NYR 1/22/2014,Kevin Klein,,
Trade SJS/ANA 3/4/2009,Nick Bonino,a,
Trade SJS/ANA 3/4/2009,Travis Moen,,
Trade SJS/ANA 3/4/2009,Timo Pielmeier,a,
Trade SJS/ANA 3/4/2009,Kent Huskins,,
Trade SJS/ANA 3/4/2009,Andrew O'Brien,,
Trade TOR/CHI 12/9/2021,Kurtis Gabriel,,
Trade TOR/CHI 12/9/2021,Chad Krys,a,
Trade MTL/BUF 7/1/2014,Josh Gorges,,
Trade MTL/BUF 7/1/2014,Chad Krys,a,
Trade CGY/MTL 1/12/2012,Rene Bourque,a,
Trade CGY/MTL 1/12/2012,Patrick Holland,,
Trade CGY/MTL 1/12/2012,Zach Fucale,,
Trade CGY/MTL 1/12/2012,Michael Cammalleri,a,
Trade CGY/MTL 1/12/2012,Karri Ramo,,
Trade CGY/MTL 1/12/2012,Ryan Culkin,a,
Trade CHI/CGY 7/1/2008,Rene Bourque,a,
Trade CHI/CGY 7/1/2008,Brad Ross,a,
Trade MTL/ANA 11/20/2014,Rene Bourque,a,
Trade MTL/ANA 11/20/2014,Bryan Allen,,
Trade ANA/CHI 3/4/2009,Sami Pahlsson,,
Trade ANA/CHI 3/4/2009,Petri Kontiola,,
Trade ANA/CHI 3/4/2009,Logan Stephenson,,
Trade ANA/CHI 3/4/2009,James Wisniewski,a,
Trade NYI/ANA 7/30/2010,Joseph Cramarossa,,
Trade NYI/ANA 7/30/2010,James Wisniewski,a,
Trade NYI/MTL 12/28/2010,James Wisniewski,a,
Trade NYI/MTL 12/28/2010,Johan Sundstrom,a,
Trade MTL/CBJ 6/29/2011,Charles Hudon,,
Trade MTL/CBJ 6/29/2011,James Wisniewski,a,
Trade ANA/CAR 6/27/2015,Anton Khudobin,a,
Trade ANA/CAR 6/27/2015,James Wisniewski,a,
Trade CAR/OTT 2/11/2008,Cory Stillman,a,
Trade CAR/OTT 2/11/2008,Joe Corvo,,
Trade CAR/OTT 2/11/2008,Patrick Eaves,a,
Trade CAR/BOS 7/24/2009,Patrick Eaves,a,
Trade CAR/BOS 7/24/2009,Aaron Ward,,
Trade CAR/BOS 7/24/2009,Craig Cunningham,,
Trade ANA/SJS 3/5/2001,Vojtech Polak,a,
Trade ANA/SJS 3/5/2001,Teemu Selanne,,
Trade ANA/SJS 3/5/2001,Steve Shields,,
Trade ANA/SJS 3/5/2001,Jeff Friesen,,
Trade STL/TBL 7/10/2012,BJ Crombeen,a,
Trade STL/TBL 7/10/2012,Austin Poganski,,
Trade STL/TBL 7/10/2012,Tyler Nanne,a,
Trade STL/TBL 7/10/2012,Jackson Houck,a,
Trade TBL/PHX 6/29/2014,BJ Crombeen,a,
Trade TBL/PHX 6/29/2014,Sam Gagner,a,
Trade TBL/PHX 6/29/2014,Kristian Oldham,,
Trade OTT/EDM 2/24/2020,Tyler Ennis,a,
Trade OTT/EDM 2/24/2020,Gage Alexander,a,
Trade EDM/PIT 2/27/2016,Justin Schultz,a,
Trade EDM/PIT 2/27/2016,Filip Berglund,,
Trade ANA/WSH 4/4/2014,Dustin Penner,a,
Trade ANA/WSH 4/4/2014,Brent Moran,,
Trade LAK/EDM 2/28/2011,Oscar Klefbom,,
Trade LAK/EDM 2/28/2011,Dustin Penner,a,
Trade LAK/EDM 2/28/2011,Colten Teubert,a,
Trade LAK/EDM 2/28/2011,Daniil Zharkov,a,
Trade EDM/NYI 2/18/2007,Marc-Andre Bergeron,,
Trade EDM/NYI 2/18/2007,Kirill Petrov,s,
Trade EDM/NYI 2/18/2007,Denis Grebeshkov,,
Trade NYI/EDM 7/5/2007,Travis Hamonic,,
Trade NYI/EDM 7/5/2007,Allan Rourke,,
Trade NYI/EDM 7/5/2007,Kirill Petrov,a,
Trade ANA/TOR 2/9/2011,Joffrey Lupul,a,
Trade ANA/TOR 2/9/2011,Fredrik Bergvik,,
Trade ANA/TOR 2/9/2011,Jake Gardiner,,
Trade ANA/TOR 2/9/2011,Francois Beauchemin,,
Trade PHX/ANA 6/20/2008,Viktor Tikhonov,A,
Trade PHX/ANA 6/20/2008,Eric O'Dell,,
Trade COL/CHI 3/9/2006,Korbinian Holzer,a,
Trade COL/CHI 3/9/2006,Jim Dowd,a,
Trade EDM/NSH 10/1/1998,Jim Dowd,a,
Trade EDM/NSH 10/1/1998,Drake Berehowsky,,
Trade EDM/NSH 10/1/1998,Greg DeVries,a,
Trade EDM/NSH 10/1/1998,Mikhail Shtalenkov,,
Trade EDM/NSH 10/1/1998,Eric Fichaud,,
Trade HFD/VAN 12/19/1995,Jim Dowd,a,
Trade HFD/VAN 12/19/1995,Frantisek Kucera,,
Trade HFD/VAN 12/19/1995,Ryan Bonni,,
Trade HFD/VAN 12/19/1995,Jeff Brown,,
Trade HFD/VAN 12/19/1995,Paul Manning,,
Trade NJD/HFD 12/19/1995,Jim Dowd,a,
Trade NJD/HFD 12/19/1995,John Erskine,,
Trade NJD/HFD 12/19/1995,Jocelyn Lemieux,,
Trade NJD/HFD 12/19/1995,Dmitri Kokorev,,
Trade MTL/MIN 3/4/2004,Jim Dowd,a,
Trade MTL/MIN 3/4/2004,Julien Sprunger,,
Trade BUF/PHI 1/17/2019,Justin Bailey,a,
Trade BUF/PHI 1/17/2019,Taylor Leier,a,
Trade STL/BUF 3/30/2013,Justin Bailey,a,
Trade STL/BUF 3/30/2013,Jordan Leopold,,
Trade STL/BUF 3/30/2013,Anthony Florentino,A,
Trade ANA/BOS 2/21/2020,Ondrej Kase,a,
Trade ANA/BOS 2/21/2020,Jacob Perreault,a,
Trade ANA/BOS 2/21/2020,David Backes,,
Trade ANA/BOS 2/21/2020,Axel Andersson,a,
Trade NYI/EDM 6/24/2000,Eric Brewer,a,
Trade NYI/EDM 6/24/2000,Brad Winchester,,
Trade NYI/EDM 6/24/2000,Roman Hamrlik,,
Trade NYI/EDM 6/24/2000,Josh Green,,
Trade EDM/STL 8/2/2005,Chris Pronger,,
Trade EDM/STL 8/2/2005,Eric Brewer,a,
Trade EDM/STL 8/2/2005,Doug Lynch,a,
Trade EDM/STL 8/2/2005,Jeff Woywitka,,
Trade TBL/ANA 11/28/2014,Eric Brewer,a,
Trade TBL/ANA 11/28/2014,Dennis Yan,,
Trade COL/CBJ 2/26/2008,David Savard,a,
Trade COL/CBJ 2/26/2008,Luca Sbisa,a,
Trade COL/CBJ 2/26/2008,Adam Foote,a,
Trade PHI/CBJ 6/20/2008,RJ Umberger,,
Trade PHI/CBJ 6/20/2008,Luca Sbisa,a,
Trade PHI/CBJ 6/20/2008,Drew Olson,a,
Trade PHI/CBJ 6/20/2008,Marc-Andre Bourdon,a,
Trade NYR/VAN 6/27/2014,Derek Dorsett,,
Trade NYR/VAN 6/27/2014,Keegan Kolesar,a,
Trade CHI/TOR 2/26/2015,TJ Brennan,a,
Trade CHI/TOR 2/26/2015,Spencer Abbott,a,
Trade TOR/CHI 1/3/2016,Richard Panik,a,
Trade TOR/CHI 1/3/2016,Jeremy Morin,a,
Trade PHI/TBL 2/25/2008,Richard Panik,a,
Trade PHI/TBL 2/25/2008,Vaclav Prospal,,
Trade PHI/TBL 2/25/2008,Alexandre R Picard,,
Trade ARI/NSH 2/8/2019,Laurent Dauphin,a,
Trade ARI/NSH 2/8/2019,Adam Helewka,,
Trade ARI/NSH 2/8/2019,Emil Pettersson,a,
Trade CHI/ATL 7/1/2010,Andrew Ladd,a,
Trade CHI/ATL 7/1/2010,Adam Clendening,a,
Trade CHI/ATL 7/1/2010,Ivan Vishneskiy,,
Trade PHX/FLA 6/20/2008,Olli Jokinen,,
Trade PHX/FLA 6/20/2008,Keith Ballard,a,
Trade PHX/FLA 6/20/2008,Nick Boynton,,
Trade PHX/FLA 6/20/2008,Jared Staal,,
Trade CGY/COL 6/24/2006,Jordan Leopold,,
Trade CGY/COL 6/24/2006,Alex Tanguay,a,
Trade CGY/COL 6/24/2006,Trevor Cann,a,
Trade CGY/COL 6/24/2006,Codey Burki,a,
Trade MTL/CGY 6/20/2008,Stefan Elliott,,
Trade MTL/CGY 6/20/2008,Alex Tanguay,a,
Trade MTL/CGY 6/20/2008,Maxim Trunev,a,
Trade MTL/CGY 6/20/2008,Greg Nemisz,a,
Trade SJS/COL 11/20/1997,Alex Tanguay,a,
Trade SJS/COL 11/20/1997,Shean Donovan,,
Trade SJS/COL 11/20/1997,Mike Ricci,,
Trade SJS/COL 11/20/1997,Jaroslav Kristek,,
Trade CHI/STL 6/25/2016,Conner Bleackley (B),A,
Trade CHI/STL 6/25/2016,Parker Foo,,
Trade CAR/DET 12/12/2019,Kyle Wood,a,
Trade CAR/DET 12/12/2019,Oliwer Kaski,a,
Trade CAR/SJS 8/6/2019,Trevor Carrick,,
Trade CAR/SJS 8/6/2019,Kyle Wood,a,
Trade ARI/SJS 6/14/2018,Adam Helewka,,
Trade ARI/SJS 6/14/2018,Kyle Wood,a,
Trade CHI/PHI 10/26/2022,Cooper Zech,a,
Trade CHI/PHI 10/26/2022,Evan Barratt,,
Trade EDM/VAN 2/24/2016,Michael Karow,a,
Trade EDM/VAN 2/24/2016,Philip Larsen,,
Trade EDM/PHX 3/29/2013,Tobias Rieder,A,
Trade EDM/PHX 3/29/2013,Kale Kessy,a,
Trade EDM/PIT 1/17/2009,Ryan Stone,,
Trade EDM/PIT 1/17/2009,Tobias Rieder,a,
Trade EDM/PIT 1/17/2009,Dany Sabourin,,
Trade EDM/PIT 1/17/2009,Mathieu Garon,,
Trade CAR/CHI 2/26/2008,Andrew Ladd,a,
Trade CAR/CHI 2/26/2008,Tuomo Ruutu,a,
Trade WPG/CHI 2/25/2016,Andrew Ladd,a,
Trade WPG/CHI 2/25/2016,Marko Dano,a,
Trade WPG/CHI 2/25/2016,Matt Fraser,a,
Trade WPG/CHI 2/25/2016,German Rubtsov,,
Trade WPG/CHI 2/25/2016,Jay Harrison,,
Trade CBJ/CAR 6/26/2004,Andrew Ladd,a,
Trade CBJ/CAR 6/26/2004,Kyle Wharton,,
Trade CBJ/CAR 6/26/2004,Alexandre Picard (a),,
Trade NYR/CAR 3/28/2022,Maxim Letunov,,
Trade NYR/CAR 3/28/2022,Tarmo Reunanen,a,
Trade FLA/NYR 6/20/2016,Keith Yandle,a,
Trade FLA/NYR 6/20/2016,Tyler Wall,,
Trade FLA/NYR 6/20/2016,Scott Reedy,,
Trade PHX/DET 6/24/2006,Chris Summers,a,
Trade PHX/DET 6/24/2006,Shawn Matthias,a,
Trade PHX/DET 6/24/2006,Cory Emmerton,a,
Trade PHX/DET 6/24/2006,Jordan Bendfeld,a,
Trade OTT/LAK 2/13/2018,Nick Shore,a,
Trade OTT/LAK 2/13/2018,Dion Phaneuf,,
Trade OTT/LAK 2/13/2018,Marian Gaborik,a,
Trade OTT/LAK 2/13/2018,Nate Thompson,a,
Trade CGY/OTT 2/26/2018,Nick Shore,s,
Trade CGY/OTT 2/26/2018,Tyler Angle,,
Trade MTL/EDM 12/6/2024,Noel Hoefenmayer,a,
Trade MTL/EDM 12/6/2024,Jacob Perreault,a,
Trade PHI/NYI 6/25/2016,Noel Hoefenmayer,a,
Trade PHI/NYI 6/25/2016,Otto Koivula,a,
Trade TOR/NSH 7/3/2011,Robert Slaney,,
Trade TOR/NSH 7/3/2011,Cody Franson,,
Trade TOR/NSH 7/3/2011,Zachary Pochiro,a,
Trade TOR/NSH 7/3/2011,Matthew Lombardi,,
Trade TOR/NSH 7/3/2011,Brett Lebda,a,
Trade PIT/TOR 2/25/2015,Kasper Bjorkqvist,a,
Trade PIT/TOR 2/25/2015,Daniel Winnik,,
Trade PIT/TOR 2/25/2015,Christian Wolanin,a,
Trade PIT/TOR 2/25/2015,Zach Sill,,
Trade PIT/WPG 2/13/2013,Dane Birks,a,
Trade PIT/WPG 2/13/2013,Eric Tangradi,,
Trade 5/19/2015 DAL/EDM,Todd McLellan (Coach),a,
Trade 5/19/2015 DAL/EDM,Mike Robinson,a,
Trade PIT/OTT 2/24/2011,Ryan Dzingel,a,
Trade PIT/OTT 2/24/2011,Alexei Kovalev,,
Trade NYI/CHI 6/25/2016,Anatoly Golyshev,a,
Trade NYI/CHI 6/25/2016,Jonathan Davidsson,a,
Trade NYI/CHI 6/25/2016,Lucas Carlsson,,
Trade STL/EDM 6/30/2001,Jochen Hecht,,
Trade STL/EDM 6/30/2001,Marty Reasoner,a,
Trade STL/EDM 6/30/2001,Doug Weight,,
Trade STL/EDM 6/30/2001,Michael Riesen,a,
Trade STL/EDM 6/30/2001,Jan Horacek,,
Trade CHI/FLA 7/22/2010,Marty Reasoner,a,
Trade CHI/FLA 7/22/2010,Jeff Taffe,,
Trade STL/EDM 7/28/1995,Matt Zultek,,
Trade STL/EDM 7/28/1995,Marty Reasoner,a,
Trade STL/EDM 7/28/1995,Shayne Corson,,
Trade STL/EDM 8/4/1995,Mike Grier,,
Trade STL/EDM 8/4/1995,Matt Zultek,,
Trade STL/EDM 8/4/1995,Marty Reasoner,a,
Trade STL/EDM 8/4/1995,Curtis Joseph,,
Trade PHX/PHI 2/9/2004,Mike Comrie,,
Trade PHX/PHI 2/9/2004,Sean Burke,,
Trade PHX/PHI 2/9/2004,Ben Eager,a,
Trade PHX/PHI 2/9/2004,Branko Radivojevic,,
Trade PHI/CHI 12/18/2007,Ben Eager,a,
Trade PHI/CHI 12/18/2007,Jim Vandermeer,,
Trade ATL/SJS 1/18/2011,Ben Eager,a,
Trade ATL/SJS 1/18/2011,Austen Brassard,,
Trade FLA/NYR 10/6/2014,Steven Kampfer,,
Trade FLA/NYR 10/6/2014,Joey Crabb,z,
Trade FLA/NYR 10/6/2014,Andrew Yogan,a,
Trade NYR/SJS 6/30/2001,Rich Pilon,,
Trade NYR/SJS 6/30/2001,Joey Crabb,a,
Trade CHI/CBJ 12/14/2014,Jeremy Morin,a,
Trade CHI/CBJ 12/14/2014,Tim Erixon,a,
Trade TBL/ARI 2/25/2017,Jeremy Morin,a,
Trade TBL/ARI 2/25/2017,Stefan Fournier,,
Trade WSH/ANA 11/19/2007,Jeremy Morin,a,
Trade WSH/ANA 11/19/2007,Brian Sutherby,,
Trade WSH/MTL 2/26/2008,Jeremy Morin,A,
Trade WSH/MTL 2/26/2008,Cristobal Huet,,
Trade ATL/MTL 2/16/2009,Julian Melchiori,,
Trade ATL/MTL 2/16/2009,Mathieu Schneider,,
Trade ATL/MTL 2/16/2009,Jeremy Morin,a,
Trade ATL/MTL 2/16/2009,Joonas Nattinen,a,
Trade VAN/NYI 8/3/2005,Brent Sopel,a,
Trade VAN/NYI 8/3/2005,Bryce Swan,,
Trade NYI/LAK 3/8/2006,Brent Sopel,a,
Trade NYI/LAK 3/8/2006,Denis Grebeshkov,,
Trade NYI/LAK 3/8/2006,Jeff Tambellini,,
Trade NYI/LAK 3/8/2006,Mark Parrish,,
Trade VAN/LAK 2/26/2007,Wayne Simmonds,,
Trade VAN/LAK 2/26/2007,Justin Jokinen,a,
Trade VAN/LAK 2/26/2007,Brent Sopel,a,
Trade ATL/MTL 2/24/2011,Ben Maxwell,,
Trade ATL/MTL 2/24/2011,Brent Sopel,a,
Trade ATL/MTL 2/24/2011,Nigel Dawes,,
Trade ATL/MTL 2/24/2011,Olivier Archambault,,
Trade WPG/CGY 1/30/2012,John Negrin,,
Trade WPG/CGY 1/30/2012,Akim Aliu,a,
Trade CHI/VAN 2/26/2007,Bryan Smolinski,,
Trade CHI/VAN 2/26/2007,Akim Aliu,a,
Trade OTT/SJS 9/12/2009,Milan Michalek,,
Trade OTT/SJS 9/12/2009,Dany Heatley,a,
Trade OTT/SJS 9/12/2009,Kent Simpson,,
Trade OTT/SJS 9/12/2009,Jonathan Cheechoo,,
Trade OTT/SJS 9/12/2009,Isaac MacLeod,a,
Trade MIN/SJS 7/3/2011,Martin Havlat,,
Trade MIN/SJS 7/3/2011,Dany Heatley,a,
Trade FLA/ANA 2/28/2015,Thomas Schemitsch,,
Trade FLA/ANA 2/28/2015,Tomas Fleischmann,a,
Trade FLA/ANA 2/28/2015,Dany Heatley,a,
Trade NSH/COL 10/25/1998,Greg DeVries,a,
Trade NSH/COL 10/25/1998,Branko Radivojevic,,
Trade NYR/OTT 3/9/2004,Alexandre Giroux,,
Trade NYR/OTT 3/9/2004,Greg DeVries,a,
Trade NYR/OTT 3/9/2004,Karel Rachunek,a,
Trade NYR/ATL 2/27/2007,Pascal Dupuis,,
Trade NYR/ATL 2/27/2007,Robert Bortuzzo,a,
Trade NYR/ATL 2/27/2007,Alex Bourret,,
Trade BOS/WSH 2/1/2007,TJ Brodie,a,
Trade BOS/WSH 2/1/2007,Milan Jurcina,,
Trade PIT/CGY 2/9/2003,Andrew Ference,a,
Trade PIT/CGY 2/9/2003,Brian Gifford,a,
Trade DET/SJS 6/10/2012,Alexander Kadeykin,,
Trade DET/SJS 6/10/2012,Brad Stuart,a,
Trade DET/SJS 6/10/2012,Andrew Murray,,
Trade SJS/COL 7/1/2014,Brad Stuart,a,
Trade SJS/COL 7/1/2014,Denis Smirnov,,
Trade SJS/COL 7/1/2014,Cameron Morrison,,
Trade SJS/NSH 6/27/1998,Brad Stuart,a,
Trade SJS/NSH 6/27/1998,David Legwand,a,
Trade SJS/NSH 6/27/1998,Geoff Koch,,
Trade SJS/NSH 6/27/1998,Jonathan Cheechoo,,
Trade BOS/MIN 10/18/2009,Craig Weller,a,
Trade BOS/MIN 10/18/2009,Alex Khokhlachev,,
Trade BOS/MIN 10/18/2009,Chuck Kobasew,a,
Trade BOS/MIN 10/18/2009,Alexander Fallstrom,,
Trade PHX/CGY 6/23/2001,Chuck Kobasew,a,
Trade PHX/CGY 6/23/2001,Fredrik Sjostrom,,
Trade PHX/CGY 6/23/2001,Andrei Taratukhin,,
Trade BOS/OTT 1/11/2019,Paul Carey,a,
Trade BOS/OTT 1/11/2019,Cody Goloubef,,
Trade COL/PHI 10/31/2013,Steve Downie,,
Trade COL/PHI 10/31/2013,Max Talbot,a,
Trade CGY/DAL 11/22/2013,Lane MacDermid,a,
Trade CGY/DAL 11/22/2013,Aaron Haydon,a,
Trade PHI/BOS 10/13/2018,Lane MacDermid,a,
Trade PHI/BOS 10/13/2018,Ned Lukacevic,,
Trade PHI/BOS 10/13/2018,Andrew Alberts,,
Trade BOS/ATL 2/18/2011,Rich Peverley,a,
Trade BOS/ATL 2/18/2011,Mark Stuart,,
Trade BOS/ATL 2/18/2011,Blake Wheeler,,
Trade BOS/ATL 2/18/2011,Boris Valabik,a,
Trade CBJ/DAL 8/29/2001,Loui Eriksson,a,
Trade CBJ/DAL 8/29/2001,Grant Marshall,,
Trade MTL/WPG 2/26/2018,Joe Morrow,a,
Trade MTL/WPG 2/26/2018,Milos Roman,,
Trade PHX/CAR 1/8/2007,Dennis Seidenberg,a,
Trade PHX/CAR 1/8/2007,Kevyn Adams,,
Trade PHX/PHI 1/20/2006,Joonas Lehtivuori,,
Trade PHX/PHI 1/20/2006,Tomas Marcinko,,
Trade PHX/PHI 1/20/2006,Dennis Seidenberg,a,
Trade PHX/PHI 1/20/2006,Petr Nedved,,
Trade MTL/PHI 12/7/2000,PJ Stock,,
Trade MTL/PHI 12/7/2000,Dennis Seidenberg,a,
Trade MTL/PHI 12/7/2000,Gino Odjick,,
Trade BOS/SJS 6/21/2003,Steve Bernier,a,
Trade BOS/SJS 6/21/2003,Byron Bitz,a,
Trade BOS/SJS 6/21/2003,Mark Stuart,,
Trade BOS/SJS 6/21/2003,Masi Marjamaki,a,
Trade STL/BOS 2/27/2007,Brad Boyes,,
Trade STL/BOS 2/27/2007,Dennis Wideman,a,
Trade FLA/WSH 2/28/2011,Dennis Wideman,a,
Trade FLA/WSH 2/28/2011,Jonathan Racine,a,
Trade FLA/WSH 2/28/2011,Jake Hauswirth,,
Trade CGY/WSH 6/27/2012,Dennis Wideman,a,
Trade CGY/WSH 6/27/2012,Tucker Poolman,,
Trade CGY/WSH 6/27/2012,Jordan Henry,,
Trade FLA/NYI 6/22/2002,Gregory Campbell,a,
Trade FLA/NYI 6/22/2002,Eric Godard,a,
Trade FLA/NYI 6/23/2001,Tomas Malec,,
Trade FLA/NYI 6/23/2001,Gregory Campbell,a,
Trade FLA/NYI 6/23/2001,Cory Stillman,a,
Trade TOR/CBJ 2/26/2015,David Clarkson,,
Trade TOR/CBJ 2/26/2015,Nathan Horton,a,
Trade PIT/FLA 6/21/2003,Marc-Andre Fleury,a,
Trade PIT/FLA 6/21/2003,Mikael Samuelsson,a,
Trade PIT/FLA 6/21/2003,Nathan Horton,a,
Trade PIT/FLA 6/21/2003,Stefan Meyer,a,
Trade PIT/FLA 6/21/2003,Daniel Carcillo,,
Trade TOR/CHI 6/26/2010,Brad Ross,a,
Trade TOR/CHI 6/26/2010,Jimmy Hayes,a,
Trade FLA/CHI 11/14/2013,Philippe Lefebvre,,
Trade FLA/CHI 11/14/2013,Jimmy Hayes,a,
Trade FLA/CHI 11/14/2013,Kris Versteeg,a,
Trade FLA/CHI 11/14/2013,Dylan Olsen,,
Trade PIT/TOR 2/26/2008,Jimmy Hayes,a,
Trade PIT/TOR 2/26/2008,Hal Gill,,
Trade PIT/TOR 2/26/2008,Andy Bathgate b.1991,,
Trade ATL/CGY 11/15/2002,Marc Savard,a,
Trade ATL/CGY 11/15/2002,Ruslan Zaynullin,,
Trade CGY/NYR 6/26/1999,Jamie Lundmark,,
Trade CGY/NYR 6/26/1999,Marc Savard,a,
Trade CGY/NYR 6/26/1999,Oleg Saprykin,,
Trade CGY/NYR 6/26/1999,Jan Hlavac,,
Trade STL/TOR 11/24/2008,Lee Stempniak,a,
Trade STL/TOR 11/24/2008,Carlo Colaiacovo,,
Trade STL/TOR 11/24/2008,Alexander Steen,,
Trade PHX/CGY 8/29/2011,Daymond Langkow,,
Trade PHX/CGY 8/29/2011,Lee Stempniak,a,
Trade CGY/PIT 3/5/2014,Matt Iacopelli,,
Trade CGY/PIT 3/5/2014,Lee Stempniak,a,
Trade NYR/WPG 3/1/2015,Lee Stempniak,a,
Trade NYR/WPG 3/1/2015,Carl Klingberg,,
Trade PHX/STL 6/21/2003,Lee Stempniak,a,
Trade PHX/STL 6/21/2003,Tyson Nash,,
Trade NJD/SJS 5/28/2015,Pete DeBoer (Coach),a,
Trade NJD/SJS 5/28/2015,Reilly Walsh,a,
Trade CHI/BOS 11/6/2005,Shane Sims,a,
Trade CHI/BOS 11/6/2005,Andy Hilbert,a,
Trade BOS/EDM 8/1/2005,James DeLory,a,
Trade BOS/EDM 8/1/2005,Brad Isbister,,
Trade BOS/EDM 8/30/2005,Yan Stastny,a,
Trade BOS/EDM 8/30/2005,James DeLory,a,
Trade NYI/SJS 6/24/2006,James DeLory,a,
Trade NYI/SJS 6/24/2006,Jase Weslosky,,
Trade NYI/SJS 6/24/2006,Stefan Ridderwall,a,
Trade VAN/EDM 2/16/2019,Sam Gagner,a,
Trade VAN/EDM 2/16/2019,Ryan Spooner,a,
Trade CBJ/FLA 6/22/2002,Jay Bouwmeester,,
Trade CBJ/FLA 6/22/2002,Rick Nash,a,
Trade CAR/NYR 6/23/2018,Riley Hughes,a,
Trade CAR/NYR 6/23/2018,Massimo Rizzo,a,
Trade NYI/OTT/TOR 1/23/1996,Wade Redden,a,
Trade NYI/OTT/TOR 1/23/1996,Bryan Berard,,
Trade NYI/OTT/TOR 1/23/1996,Martin Straka,,
Trade NYI/OTT/TOR 1/23/1996,Damian Rhodes,a,
Trade NYI/OTT/TOR 1/23/1996,Ken Belanger,,
Trade NYI/OTT/TOR 1/23/1996,Kirk Muller,,
Trade NYI/OTT/TOR 1/23/1996,Don Beaupre,,
Trade TBL/BUF 11/24/2019,Matt Spencer,A,
Trade TBL/BUF 11/24/2019,Devante Stephens,a,
Trade PIT/PHI 2/19/1992,Mark Recchi,a,
Trade PIT/PHI 2/19/1992,Rick Tocchet,,
Trade PIT/PHI 2/19/1992,Dave Roche,,
Trade PIT/PHI 2/19/1992,Brian Benning,,
Trade PIT/PHI 2/19/1992,Jason Bowen,,
Trade PIT/PHI 2/19/1992,Kjell Samuelsson,,
Trade PIT/PHI 2/19/1992,Ken Wregget,,
Trade MTL/PHI 3/10/1999,Matt Carkner,,
Trade MTL/PHI 3/10/1999,Scott Selig,,
Trade MTL/PHI 3/10/1999,Mark Recchi,a,
Trade MTL/PHI 3/10/1999,Dainius Zubrus,,
Trade PHI/MTL 2/9/1995,Mark Recchi,a,
Trade PHI/MTL 2/9/1995,Martin Hohenberger,a,
Trade PHI/MTL 2/9/1995,Eric Desjardins,a,
Trade PHI/MTL 2/9/1995,Gilbert Dionne,a,
Trade PHI/MTL 2/9/1995,John LeClair,,
Trade CAR/PIT 3/9/2006,Mark Recchi,a,
Trade CAR/PIT 3/9/2006,Kevin Marshall,,
Trade CAR/PIT 3/9/2006,Niklas Nordgren (1),a,
Trade CAR/PIT 3/9/2006,Krys Kolanos,,
Trade TBL/TOR 8/27/2010,Matt Lashoff,a,
Trade TBL/TOR 8/27/2010,Alex Berry,a,
Trade TBL/TOR 8/27/2010,Stefano Giliati,a,
Trade BOS/LAK 6/20/2003,Jozef Stumpel,,
Trade BOS/LAK 6/20/2003,Martins Karsums,a,
Trade BOS/LAK 6/20/2003,Patrik Valcak,,
Trade BOS/LAK 6/20/2003,Miroslav Hanuljak,,
Trade LAK/DET 3/11/2003,Martins Karsums,a,
Trade LAK/DET 3/11/2003,Mathieu Schneider,,
Trade LAK/DET 3/11/2003,Sean Avery,,
Trade LAK/DET 3/11/2003,Jeff Tambellini,,
Trade LAK/DET 3/11/2003,Maxim Kuznetsov,a,
Trade CAR/MTL 12/9/2011,Tomas Kaberle,a,
Trade CAR/MTL 12/9/2011,Jaroslav Spacek,,
Trade COL/TOR 6/24/2011,John-Michael Liles,,
Trade COL/TOR 6/24/2011,Mike Winther,a,
Trade WSH/DAL 6/22/2012,Mike Ribeiro,,
Trade WSH/DAL 6/22/2012,Cody Eakin,,
Trade WSH/DAL 6/22/2012,Mike Winther,a,
Trade CHI/MTL 9/12/2008,Robert Lang,,
Trade CHI/MTL 9/12/2008,Jared Knight,a,
Trade MTL/TOR 7/3/2008,Jared Knight,a,
Trade MTL/TOR 7/3/2008,Mikhail Grabovski,,
Trade MTL/TOR 7/3/2008,Greg Pateryn,a,
Trade MIN/BOS 3/2/2015,Zack Phillips,a,
Trade MIN/BOS 3/2/2015,Jared Knight,a,
Trade NSH/SJS 6/21/2008,Harri Sateri,,
Trade NSH/SJS 6/21/2008,Craig Smith,a,
Trade NSH/SJS 6/21/2008,Anders Lindback,a,
Trade ARI/CGY 6/17/2017,Mike Smith,,
Trade ARI/CGY 6/17/2017,Niklas Nordgren (2),a,
Trade ARI/CGY 6/17/2017,Chad Johnson,,
Trade ARI/CGY 6/17/2017,Brandon Hickey,a,
Trade ANA/OTT 2/25/2019,Patrick Sieloff,a,
Trade ANA/OTT 2/25/2019,Brian Gibbons,,
Trade CGY/OTT 6/27/2016,Patrick Sieloff,a,
Trade CGY/OTT 6/27/2016,Alex Chiasson,,
Trade ANA/TBL 12/30/2019,Chris Mueller,,
Trade ANA/TBL 12/30/2019,Patrick Sieloff,a,
Trade CBJ/PIT 2/22/2024,Emil Bemstrom,,
Trade CBJ/PIT 2/22/2024,Alexander Nylander,a,
Trade CBJ/PIT 2/22/2024,2026 3rd/6th Round (CBJ/PIT),a,
Trade ANA/TOR 1/11/2017,Zachary Bouthillier,,
Trade ANA/TOR 1/11/2017,Jhonas Enroth,a,
Trade VAN/BUF 3/9/2006,Jhonas Enroth,a,
Trade VAN/BUF 3/9/2006,Mika Noronen,a,
Trade NSH/BUF 3/3/2023,Melvin Novotny,,
Trade NSH/BUF 3/3/2023,Rasmus Asplund,a,
Trade DAL/CHI 2/28/2017,Adam Mascherin (2),a,
Trade DAL/CHI 2/28/2017,Johnny Oduya,a,
Trade DAL/CHI 2/28/2017,Mark McNeill,,
Trade WSH/MIN 3/3/2010,Eric Belanger,a,
Trade WSH/MIN 3/3/2010,Johan Larsson,a,
Trade CAR/NYR 2/28/2016,Artur Kayumov,a,
Trade CAR/NYR 2/28/2016,Aleksi Saarela,a,
Trade CAR/NYR 2/28/2016,Luke Martin,,
Trade CAR/NYR 2/28/2016,Eric Staal,a,
Trade OTT/TBL 6/7/2000,Paul Gaustad,a,
Trade OTT/TBL 6/7/2000,Rich Parent,,
Trade TBL/BUF 6/25/2000,Paul Gaustad,a,
Trade TBL/BUF 6/25/2000,Jan Platil,,
Trade TBL/BUF 6/25/2000,Ilya Solarev,a,
Trade NYI/VGK 6/21/2017,Mikhail Grabovski,,
Trade NYI/VGK 6/21/2017,Erik Brannstrom,a,
Trade NYI/VGK 6/21/2017,Jake Bischoff,,
Trade NYI/VGK 6/21/2017,Jean-Francois Berube,a,
Trade NYI/VGK 6/21/2017,Robert Mastrosimone,a,
Trade LAK/MTL 11/23/2017,Allan McShane,,
Trade LAK/MTL 11/23/2017,Torrey Mitchell,a,
Trade BOS/SJS 1/22/2003,Torrey Mitchell,a,
Trade BOS/SJS 1/22/2003,Jeff Hackett,,
Trade BOS/SJS 1/22/2003,Jeff Jillson,,
Trade BOS/SJS 1/22/2003,Kyle McLaren,,
Trade BOS/COL 11/29/2010,Matt Hunwick,a,
Trade BOS/COL 11/29/2010,Colby Cohen,a,
Trade VAN/BUF 6/22/2019,Aaron Huglen,,
Trade VAN/BUF 6/22/2019,Karel Plasek,,
Trade VAN/BUF 6/22/2019,Ethan Keppen,a,
Trade WIN/BUF 10/11/1991,Yuri Khmylev,a,
Trade WIN/BUF 10/11/1991,Darrin Shannon,,
Trade WIN/BUF 10/11/1991,Dean Kennedy,,
Trade WIN/BUF 10/11/1991,Mike Hartman,,
Trade WIN/BUF 10/11/1991,Dave McIlwain,,
Trade WIN/BUF 10/11/1991,Gord Donnelly,,
Trade WIN/BUF 10/11/1991,Greg Paslawski,,
Trade STL/FLA 12/17/2000,Andrei Podkonicky,a,
Trade STL/FLA 12/17/2000,Eric Boguniecki,,
Trade CBJ/BUF 6/23/2000,Geoff Sanderson,,
Trade CBJ/BUF 6/23/2000,Jean-Luc Grand-Pierre,a,
Trade CBJ/BUF 6/23/2000,Matt Davidson,a,
Trade CBJ/BUF 6/23/2000,Tyler Kolarik,,
Trade CBJ/BUF 6/23/2000,Andreas Jamtin,,
Trade CBJ/BUF 6/23/2000,Dwayne Roloson,,
Trade SJS/BUF 2/26/2008,Brian Campbell,,
Trade SJS/BUF 2/26/2008,Steve Bernier,a,
Trade SJS/BUF 2/26/2008,Tyler Ennis,a,
Trade SJS/BUF 2/26/2008,Drew Daniels,a,
Trade BUF/CBJ 3/3/2010,Petr Straka,a,
Trade BUF/CBJ 3/3/2010,Raffi Torres,,
Trade BUF/CBJ 3/3/2010,Nathan Paetsch,,
Trade LAK/BOS 8/29/1997,Jozef Stumpel,,
Trade LAK/BOS 8/29/1997,Sandy Moger,,
Trade LAK/BOS 8/29/1997,Byron Dafoe,a,
Trade LAK/BOS 8/29/1997,Dmitri Khristich,,
Trade LAK/BOS 8/29/1997,Pierre Dagenais (2),,
Trade WSH/LAK 7/8/1995,Byron Dafoe,a,
Trade WSH/LAK 7/8/1995,Dmitri Khristich,,
Trade WSH/LAK 7/8/1995,Justin Davis,,
Trade WSH/LAK 7/8/1995,Alexandre Volchkov,,
Trade WSH/QUE 6/13/1987,Dale Hunter,,
Trade WSH/QUE 6/13/1987,Alan Haworth,,
Trade WSH/QUE 6/13/1987,Clint Malarchuk,a,
Trade WSH/QUE 6/13/1987,Gaetan Duchesne,,
Trade WSH/QUE 6/13/1987,Joe Sakic,,
Trade NYR/LAK 12/9/1985,Grant Ledyard,a,
Trade NYR/LAK 12/9/1985,Roland Melanson,,
Trade NYR/LAK 12/9/1985,Mike Sullivan,,
Trade NYR/LAK 12/9/1985,Brian MacLellan,,
Trade BOS/VAN 3/3/1998,Grant Ledyard,a,
Trade BOS/VAN 3/3/1998,Curtis Valentine,a,
Trade TBL/DAL 3/13/2001,Grant Ledyard,a,
Trade TBL/DAL 3/13/2001,Jeremy Van Hoof (2),a,
Trade FLA/DAL 2/24/2020,Yevgeni Oksentyuk,a,
Trade FLA/DAL 2/24/2020,Emil Djuse,,
Trade CAR/FLA 2/25/2019,Cliff Pu,a,
Trade CAR/FLA 2/25/2019,Tomas Jurco,,
Trade CBJ/FLA 10/8/2020,Cliff Pu,a,
Trade CBJ/FLA 10/8/2020,Markus Nutivaara,,
Trade CAR/TOR 3/9/2004,Jared Boll,a,
Trade CAR/TOR 3/9/2004,Ron Francis,,
Trade CBJ/CAR 11/29/2006,Derrick Walser,a,
Trade CBJ/CAR 11/29/2006,Mark Flood,,
Trade MIN/NJD 1/30/2019,Ryan Murphy,a,
Trade MIN/NJD 1/30/2019,Michael Kapla,,
Trade NJD/CGY 12/30/2017,Dalton Prout,,
Trade NJD/CGY 12/30/2017,Eddie Lack,a,
Trade CHI/PHX 8/11/2007,Kevyn Adams,,
Trade CHI/PHX 8/11/2007,Radim Vrbata,a,
Trade COL/CAR 3/11/2003,Bates Battaglia,,
Trade COL/CAR 3/11/2003,Radim Vrbata,a,
Trade TBL/PHX 7/21/2009,Radim Vrbata,a,
Trade TBL/PHX 7/21/2009,Todd Fedoruk,,
Trade TBL/PHX 7/21/2009,David Hale,,
Trade TOR/LAK 6/23/2013,Jonathan Bernier,a,
Trade TOR/LAK 6/23/2013,Matt Frattin,,
Trade TOR/LAK 6/23/2013,Travis Dermott,,
Trade TOR/LAK 6/23/2013,Ben Scrivens,,
Trade ANA/CAR 11/23/2010,Stefan Chaput,,
Trade ANA/CAR 11/23/2010,Ryan Carter,a,
Trade ANA/CAR 11/23/2010,Matt Kennedy,,
Trade CGY/STL 3/13/2001,David Moss,,
Trade CGY/STL 3/13/2001,Cory Stillman,a,
Trade CGY/STL 3/13/2001,Craig Conroy,,
Trade TBL/STL 6/21/2003,David Backes,,
Trade TBL/STL 6/21/2003,Cory Stillman,a,
Trade ANA/BUF 3/3/2023,Chase Priskie,a,
Trade ANA/BUF 3/3/2023,Austin Strand,,
Trade LAK/OTT 3/11/2003,Tim Gleason,a,
Trade LAK/OTT 3/11/2003,Bryan Smolinski,,
Trade CAR/TOR 1/1/2014,John-Michael Liles,,
Trade CAR/TOR 1/1/2014,Dennis Robertson,a,
Trade CAR/TOR 1/1/2014,Tim Gleason,a,
Trade WSH/CAR 2/28/2015,Tim Gleason,a,
Trade WSH/CAR 2/28/2015,Callum Booth,,
Trade WSH/CAR 2/28/2015,Jack Hillen,,
Trade PHI/OTT 6/23/2001,Tobias Stephan,,
Trade PHI/OTT 6/23/2001,Jeff Woywitka,,
Trade PHI/OTT 6/23/2001,Tim Gleason,a,
Trade PHI/OTT 6/23/2001,David Printz,,
Trade TBL/PHI 8/20/1997,Simon Gagne,,
Trade TBL/PHI 8/20/1997,Maxime Ouellet,,
Trade TBL/PHI 8/20/1997,Tim Gleason,a,
Trade TBL/PHI 8/20/1997,Justin Williams,a,
Trade TBL/PHI 8/20/1997,Mikael Renberg,,
Trade TBL/PHI 8/20/1997,Karl Dykhuis,,
Trade ANA/WIN 2/7/1996,Marc Chouinard,,
Trade ANA/WIN 2/7/1996,Chad Kilger,,
Trade ANA/WIN 2/7/1996,Teemu Selanne,,
Trade ANA/WIN 2/7/1996,Oleg Tverdovsky,a,
Trade ANA/WIN 2/7/1996,Per-Anton Lundstrom,a,
Trade ANA/WIN 2/7/1996,Kim Staal,,
Trade PHX/ANA 6/26/1999,Oleg Tverdovsky,a,
Trade PHX/ANA 6/26/1999,Travis Green,,
Trade PHX/ANA 6/26/1999,Scott Kelman,a,
Trade NJD/ANA 7/6/2002,Oleg Tverdovsky,a,
Trade NJD/ANA 7/6/2002,Mike Commodore,,
Trade NJD/ANA 7/6/2002,Maxim Balmochnykh,,
Trade NJD/ANA 7/6/2002,Jeff Friesen,,
Trade NJD/ANA 7/6/2002,Petr Sykora (1976),,
Trade NJD/ANA 7/6/2002,Jean-Francois Damphousse,,
Trade NJD/ANA 7/6/2002,Igor Pohanka,,
Trade NSH/ATL 2/9/2007,Vitaly Vishnevski,,
Trade NSH/ATL 2/9/2007,Eric Belanger,A,
Trade CAR/NSH 2/9/2007,Eric Belanger,a,
Trade CAR/NSH 2/9/2007,Josef Vasicek,,
Trade LAK/TOR 10/3/1994,Eric Belanger,a,
Trade LAK/TOR 10/3/1994,Shayne Toporowski,,
Trade LAK/TOR 10/3/1994,Eric Lacroix,,
Trade LAK/TOR 10/3/1994,Chris Snell,,
Trade LAK/TOR 10/3/1994,Dixon Ward,,
Trade LAK/TOR 10/3/1994,Guy Leveque,a,
Trade LAK/TOR 10/3/1994,Kelly Fairchild,a,
Trade LAK/NJD 2/6/2013,Andrei Loktionov,a,
Trade LAK/NJD 2/6/2013,Gustav Possler,,
Trade BOS/NYR 2/20/2018,Joey Keane,a,
Trade BOS/NYR 2/20/2018,Nick Holden,,
Trade BOS/NYR 2/20/2018,Rob O'Gara,,
Trade ANA/DAL 1/14/2019,Devin Shore,a,
Trade ANA/DAL 1/14/2019,Andrew Cogliano,,
Trade COL/ANA 3/2/2015,Mat Clark,a,
Trade COL/ANA 3/2/2015,Michael Sgarbossa,,
Trade CBJ/BUF 2/27/2007,Michael Neal,a,
Trade CBJ/BUF 2/27/2007,Ty Conklin,,
Trade PIT/ARI 12/19/2017,Anthony Romano,,
Trade PIT/ARI 12/19/2017,Josh Archibald,,
Trade PIT/ARI 12/19/2017,Eric Hjorth,a,
Trade PIT/ARI 12/19/2017,Sean Maguire,,
Trade PIT/ARI 12/19/2017,Michael Leighton,,
Trade PHI/PHX 7/1/2001,Dan Spang,,
Trade PHI/PHX 7/1/2001,Daymond Langkow,,
Trade PHI/PHX 7/1/2001,Jeff Carter,a,
Trade EDM/STL 2/27/2016,Anders Nilsson,a,
Trade EDM/STL 2/27/2016,Niklas Lundstrom,,
Trade EDM/STL 2/27/2016,Graham McPhee,,
Trade STL/BUF 7/2/2016,Anders Nilsson,a,
Trade STL/BUF 7/2/2016,David Noel,,
Trade BOS/NYI 9/11/2007,Kevin Lynch,a,
Trade BOS/NYI 9/11/2007,Petteri Nokelainen,,
Trade BOS/NYI 9/11/2007,Ben Walter,,
Trade PHI/LAK 3/26/2013,Simon Gagne,,
Trade PHI/LAK 3/26/2013,Justin Auger,a,
Trade CBJ/PHI 7/24/2021,Jakub Voracek,a,
Trade CBJ/PHI 7/24/2021,Cam Atkinson,,
Trade CGY/ANA 3/3/2010,Curtis McElhinney,a,
Trade CGY/ANA 3/3/2010,Vesa Toskala,,
Trade ANA/TBL 2/24/2011,Curtis McElhinney,a,
Trade ANA/TBL 2/24/2011,Dan Ellis,,
Trade CBJ/OTT 3/4/2009,Antoine Vermette,a,
Trade CBJ/OTT 3/4/2009,Robin Lehner,a,
Trade CBJ/OTT 3/4/2009,Pascal Leclaire,,
Trade PHI/NSH 2/15/2007,Sonny Milano,,
Trade PHI/NSH 2/15/2007,Peter Forsberg,,
Trade PHI/NSH 2/15/2007,Scottie Upshall,a,
Trade PHI/NSH 2/15/2007,Jonathon Blum,,
Trade PHI/NSH 2/15/2007,Phil Desimone,,
Trade PHX/PHI 3/4/2009,Lucas Lessio,,
Trade PHX/PHI 3/4/2009,Daniel Carcillo,,
Trade PHX/PHI 3/4/2009,Scottie Upshall,,
Trade WSH/PHX 6/27/2009,Sami Lepisto,a,
Trade WSH/PHX 6/27/2009,Caleb Herbert,,
Trade CBJ/NYR 11/11/2010,Chad Kolarik,,
Trade CBJ/NYR 11/11/2010,Dane Byers,a,
Trade WSH/EDM 4/2/2013,Dane Byers,a,
Trade WSH/EDM 4/2/2013,Garrett Stafford,,
Trade EDM/NYR 3/3/2004,Dane Byers,a,
Trade EDM/NYR 3/3/2004,Jussi Markkanen,,
Trade EDM/NYR 3/3/2004,Petr Nedved,,
Trade EDM/NYR 3/3/2004,Steve Valiquette,,
Trade EDM/NYR 3/3/2004,Dwight Helminen,,
Trade PIT/SJS 6/30/2013,Dillon Heatherington,a,
Trade PIT/SJS 6/30/2013,Tyler Kennedy,,
Trade DAL/CBJ 3/1/2017,Lauri Korpikoski,a,
Trade DAL/CBJ 3/1/2017,Dillon Heatherington,a,
Trade TOR/MTL 2/25/2018,Jacob Olofsson,,
Trade TOR/MTL 2/25/2018,Kyle Baun,,
Trade TOR/MTL 2/25/2018,Kerby Rychel,a,
Trade TOR/MTL 2/25/2018,Tomas Plekanec,,
Trade TOR/MTL 2/25/2018,Rinat Valiev,a,
Trade MTL/CGY 8/20/2018,Hunter Shinkaruk,,
Trade MTL/CGY 8/20/2018,Kerby Rychel,a,
Trade ATL/ANA 6/26/2004,Kurtis Foster,a,
Trade ATL/ANA 6/26/2004,Niclas Havelid,,
Trade EDM/ANA 7/1/2011,Kurtis Foster,a,
Trade EDM/ANA 7/1/2011,Andy Sutton,,
Trade NJD/MIN 2/24/2012,Stephane Veilleux,,
Trade NJD/MIN 2/24/2012,Raphael Bussieres,a,
Trade NJD/MIN 2/24/2012,Eamon McAdam,,
Trade NJD/MIN 2/24/2012,Marek Zidlicky,,
Trade NJD/MIN 2/24/2012,Kurtis Foster,a,
Trade NJD/MIN 2/24/2012,Nick Palmieri,,
Trade LAK/ATL 3/9/2004,Kip Brennan,,
Trade LAK/ATL 3/9/2004,Jeff Cowan,a,
Trade TBL/TOR 10/1/1999,Fredrik Modin,a,
Trade TBL/TOR 10/1/1999,Cory Cross,,
Trade TBL/TOR 10/1/1999,Ivan Kolozvary,,
Trade CBJ/TBL 6/30/2006,Fredrik Modin,a,
Trade CBJ/TBL 6/30/2006,Fredrik Norrena,,
Trade CBJ/TBL 6/30/2006,Marc Denis,a,
Trade NYI/TOR 6/28/1994,Fredrik Modin,a,
Trade NYI/TOR 6/28/1994,DJ Smith,,
Trade COL/CGY 2/28/1999,Theo Fleury,,
Trade COL/CGY 2/28/1999,Wade Belak,,
Trade COL/CGY 2/28/1999,Robyn Regehr,a,
Trade COL/CGY 2/28/1999,Rene Corbet,,
Trade COL/CGY 2/28/1999,Jarrett Stoll,,
Trade COL/BOS 11/22/1996,Robyn Regehr,a,
Trade COL/BOS 11/22/1996,Anders Myrvold,,
Trade COL/BOS 11/22/1996,Landon Wilson,,
Trade CGY/BUF 7/30/2005,Marc-Andre Gragnani,,
Trade CGY/BUF 7/30/2005,Chris Butler,a,
Trade CGY/BUF 7/30/2005,Daniel Ryder,,
Trade CGY/NYR 2/1/2010,Ales Kotalik,a,
Trade CGY/NYR 2/1/2010,Olli Jokinen,,
Trade CGY/NYR 2/1/2010,Brandon Prust,,
Trade CGY/NYR 2/1/2010,Chris Higgins,a,
Trade EDM/BUF 3/4/2009,Ales Kotalik,a,
Trade EDM/BUF 3/4/2009,Jesse Blacker,,
Trade BUF/FLA 3/23/1999,Ryan Miller,,
Trade BUF/FLA 3/23/1999,Rhett Warrener,a,
Trade BUF/FLA 3/23/1999,Michael Wilson,,
Trade MTL/DAL 2/26/2009,Steve Begin,a,
Trade MTL/DAL 2/26/2009,Doug Janik,a,
Trade STL/CGY 7/4/1994,Phil Housley,,
Trade STL/CGY 7/4/1994,Al MacInnis,,
Trade STL/CGY 7/4/1994,Steve Begin,a,
Trade STL/CGY 7/4/1994,John Tripp,,
Trade STL/CGY 7/4/1994,Didier Tremblay,,
Trade COL/CGY 10/1/2002,Chris Drury,a,
Trade COL/CGY 10/1/2002,Dean McAmmond,,
Trade COL/CGY 10/1/2002,Derek Morris,a,
Trade COL/CGY 10/1/2002,Stephane Yelle,,
Trade COL/CGY 10/1/2002,Jeff Shantz,a,
Trade QUE/DAL 2/13/1994,Tommy Sjodin,,
Trade QUE/DAL 2/13/1994,Manny Fernandez,,
Trade QUE/DAL 2/13/1994,Chris Drury,a,
Trade CGY/NYR 6/1/2011,Tyler Wotherspoon,,
Trade CGY/NYR 6/1/2011,Roman Horak,a,
Trade CGY/NYR 6/1/2011,Markus Granlund,,
Trade CGY/NYR 6/1/2011,Tim Erixon,a,
Trade CGY/NYR 6/1/2011,Shane McColgan,,
Trade NYR/PHX 2/26/2008,Al Montoya,,
Trade NYR/PHX 2/26/2008,Roman Horak,a,
Trade NYR/PHX 2/26/2008,Fredrik Sjostrom,,
Trade NYR/PHX 2/26/2008,David LeNeveu,,
Trade NYR/PHX 2/26/2008,Marcel Hossa,,
Trade NYR/PHX 2/26/2008,Josh Gratton,,
Trade ANA/EDM 7/3/2006,Jordan Eberle,a,
Trade ANA/EDM 7/3/2006,Travis Hamonic,,
Trade ANA/EDM 7/3/2006,Nick Ross,,
Trade ANA/EDM 7/3/2006,Joffrey Lupul,a,
Trade ANA/EDM 7/3/2006,Ladislav Smid,a,
Trade ANA/EDM 7/3/2006,Chris Pronger,,
Trade CHI/VAN 10/24/2025,Lukas Reichel,a,
Trade CHI/VAN 10/24/2025,2027 4th Round (CHI/VAN),a,
Trade EDM/ANA 7/12/2011,Andrew Cogliano,a,
Trade EDM/ANA 7/12/2011,Marc-Olivier Roy (2),a,
Trade CBJ/CGY 3/4/2009,Garrett Wilson,a,
Trade CBJ/CGY 3/4/2009,Kevin Lalande,,
Trade LAK/FLA 6/27/2009,Garrett Wilson,a,
Trade LAK/FLA 6/27/2009,Brock Beukeboom,,
Trade LAK/FLA 6/27/2009,Wade Megan,,
Trade DAL/CGY 2/29/2016,Kris Russell,,
Trade DAL/CGY 2/29/2016,Dillon Dube,,
Trade DAL/CGY 2/29/2016,Jyrki Jokipakka,a,
Trade DAL/CGY 2/29/2016,Brett Pollock,,
Trade TBL/FLA 12/2/2011,Michael Kostka,a,
Trade TBL/FLA 12/2/2011,Evan Oberg,,
Trade TBL/FLA 12/2/2011,James Wright,,
Trade TBL/FLA 12/2/2011,Mike Vernace,,
Trade COL/OTT 2/18/2011,Brian Elliott,a,
Trade COL/OTT 2/18/2011,Craig Anderson,,
Trade CBJ/CGY 9/28/2009,Max Reinhart,,
Trade CBJ/CGY 9/28/2009,Anton Stralman,a,
Trade TOR/ATL 7/1/2009,Colin Stuart,a,
Trade TOR/ATL 7/1/2009,Pavel Kubina,,
Trade TOR/ATL 7/1/2009,Tim Stapleton,,
Trade TOR/ATL 7/1/2009,Garnet Exelby,,
Trade CBJ/ANA 1/26/2007,Curtis Glencross,a,
Trade CBJ/ANA 1/26/2007,Zenon Konopka,,
Trade CBJ/ANA 1/26/2007,Sebastian Stefaniszin,,
Trade CBJ/ANA 1/26/2007,Mark Hartigan,,
Trade CBJ/ANA 1/26/2007,Trent Vogelhuber,,
Trade CBJ/ANA 1/26/2007,Joe Motzko,,
Trade CBJ/EDM 2/1/2008,Dick Tarnstrom,,
Trade CBJ/EDM 2/1/2008,Curtis Glencross,a,
Trade CHI/NYI 3/9/2004,Niklas Hjalmarsson,a,
Trade CHI/NYI 3/9/2004,Alexander Karpotsev,,
Trade CAR/STL 1/30/2006,Reto Berra,,
Trade CAR/STL 1/30/2006,Cade Fairchild,a,
Trade CAR/STL 1/30/2006,Doug Weight,,
Trade CAR/STL 1/30/2006,Erkki Rajamaki,,
Trade CAR/STL 1/30/2006,Jesse Boulerice,,
Trade CAR/STL 1/30/2006,Mike Zigomanis,,
Trade CAR/STL 1/30/2006,Matthew Corrente,,
Trade CAR/STL 1/30/2006,Magnus Kahnberg,,
Trade PIT/CHI 7/17/2008,Danny Richmond,a,
Trade PIT/CHI 7/17/2008,Tim Brent,,
Trade STL/PIT 3/4/2009,Danny Richmond,a,
Trade STL/PIT 3/4/2009,Andy Wozniewski,,
Trade WSH/COL 2/2/2012,Danny Richmond,a,
Trade WSH/COL 2/2/2012,Mike Carman,,
Trade CGY/CAR 11/17/2010,Ian White,,
Trade CGY/CAR 11/17/2010,Brett Sutter,a,
Trade CGY/CAR 11/17/2010,Tom Kostopoulos,,
Trade CGY/CAR 11/17/2010,Anton Babchuk,a,
Trade LAK/PHI 5/28/2003,Roman Cechmanek,,
Trade LAK/PHI 5/28/2003,Bryan Bickell,a,
Trade PHI/CHI 2/19/2004,Colin Fraser,,
Trade PHI/CHI 2/19/2004,Bryan Bickell,a,
Trade PHI/CHI 2/19/2004,Jim Vandermeer,,
Trade PHI/CHI 2/19/2004,RJ Anderson,,
Trade PHI/CHI 2/19/2004,Alexei Zhamnov,,
Trade CHI/DET 2/24/2017,Tomas Jurco,,
Trade CHI/DET 2/24/2017,Keith Petruzzelli,a,
Trade CHI/FLA 10/22/2019,Ian McCoshen,,
Trade CHI/FLA 10/22/2019,Aleksi Saarela,a,
Trade CHI/BOS 2/3/2007,Kris Versteeg,a,
Trade CHI/BOS 2/3/2007,Brandon Bochenski,,
Trade CHI/TOR 6/30/2010,Philippe Paradis,,
Trade CHI/TOR 6/30/2010,Viktor Stalberg,,
Trade CHI/TOR 6/30/2010,Christopher DiDomenico,a,
Trade CHI/TOR 6/30/2010,Kris Versteeg,a,
Trade CHI/TOR 6/30/2010,Billy Sweatt,,
Trade PHI/TOR 2/14/2011,Josh Leivo,,
Trade PHI/TOR 2/14/2011,Kris Versteeg,a,
Trade PHI/TOR 2/14/2011,Stuart Percy,,
Trade LAK/CAR 2/28/2016,Valentin Zykov,a,
Trade LAK/CAR 2/28/2016,Kris Versteeg,a,
Trade BOS/PHX 5/31/2003,Kris Versteeg,a,
Trade BOS/PHX 5/31/2003,Darren McLachlan,a,
Trade CHI/CAR 2/29/2016,Dennis Robertson,a,
Trade CHI/CAR 2/29/2016,Drew MacIntyre,a,
Trade ANA/TOR 8/10/2009,Dennis Robertson,a,
Trade ANA/TOR 8/10/2009,Justin Pogge,a,
Trade CHI/OTT 7/16/2019,Artem Anisimov,a,
Trade CHI/OTT 7/16/2019,Zack Smith,,
Trade ANA/CHI 2/29/2016,Tim Jackman,,
Trade ANA/CHI 2/29/2016,Corey Tropp,a,
Trade ANA/CHI 2/29/2016,Joshua Ess,a,
Trade CBJ/PHX 10/8/2005,Tim Jackman,a,
Trade CBJ/PHX 10/8/2005,Mike Rupp,,
Trade CBJ/PHX 10/8/2005,Geoff Sanderson,,
Trade CBJ/PHX 10/8/2005,Jason Chimera,,
Trade CBJ/PHX 10/8/2005,Cale Hulse,,
Trade PHX/LAK 3/9/2006,Yanick Lehoux,a,
Trade PHX/LAK 3/9/2006,Tim Jackman,a,
Trade CGY/ANA 11/21/2013,Adam Ollas Mattson,a,
Trade CGY/ANA 11/21/2013,Tim Jackman,a,
Trade NJD/CGY 2/26/1996,Jocelyn Lemieux,,
Trade NJD/CGY 2/26/1996,Tommy Albelin,,
Trade NJD/CGY 2/26/1996,Phil Housley,,
Trade NJD/CGY 2/26/1996,Cale Hulse,a,
Trade CGY/CBJ 2/28/2006,Cam Severson,,
Trade CGY/CBJ 2/28/2006,Cale Hulse,a,
Trade CGY/NSH 3/14/2000,Sergei Krivokrasov,a,
Trade CGY/NSH 3/14/2000,Denis Platonov,a,
Trade MIN/ANA 11/1/2001,Sergei Krivokrasov,a,
Trade MIN/ANA 11/1/2001,Niklas Eckerblom,,
Trade CHI/NSH 6/26/1998,Sergei Krivokrasov,a,
Trade CHI/NSH 6/26/1998,Chris Terreri,,
Trade CGY/NSH 3/14/2000,Cale Hulse,a,
Trade CHI/WIN 6/20/1992,Sergei Bautin,,
Trade CHI/WIN 6/20/1992,Sergei Krivokrasov,a,
Trade CHI/WIN 6/20/1992,Boris Mironov,,
Trade CHI/WIN 6/20/1992,Jeff Shantz,a,
Trade CGY/CHI 10/27/1998,Marty McInnis,,
Trade CGY/CHI 10/27/1998,Steve Dubinsky,a,
Trade CGY/CHI 10/27/1998,Jeff Shantz,a,
Trade CGY/CHI 10/27/1998,Jamie Allison,a,
Trade CGY/CHI 10/27/1998,Erik Andersson,a,
Trade PHX/CGY 7/1/1996,Don Hay (Coach),a,
Trade PHX/CGY 7/1/1996,Erik Andersson,a,
Trade CGY/CBJ 3/19/2002,Jamie Allison,a,
Trade CGY/CBJ 3/19/2002,Blake Sloan,a,
Trade CGY/NYI 3/18/1997,Tyrone Garner,,
Trade CGY/NYI 3/18/1997,Robert Reichel,,
Trade CGY/NYI 3/18/1997,Marty McInnis,a,
Trade CGY/NYI 3/18/1997,Ilja Demidov,,
Trade CHI/ANA 10/27/1998,Marty McInnis,a,
Trade CHI/ANA 10/27/1998,Ryan Van Buskirk,,
Trade BOS/ANA 3/5/2002,Marty McInnis,a,
Trade BOS/ANA 3/5/2002,Valtteri Filppula,a,
Trade PHI/TBL 3/1/2017,Maksim Sushko,,
Trade PHI/TBL 3/1/2017,Wyatt Kalynuk,a,
Trade PHI/TBL 3/1/2017,Valtteri Filppula,a,
Trade PHI/TBL 3/1/2017,Mark Streit,,
Trade ANA/NSH 6/22/2002,Joffrey Lupul,a,
Trade ANA/NSH 6/22/2002,Valtteri Filppula,a,
Trade NSH/DET 6/23/2002,Valtteri Filppula,a,
Trade NSH/DET 6/23/2002,Grigory Shafigulin,a,
Trade PHI/EDM 7/1/2007,Joffrey Lupul,a,
Trade PHI/EDM 7/1/2007,Cameron Abney,,
Trade PHI/EDM 7/1/2007,Joni Pitkanen,,
Trade PHI/EDM 7/1/2007,Geoff Sanderson,,
Trade PHI/EDM 7/1/2007,Jason Smith,a,
Trade NJD/TOR 2/25/1997,Steve Sullivan,,
Trade NJD/TOR 2/25/1997,Doug Gilmour,,
Trade NJD/TOR 2/25/1997,Jason Smith,a,
Trade NJD/TOR 2/25/1997,Andre Lakos,,
Trade NJD/TOR 2/25/1997,Alyn McCauley,,
Trade NJD/TOR 2/25/1997,Dave Ellett,,
Trade TOR/EDM 3/23/1999,Kris Vernarsky,a,
Trade TOR/EDM 3/23/1999,Jason Smith,a,
Trade TOR/EDM 3/23/1999,Jonathan Zion,a,
Trade BOS/TOR 5/13/2002,Ric Jackman,a,
Trade BOS/TOR 5/13/2002,Kris Vernarsky,a,
Trade DAL/BOS 6/24/2001,Ric Jackman,a,
Trade DAL/BOS 6/24/2001,Cameron Mann,,
Trade TOR/PIT 2/11/2004,Ric Jackman,a,
Trade TOR/PIT 2/11/2004,Drake Berehowsky,,
Trade FLA/PIT 3/9/2006,Ric Jackman,a,
Trade FLA/PIT 3/9/2006,Petr Taticek,a,
Trade FLA/ANA 1/3/2007,Ric Jackman,a,
Trade FLA/ANA 1/3/2007,Corey Syvret,a,
Trade CGY/FLA 6/22/2002,Petr Taticek,a,
Trade CGY/FLA 6/22/2002,Eric Nystrom,,
Trade CGY/FLA 6/22/2002,Michael Lambert,a,
Trade MTL/CGY 6/23/2002,Jiri Cetkovsky,a,
Trade MTL/CGY 6/23/2002,Yuri Artemenkov,a,
Trade MTL/CGY 6/23/2002,Michael Lambert,x,
Trade MTL/MIN 5/25/2002,Jiri Cetkovsky,a,
Trade MTL/MIN 5/25/2002,Chris Dyment,a,
Trade MIN/PHX 12/9/2003,Michael Schutte,,
Trade MIN/PHX 12/9/2003,Chris Dyment,a,
Trade CHI/TBL 7/17/1998,Mark Fitzpatrick,,
Trade CHI/TBL 7/17/1998,Chris Dyment,a,
Trade CHI/TBL 7/17/1998,Michal Sykora,,
Trade CHI/MTL 11/16/1998,Eric Weinrich,,
Trade CHI/MTL 11/16/1998,Jeff Hackett,,
Trade CHI/MTL 11/16/1998,Chris Dyment,a,
Trade CHI/MTL 11/16/1998,Alain Nasreddine,,
Trade CHI/MTL 11/16/1998,Brad Brown,,
Trade CHI/MTL 11/16/1998,Dave Manson,,
Trade CHI/MTL 11/16/1998,Jocelyn Thibault,a,
Trade COL/MTL 12/6/1995,Martin Rucinsky,,
Trade COL/MTL 12/6/1995,Patrick Roy,,
Trade COL/MTL 12/6/1995,Jocelyn Thibault,a,
Trade COL/MTL 12/6/1995,Mike Keane,,
Trade COL/MTL 12/6/1995,Andrei Kovalenko,,
Trade PHI/QUE 6/30/1992,Steve Duchesne,,
Trade PHI/QUE 6/30/1992,Ron Hextall,,
Trade PHI/QUE 6/30/1992,Peter Forsberg,,
Trade PHI/QUE 6/30/1992,Mike Ricci,,
Trade PHI/QUE 6/30/1992,Eric Lindros,,
Trade PHI/QUE 6/30/1992,Chris Simon,,
Trade PHI/QUE 6/30/1992,Jocelyn Thibault,a,
Trade PHI/QUE 6/30/1992,Kerry Huffman,,
Trade PHI/QUE 6/30/1992,Nolan Baumgartner,a,
Trade TOR/QUE 6/28/1994,Wendel Clark,,
Trade TOR/QUE 6/28/1994,Mats Sundin,,
Trade TOR/QUE 6/28/1994,Todd Warriner,,
Trade TOR/QUE 6/28/1994,Sylvain Lefebvre,,
Trade TOR/QUE 6/28/1994,Nolan Baumgartner,a,
Trade TOR/QUE 6/28/1994,Jeff Kealty,,
Trade TOR/QUE 6/28/1994,Garth Butcher,,
Trade TOR/QUE 6/28/1994,Landon Wilson,,
Trade TOR/WSH 6/28/1994,Mike Ridley,,
Trade TOR/WSH 6/28/1994,Eric Fichaud,,
Trade TOR/WSH 6/28/1994,Rob Pearson,a,
Trade TOR/WSH 6/28/1994,Nolan Baumgartner,a,
Trade STL/WSH 1/29/1996,Rob Pearson,a,
Trade STL/WSH 1/29/1996,Denis Chasse,,
Trade PHI/TOR 3/6/1989,Ken Wregget,,
Trade PHI/TOR 3/6/1989,Steve Bancroft,a,
Trade PHI/TOR 3/6/1989,Rob Pearson,a,
Trade TOR/BOS 11/9/1990,Steve Bancroft,a,
Trade TOR/BOS 11/9/1990,Rob Cimetta,,
Trade BOS/CHI 1/8/1992,Steve Bancroft,a,
Trade BOS/CHI 1/8/1992,Yevgeny Pavlov,,
Trade BOS/CHI 1/8/1992,Ross Hewson,,
Trade CHI/WIN 2/21/1993,Troy Murray,,
Trade CHI/WIN 2/21/1993,Steve Bancroft,a,
Trade CHI/WIN 2/21/1993,Ross Hewson,,
Trade CGY/PHI 8/26/1987,Steve Bancroft,a,
Trade CGY/PHI 8/26/1987,Dominic Roussel,,
Trade CGY/PHI 8/26/1987,Brad McCrimmon,a,
Trade BOS/PHI 6/9/1982,Brad McCrimmon,a,
Trade BOS/PHI 6/9/1982,Pete Peeters,,
Trade CGY/DET 6/15/1990,Brad McCrimmon,a,
Trade CGY/DET 6/15/1990,David Harlock,,
Trade DET/HFD 6/1/1993,Brad McCrimmon,a,
Trade DET/HFD 6/1/1993,Tim Spitzig,a,
Trade DET/HFD 3/22/1993,Steve Konroyd,a,
Trade DET/HFD 3/22/1993,Tim Spitzig,a,
Trade CGY/NYI 3/11/1986,Richard Kromm,,
Trade CGY/NYI 3/11/1986,Steve Konroyd,a,
Trade CGY/NYI 3/11/1986,John Tonelli,,
Trade CHI/NYI 11/25/1988,Marc Bergevin,,
Trade CHI/NYI 11/25/1988,Steve Konroyd,a,
Trade CHI/NYI 11/25/1988,Bob Bassen,,
Trade CHI/NYI 11/25/1988,Gary Nylund,,
Trade CHI/HFD 1/24/1992,Rob Brown,,
Trade CHI/HFD 1/24/1992,Steve Konroyd,a,
Trade DET/OTT 3/21/1994,Steve Konroyd,a,
Trade DET/OTT 3/21/1994,Daniel Berthiaume,,
Trade BOS/CGY 6/2/1980,Jim Craig,,
Trade BOS/CGY 6/2/1980,Mike Vernon,a,
Trade BOS/CGY 6/2/1980,Steve Konroyd,a,
Trade MIN/BOS 2/28/2011,Anton Khudobin,a,
Trade MIN/BOS 2/28/2011,Jeff Penner,a,
Trade MIN/BOS 2/28/2011,Mikko Lehtonen (1987),a,
Trade CGY/DET 6/29/1994,Mike Vernon,a,
Trade CGY/DET 6/29/1994,Steve Chiasson,,
Trade DET/SJS 8/18/1997,Mike Vernon,a,
Trade DET/SJS 8/18/1997,Andrei Maximenko,,
Trade DET/SJS 8/18/1997,Sheldon Keefe,,
Trade DET/SJS 8/18/1997,Maxim Linnik,,
Trade FLA/SJS 12/30/1999,Radek Dvorak,a,
Trade FLA/SJS 12/30/1999,Mike Vernon,a,
Trade FLA/SJS 12/30/1999,Sean O'Connor,,
Trade CGY/MIN 6/23/2000,Mike Vernon,a,
Trade CGY/MIN 6/23/2000,Jake Riddle,,
Trade CGY/MIN 6/23/2000,Dan Cavanaugh,,
Trade WSH/COL 11/30/2010,Tomas Fleischmann,a,
Trade WSH/COL 11/30/2010,Scott Hannan,,
Trade DET/WSH 2/27/2004,Mike Green,,
Trade DET/WSH 2/27/2004,Robert Lang,,
Trade DET/WSH 2/27/2004,Tomas Fleischmann,a,
Trade DET/WSH 2/27/2004,Luke Lynes,,
Trade VAN/MTL 2/3/2014,Dale Weise,a,
Trade VAN/MTL 2/3/2014,Raphael Diaz,,
Trade NSH/NYR 6/21/2008,Nick Olive,,
Trade NSH/NYR 6/21/2008,Dale Weise,a,
Trade NSH/NYR 6/21/2008,Jani Lajunen,,
Trade STL/NSH 6/20/2008,Dale Weise,a,
Trade STL/NSH 6/20/2008,Chris Mason,,
Trade STL/NYR 2/26/208,Dale Weise,a,
Trade STL/NYR 2/26/208,Christian Backman,a,
Trade NYR/CBJ 7/2/2008,Christian Backman,a,
Trade NYR/CBJ 7/2/2008,Fedor Tyutin,,
Trade NYR/CBJ 7/2/2008,Nikolai Zherdev,,
Trade NYR/CBJ 7/2/2008,Dan Fritsche,a,
Trade CBJ/CHI 3/19/2002,Dan Fritsche,a,
Trade CBJ/CHI 3/19/2002,Jaroslav Spacek,,
Trade CBJ/CHI 3/19/2002,Lyle Odelein,a,
Trade NYR/MIN 1/29/2009,Dan Fritsche,a,
Trade NYR/MIN 1/29/2009,Erik Reitz,a,
Trade NJD/MTL 8/22/1996,Lyle Odelein,a,
Trade NJD/MTL 8/22/1996,Stephane Richer,,
Trade DAL/CHI 3/10/2003,Lyle Odelein,a,
Trade DAL/CHI 3/10/2003,Troy Brouwer,,
Trade DAL/CHI 3/10/2003,Sami Helenius,,
Trade PHX/NJD 3/7/2000,Lyle Odelein,a,
Trade PHX/NJD 3/7/2000,Deron Quint,,
Trade PHX/NJD 3/7/2000,Beat Schiess-Forster,a,
Trade PHX/NJD 6/23/2001,Beat Schiess-Forster,a,
Trade PHX/NJD 6/23/2001,Milan Gajic,a,
Trade PHX/NJD 6/23/2001,Marek Chvatal,a,
Trade NJD/ATL 6/24/2001,Milan Gajic,a,
Trade NJD/ATL 6/24/2001,Jason Ryznar,,
Trade NJD/ATL 6/24/2001,Tim Conboy,a,
Trade SJS/ATL 6/23/2002,Tim Conboy,a,
Trade SJS/ATL 6/23/2002,Pauli Levokari,a,
Trade SJS/ATL 6/23/2002,Denis Loginov,a,
Trade CBJ/ATL 12/2/2002,Pauli Levokari,a,
Trade CBJ/ATL 12/2/2002,Tomi Kallio,,
Trade CBJ/ATL 12/2/2002,Chris Nielsen,,
Trade CBJ/ATL 12/2/2002,Petteri Nummelin,a,
Trade CBJ/PIT 2/10/2004,Pauli Levokari,a,
Trade CBJ/PIT 2/10/2004,Brendan Buckley,a,
Trade ATL/MIN 6/14/2006,Petteri Nummelin,a,
Trade ATL/MIN 6/14/2006,Spencer Machacek,,
Trade MIN/EDM 3/8/2006,Trevor Lewis,,
Trade MIN/EDM 3/8/2006,Dwayne Roloson,,
Trade MIN/EDM 3/8/2006,Spencer Machacek,a,
Trade CBJ/WPG 3/10/2013,Spencer Machacek,a,
Trade CBJ/WPG 3/10/2013,Tomas Kubalik,,
Trade CBJ/PIT 2/6/2014,Paul Thompson b.1988,a,
Trade CBJ/PIT 2/6/2014,Spencer Machacek,a,
Trade CBJ/CAR 2/23/2007,Tomas Kubalik,a,
Trade CBJ/CAR 2/23/2007,Anson Carter,a,
Trade COL/WSH 4/3/1996,Anson Carter,a,
Trade COL/WSH 4/3/1996,Ben Storey,,
Trade BOS/WSH 3/1/1997,Anson Carter,a,
Trade BOS/WSH 3/1/1997,Jason Allison,,
Trade BOS/WSH 3/1/1997,Adam Oates,,
Trade BOS/WSH 3/1/1997,Jim Carey,,
Trade BOS/WSH 3/1/1997,Rick Tocchet,,
Trade BOS/WSH 3/1/1997,Bill Ranford,,
Trade BOS/WSH 3/1/1997,Lee Goren,,
Trade BOS/WSH 3/1/1997,Bobby Allen,,
Trade NYR/EDM 3/11/2003,Radek Dvorak,a,
Trade NYR/EDM 3/11/2003,Cory Cross,,
Trade NYR/EDM 3/11/2003,Anson Carter,a,
Trade NYR/EDM 3/11/2003,Ales Pisa,,
Trade LAK/WSH 3/8/2004,Anson Carter,a,
Trade LAK/WSH 3/8/2004,Jared Aulin,,
Trade CAR/COL 6/24/2000,Sandis Ozolinsh,,
Trade CAR/COL 6/24/2000,Nolan Pratt,,
Trade CAR/COL 6/24/2000,Jared Aulin,a,
Trade CAR/COL 6/24/2000,Agris Saviels,,
Trade CAR/COL 6/24/2000,Vaclav Nedorost,a,
Trade CAR/COL 6/24/2000,Tomas Kurka,a,
Trade CBJ/COL 6/7/2000,Tomas Kurka,a,
Trade CBJ/COL 6/7/2000,Marc Denis,a,
Trade COL/FLA 7/18/2003,Vaclav Nedorost,a,
Trade COL/FLA 7/18/2003,Peter Worrell,,
Trade COL/FLA 7/18/2003,David Shantz,a,
Trade COL/FLA 7/18/2003,Eric Messier,a,
Trade COL/NYR 3/8/2004,Matthew Barnaby,,
Trade COL/NYR 3/8/2004,David Shantz,a,
Trade COL/NYR 3/8/2004,Denis Parshin,,
Trade COL/NYR 3/8/2004,Chris McAlister,,
Trade COL/NYR 3/8/2004,David Liffiton,,
Trade FLA/NYR 6/26/2004,David Shantz,a,
Trade FLA/NYR 6/26/2004,Enver Lisin,a,
Trade FLA/NYR 6/26/2004,Zdenek Bahensky,a,
Trade PHX/NYR 6/26/2004,Brandon Dubinsky,,
Trade PHX/NYR 6/26/2004,Enver Lisin,,
Trade PHX/NYR 6/26/2004,Billy Ryan,,
Trade FLA/DAL 3/8/2004,Drew Bagnall,,
Trade FLA/DAL 3/8/2004,Enver Lisin,a,
Trade FLA/DAL 3/8/2004,Valeri Bure,,
Trade NYR/PHX 7/13/2009,Lauri Korpikoski,a,
Trade NYR/PHX 7/13/2009,Enver Lisin,a,
Trade EDM/ARI 6/30/2015,Boyd Gordon,,
Trade EDM/ARI 6/30/2015,Lauri Korpikoski,a,
Trade CGY/NYR 6/26/2004,Lauri Korpikoski,a,
Trade CGY/NYR 6/26/2004,Jonathan Paiement,,
Trade CGY/NYR 6/26/2004,Kris Chucko,,
Trade CGY/NYR 6/26/2004,Adam Pineault,a,
Trade CBJ/CGY 6/26/2004,Dustin Boyd,,
Trade CBJ/CGY 6/26/2004,Brandon Prust,,
Trade CBJ/CGY 6/26/2004,Adam Pineault,a,
Trade CHI/CBJ 1/10/2009,Mike Blunden,a,
Trade CHI/CBJ 1/10/2009,Adam Pineault,a,
Trade CBJ/MTL 7/7/2011,Ryan Russell,,
Trade CBJ/MTL 7/7/2011,Mike Blunden,a,
Trade CHI/NSH 2/16/2004,Steve Sullivan,,
Trade CHI/NSH 2/16/2004,Mike Blunden,a,
Trade CHI/NSH 2/16/2004,Ryan Garlock,a,
Trade CHI/OTT 2/15/2018,Ville Pokka,a,
Trade CHI/OTT 2/15/2018,Christopher DiDomenico,a,
Trade BUF/FLA 3/15/2013,Gustav Possler,,
Trade BUF/FLA 3/15/2013,TJ Brennan,a,
Trade PHI/CHI 2/24/2020,TJ Brennan,a,
Trade PHI/CHI 2/24/2020,Nathan Noel,,
Trade PHI/BUF 2/27/2007,TJ Brennan,a,
Trade PHI/BUF 2/27/2007,Martin Biron,a,
Trade COL/NSH 6/30/2003,Peter Regin,a,
Trade COL/NSH 6/30/2003,Karlis Skrastins,,
Trade NSH/OTT 3/9/2004,Peter Regin,a,
Trade NSH/OTT 3/9/2004,Shane Hnidy,a,
Trade DET/OTT 6/25/2000,Shane Hnidy,a,
Trade DET/OTT 6/25/2000,Todd Jackson,,
Trade ATL/NSH 7/30/2005,Shane Hnidy,a,
Trade ATL/NSH 7/30/2005,Niko Snellman,,
Trade ANA/BOS 1/2/2008,Brandon Bochenski,,
Trade ANA/BOS 1/2/2008,Shane Hnidy,a,
Trade ANA/BOS 1/2/2008,Nicholas Tremblay,a,
Trade MTL/NYR 11/30/2017,Peter Holland,a,
Trade MTL/NYR 11/30/2017,Adam Cracknell,a,
Trade TOR/ANA 12/10/2018,Steve Oleksy,,
Trade TOR/ANA 12/10/2018,Adam Cracknell,a,
Trade NYR/SJS 1/16/2013,Tommy Grant,,
Trade NYR/SJS 1/16/2013,Brandon Mashinter,,
Trade NYR/SJS 1/16/2013,Ivan Nalimov,a,
Trade CHI/CGY 2/24/2004,Ville Nieminen,,
Trade CHI/CGY 2/24/2004,Joe Fallon,a,
Trade CHI/CGY 2/24/2004,Jason Morgan,a,
Trade DAL/VAN 4/7/1995,Russ Courtnall,,
Trade DAL/VAN 4/7/1995,Greg Adams (1963),,
Trade DAL/VAN 4/7/1995,Jason Morgan,a,
Trade DAL/VAN 4/7/1995,Dan Kesa,,
Trade LAK/DAL 6/7/1995,Jeff Mitchell,,
Trade LAK/DAL 6/7/1995,Jason Morgan,a,
Trade CBJ/PHI 4/3/2013,Martins Dzierkals,a,
Trade CBJ/PHI 4/3/2013,Steve Mason,,
Trade CBJ/PHI 4/3/2013,Michael Leighton,,
Trade CBJ/TOR 6/26/2015,Gabriel Carlsson,,
Trade CBJ/TOR 6/26/2015,Travis Dermott,,
Trade CBJ/TOR 6/26/2015,Martins Dzierkals,a,
Trade ANA/TBL 2/24/2007,Shane O'Brien,a,
Trade ANA/TBL 2/24/2007,Gerald Coleman,,
Trade ANA/TBL 2/24/2007,Colton Gillies,,
Trade ANA/TBL 2/24/2007,Luca Cunti,,
Trade TBL/VAN 10/6/2008,Shane O'Brien,a,
Trade TBL/VAN 10/6/2008,Juraj Simek,,
Trade TBL/VAN 10/6/2008,Lukas Krajicek,,
Trade TBL/VAN 10/6/2008,Michel Ouellet,,
Trade VAN/NSH 10/5/2010,Ryan Parent,,
Trade VAN/NSH 10/5/2010,Shane O'Brien,a,
Trade VAN/NSH 10/5/2010,Dan Gendur,,
Trade VAN/NSH 10/5/2010,Jonas Andersson,a,
Trade MIN/CGY 2/29/2016,Niklas Backstrom,a,
Trade MIN/CGY 2/29/2016,David Jones,a,
Trade MIN/CGY 2/29/2016,Matthew Phillips,a,
Trade DAL/MTL 2/27/2017,Markus Phillips,,
Trade DAL/MTL 2/27/2017,Jordie Benn,,
Trade DAL/MTL 2/27/2017,Greg Pateryn,a,
Trade NSH/NYI  6/20/2008,Aaron Ness,a,
Trade NSH/NYI  6/20/2008,Colin Wilson,a,
Trade NSH/NYI  6/20/2008,Josh Bailey,a,
Trade CHI/NYI 6/29/2023,Josh Bailey,a,
Trade CHI/NYI 6/29/2023,2026 2nd Round (CHI/NYI),a,
Trade MTL/MIN 2/12/2022,Brandon Baddock,,
Trade MTL/MIN 2/12/2022,Andrew Hammond,a,
Trade STL/COL 2/19/2011,Jay McClement,,
Trade STL/COL 2/19/2011,Kevin Shattenkirk,,
Trade STL/COL 2/19/2011,Ty Rattie,,
Trade STL/COL 2/19/2011,Erik Johnson,a,
Trade STL/COL 2/19/2011,Duncan Siemens,,
Trade STL/COL 2/19/2011,Chris Stewart,a,
Trade PHX/NYR 3/4/2009,Derek Morris,a,
Trade PHX/NYR 3/4/2009,Nigel Dawes,,
Trade PHX/NYR 3/4/2009,Petr Prucha,,
Trade PHX/NYR 3/4/2009,Dmitri Kalinin,,
Trade BOS/PHX 3/3/2010,Derek Morris,a,
Trade BOS/PHX 3/3/2010,Anthony Camara,a,
Trade BOS/CAR 2/29/2016,John-Michael Liles,,
Trade BOS/CAR 2/29/2016,Jonathan Dugan,,
Trade BOS/CAR 2/29/2016,Jack Lafontaine,,
Trade BOS/CAR 2/29/2016,Anthony Camara,a,
Trade NJD/DAL 3/19/2002,Daniel Paille,,
Trade NJD/DAL 3/19/2002,Jamie Langenbrunner,a,
Trade NJD/DAL 3/19/2002,Joe Nieuwendyk,,
Trade NJD/DAL 3/19/2002,Randy McKay,,
Trade NJD/DAL 3/19/2002,Jason Arnott,a,
Trade EDM/NJD 1/4/1998,Valeri Zelepukin,,
Trade EDM/NJD 1/4/1998,Bill Guerin,a,
Trade EDM/NJD 1/4/1998,Jason Arnott,a,
Trade NJD/NSH 6/19/2010,Matt Halischuk,,
Trade NJD/NSH 6/19/2010,Jason Arnott,a,
Trade NJD/NSH 6/19/2010,Magnus Hellberg,a,
Trade NSH/NYR  7/1/2015,Pavel Koltygin,,
Trade NSH/NYR  7/1/2015,Magnus Hellberg,a,
Trade PIT/FLA 3/8/2024,Magnus Hellberg,a,
Trade PIT/FLA 3/8/2024,Ludovic Waeber,a,
Trade SJS/NYI 2/26/2008,Rob Davison,,
Trade SJS/NYI 2/26/2008,Jason Demers,a,
Trade DET/PIT 10/21/2017,Jesper Eliasson,,
Trade DET/PIT 10/21/2017,Justin Almeida,,
Trade DET/PIT 10/21/2017,Riley Sheahan,a,
Trade DET/PIT 10/21/2017,Scott Wilson,a,
Trade SJS/PIT 6/26/2010,Scott Wilson,a,
Trade SJS/PIT 6/26/2010,Chris Crane,a,
Trade EDM/LAK 1/15/2014,Ben Scrivens,,
Trade EDM/LAK 1/15/2014,Dominic Turgeon,a,
Trade LAK/CBJ 3/5/2014,Matt Frattin,,
Trade LAK/CBJ 3/5/2014,Travis Dermott,,
Trade LAK/CBJ 3/5/2014,Dominic Turgeon,a,
Trade LAK/CBJ 3/5/2014,Marian Gaborik,a,
Trade EDM/CAR 7/1/2008,Erik Cole,a,
Trade EDM/CAR 7/1/2008,Joni Pitkanen,,
Trade EDM/CAR 3/4/2009,Matt Kennedy,,
Trade EDM/CAR 3/4/2009,Jesse Blacker,,
Trade EDM/CAR 3/4/2009,Patrick O'Sullivan,a,
Trade EDM/CAR 3/4/2009,Erik Cole,a,
Trade MTL/DAL 2/26/2013,Connor Crisp,,
Trade MTL/DAL 2/26/2013,Erik Cole,a,
Trade MTL/DAL 2/26/2013,Michael Ryder,a,
Trade DET/PHI 2/6/2010,Ville Leino,,
Trade DET/PHI 2/6/2010,Ole-Kristian Tollefsen,,
Trade DET/PHI 2/6/2010,Mattias Backman,a,
Trade MTL/DET 4/11/2021,Jack Bar,a,
Trade MTL/DET 4/11/2021,Jon Merrill,a,
Trade MTL/DET 4/11/2021,Hayden Verbeek,a,
Trade EDM/TBL 6/29/2014,Sam Gagner,a,
Trade EDM/TBL 6/29/2014,Teddy Purcell,,
Trade ARI/PHI 6/27/2015,Sam Gagner,a,
Trade ARI/PHI 6/27/2015,Nicklas Grossmann,,
Trade ARI/PHI 6/27/2015,Chris Pronger,,
Trade ARI/PHI 6/27/2015,Otto Koivula,a,
Trade PHI/TBL 7/30/2005,Blair Jones,,
Trade PHI/TBL 7/30/2005,Shawn Matthias,a,
Trade PHI/TBL 7/30/2005,Chris Lawrence,,
Trade PHI/PHX 3/9/2006,Shawn Matthias,a,
Trade PHI/PHX 3/9/2006,Denis Gauthier,,
Trade PHI/PHX 3/9/2006,Cory Emmerton,a,
Trade PHI/FLA 7/30/2005,Steve Downie,,
Trade PHI/FLA 7/30/2005,Cory Emmerton,a,
Trade PHI/FLA 7/30/2005,Kenndal McArdle,a,
Trade FLA/WPG 7/9/2011,Angelo Esposito,,
Trade FLA/WPG 7/9/2011,Kenndal McArdle,a,
Trade NYI/VAN 2/6/1998,Jarkko Ruutu,,
Trade NYI/VAN 2/6/1998,Todd Bertuzzi,a,
Trade NYI/VAN 2/6/1998,Trevor Linden,,
Trade NYI/VAN 2/6/1998,Bryan McCabe,,
Trade VAN/FLA 6/23/2006,Bryan Allen,,
Trade VAN/FLA 6/23/2006,Todd Bertuzzi,a,
Trade VAN/FLA 6/23/2006,Alex Auld,,
Trade VAN/FLA 6/23/2006,Roberto Luongo,,
Trade VAN/FLA 6/23/2006,Lukas Krajicek,,
Trade VAN/FLA 6/23/2006,Sergei Shirokov,a,
Trade VAN/FLA 7/9/2011,Sergei Shirokov,a,
Trade VAN/FLA 7/9/2011,Mike Duco,a,
Trade MTL/NYI 3/5/2014,Nikolas Koberstein,,
Trade MTL/NYI 3/5/2014,Thomas Vanek,a,
Trade MTL/NYI 3/5/2014,Sebastian Collberg,,
Trade MTL/NYI 3/5/2014,Johnathan MacLeod,a,
Trade CBJ/DET 6/23/2018,Tim Berni,a,
Trade CBJ/DET 6/23/2018,Filip Cederqvist,a,
Trade SJS/TBL 3/24/1998,David Legwand,a,
Trade SJS/TBL 3/24/1998,Vincent Lecavalier,,
Trade SJS/TBL 3/24/1998,Andrei Nazarov,,
Trade SJS/TBL 3/24/1998,Bryan Marchment,,
Trade SJS/TBL 3/24/1998,David Shaw,a,
Trade EDM/NYR 10/4/1991,Steven Rice,,
Trade EDM/NYR 10/4/1991,Mark Messier,,
Trade EDM/NYR 10/4/1991,David Shaw,a,
Trade EDM/NYR 10/4/1991,Jeff Beukeboom,,
Trade EDM/NYR 10/4/1991,Louie DeBrusk,,
Trade EDM/NYR 10/4/1991,Bernie Nicholls,,
Trade NYR/QUE 9/30/1987,Terry Carkner,,
Trade NYR/QUE 9/30/1987,David Shaw,a,
Trade NYR/QUE 9/30/1987,Jeff Jackson,,
Trade NYR/QUE 9/30/1987,John Ogrodnick,,
Trade EDM/MNS 1/12/1992,David Shaw,a,
Trade EDM/MNS 1/12/1992,Brian Glynn,,
Trade BOS/TBL 8/17/1995,David Shaw,a,
Trade BOS/TBL 8/17/1995,Jason Doyle (1),a,
Trade DET/TBL 8/17/1995,Ben Hankinson,,
Trade DET/TBL 8/17/1995,Marc Bergevin,,
Trade DET/TBL 8/17/1995,Shawn Burr,,
Trade DET/TBL 8/17/1995,Jason Doyle (1),a,
Trade NYI/PHX 3/24/1998,Mark Janssens,,
Trade NYI/PHX 3/24/1998,Jason Doyle (2),a,
Trade DAL/LAK 6/23/2012,Dominik Kubalik,a,
Trade DAL/LAK 6/23/2012,Dmitry Sinitsyn,a,
Trade LAK/EDM 6/26/2011,Colin Fraser,,
Trade LAK/EDM 6/26/2011,Ryan Smyth,,
Trade LAK/EDM 6/26/2011,Dmitry Sinitsyn,a,
Trade WSH/BOS 3/3/2004,Jeff Schultz,,
Trade WSH/BOS 3/3/2004,Shaone Morrisonn,a,
Trade WSH/BOS 3/3/2004,Sergei Gonchar,,
Trade WSH/BOS 3/3/2004,Mikhail Yunkov,a,
Trade NYI/PIT 3/4/2009,Bill Guerin,a,
Trade NYI/PIT 3/4/2009,Mike Lee,a,
Trade PHX/NYI 6/27/2009,Mike Lee,a,
Trade PHX/NYI 6/27/2009,Jason Clark,a,
Trade STL/BOS 1/16/2007,Yan Stastny,a,
Trade STL/BOS 1/16/2007,Denis Reul,,
Trade STL/VAN 3/3/2010,Yan Stastny,a,
Trade STL/VAN 3/3/2010,Pierre-Cedric Labrie,a,
Trade ARI/NSH 2/26/2018,Trevor Murphy,,
Trade ARI/NSH 2/26/2018,Pierre-Cedric Labrie,a,
Trade ARI/NSH 2/26/2018,Tyler Gaudet,,
Trade ARI/NSH 2/26/2018,John Ramage,a,
Trade MTL/CHI 6/16/2007,Tony Salmelainen,,
Trade MTL/CHI 6/16/2007,Sergei Samsonov,a,
Trade MTL/CHI 6/16/2007,Jassen Cullimore,a,
Trade CAR/FLA 2/28/2011,Bryan Allen,,
Trade CAR/FLA 2/28/2011,Sergei Samsonov,a,
Trade BOS/HFD 8/26/1994,Kyle McLaren,,
Trade BOS/HFD 8/26/1994,Sergei Samsonov,a,
Trade BOS/HFD 8/26/1994,Glen Wesley,,
Trade BOS/HFD 8/26/1994,Johnathan Aitken,a,
Trade FLA/PIT 2/25/2019,Chris Wideman,a,
Trade FLA/PIT 2/25/2019,Jean-Sebastien Dea,a,
Trade DET/EDM 2/23/2020,Mike Green (1985),,
Trade DET/EDM 2/23/2020,Kyle Brodziak,a,
Trade DET/EDM 2/23/2020,Jan Bednar,a,
Trade EDM/SJS 7/6/2013,Kyle Bigos,a,
Trade EDM/SJS 7/6/2013,Lee Moffie,,
Trade TBL/DAL 2/26/2008,Mike Smith,,
Trade TBL/DAL 2/26/2008,Brad Richards,,
Trade TBL/DAL 2/26/2008,Jeff Halpern,,
Trade TBL/DAL 2/26/2008,Jussi Jokinen,,
Trade TBL/DAL 2/26/2008,Kyle Bigos,a,
Trade TBL/DAL 2/26/2008,Johan Holmqvist,,
Trade TBL/MIN 6/29/2008,Kyle Bigos,a,
Trade TBL/MIN 6/29/2008,Brian Rolston,a,
Trade COL/NJD 11/3/1999,Brian Rolston,a,
Trade COL/NJD 11/3/1999,Claude Lemieux,,
Trade COL/NJD 11/3/1999,David Hale,,
Trade COL/NJD 11/3/1999,Martin Samuelsson,,
Trade COL/NJD 11/3/1999,Matt DeMarchi,,
Trade COL/BOS 3/6/2000,Ray Bourque,,
Trade COL/BOS 3/6/2000,Dave Andreychuk,,
Trade COL/BOS 3/6/2000,Sami Pahlsson,,
Trade COL/BOS 3/6/2000,Brian Rolston,a,
Trade COL/BOS 3/6/2000,Martin Grenier,,
Trade COL/BOS 3/6/2000,Martin Samuelsson,,
Trade NJD/NYI 7/28/2011,Trent Hunter,,
Trade NJD/NYI 7/28/2011,Brian Rolston,a,
Trade BOS/NYI 2/27/2012,Yannick Riendeau,,
Trade BOS/NYI 2/27/2012,Mike Mottau,,
Trade BOS/NYI 2/27/2012,Brian Rolston,a,
Trade TOR/CHI 6/30/2013,Carl Dahlstrom,,
Trade TOR/CHI 6/30/2013,Fredrik Bergvik,,
Trade TOR/CHI 6/30/2013,Fredrik Olofsson,,
Trade TOR/CHI 6/30/2013,Dave Bolland,a,
Trade SJS/NYR 12/30/1999,Todd Harvey,,
Trade SJS/NYR 12/30/1999,Radek Dvorak,a,
Trade SJS/NYR 12/30/1999,Dimitri Patzold,a,
Trade NYR/ATL 8/2/2010,Todd White,,
Trade NYR/ATL 8/2/2010,Pat Rissmiller,a,
Trade NYR/ATL 8/2/2010,Donald Brashear,a,
Trade VAN/PHI 12/17/2001,Jan Hlavac,,
Trade VAN/PHI 12/17/2001,Donald Brashear,a,
Trade VAN/PHI 12/17/2001,Jaroslav Balastik,,
Trade VAN/PHI 12/17/2001,Brett Skinner,,
Trade VAN/MTL 11/13/1996,Donald Brashear,a,
Trade VAN/MTL 11/13/1996,Jassen Cullimore,a,
Trade CAR/PHI 6/26/2010,Jonathan Matsumoto,a,
Trade CAR/PHI 6/26/2010,Ricard Blidstrand,,
Trade MTL/PHI 6/24/2006,Jonathan Matsumoto,a,
Trade MTL/PHI 6/24/2006,Ryan White,a,
Trade MTL/PHI 6/24/2006,Jakub Kovar,a,
Trade CAR/CHI 4/28/2017,Evan Barratt,,
Trade CAR/CHI 4/28/2017,Scott Darling,a,
Trade ANA/FLA 2/29/2016,Maxim Mamin,,
Trade ANA/FLA 2/29/2016,Brandon Pirri,a,
Trade CHI/VGK 9/28/2020,Brandon Pirri,a,
Trade CHI/VGK 9/28/2020,Dylan Sikura,a,
Trade CHI/ANA 3/2/2023,Dylan Sikura,a,
Trade CHI/ANA 3/2/2023,Maxim Golod,a,
Trade WSH/PIT 6/4/2012,Tomas Vokoun,a,
Trade WSH/PIT 6/4/2012,Sergey Kostenko,a,
Trade PHI/TBL 2/18/2012,Tobias Lindberg,,
Trade PHI/TBL 2/18/2012,Pavel Kubina,,
Trade PHI/TBL 2/18/2012,Brian Hart,a,
Trade MTL/FLA 2/11/2010,Dominic Moore,,
Trade MTL/FLA 2/11/2010,Matt Nieto,a,
Trade NYI/FLA 6/27/2015,Ryan Pilon,,
Trade NYI/FLA 6/27/2015,Cole Candella,a,
Trade TOR/EDM 6/27/2015,Christian Wolanin,a,
Trade TOR/EDM 6/27/2015,Martin Marincin,,
Trade EDM/OTT 6/27/2015,Eric Gryba,,
Trade EDM/OTT 6/27/2015,Christian Wolanin,a,
Trade EDM/OTT 6/27/2015,Travis Ewanyk,,
Trade TOR/EDM 6/27/2015,Brad Ross,a,
Trade CHI/CBJ 6/27/2018,Jordan Schroeder,,
Trade CHI/CBJ 6/27/2018,Jean-Francois Berube,a,
Trade WSH/WPG 6/28/2014,Edward Pasquale,a,
Trade WSH/WPG 6/28/2014,Steven Spinner,,
Trade WSH/WPG 6/28/2014,Pavel Kraskovsky,,
Trade WSH/WPG 6/28/2014,Matt Ustaski,,
Trade WSH/WPG 6/28/2014,Matteo Gennaro,,
Trade LAK/PHX 12/30/2008,Jason LaBarbera,,
Trade LAK/PHX 12/30/2008,Jordan Samuels-Thomas,a,
Trade TBL/VAN 6/27/2014,Jason Garrison,,
Trade TBL/VAN 6/27/2014,Roland McKeown,a,
Trade VAN/LAK 6/28/2014,Linden Vey,,
Trade VAN/LAK 6/28/2014,Roland McKeown,a,
Trade MIN/LAK 6/24/2006,Trevor Lewis,,
Trade MIN/LAK 6/24/2006,Pavol Demitra,,
Trade MIN/LAK 6/24/2006,Patrick O'Sullivan,a,
Trade EDM/PHX 6/30/2010,Jim Vandermeer,,
Trade EDM/PHX 6/30/2010,Patrick O'Sullivan,a,
Trade PHI/CAR 1/20/2004,Danny Markov,,
Trade PHI/CAR 1/20/2004,Justin Williams,a,
Trade NYR/SJS 6/24/2001,Mikael Samuelsson,a,
Trade NYR/SJS 6/24/2001,Adam Graves,,
Trade NYR/SJS 6/24/2001,Christian Gosselin,,
Trade PIT/NYR 2/10/2003,Rico Fata,,
Trade PIT/NYR 2/10/2003,Alexei Kovalev,,
Trade PIT/NYR 2/10/2003,Richard Lintner,,
Trade PIT/NYR 2/10/2003,Mikael Samuelsson,a,
Trade PIT/NYR 2/10/2003,Dan LaCouture,a,
Trade PIT/NYR 2/10/2003,Janne Laukkanen,,
Trade PIT/NYR 2/10/2003,Joel Bouchard,,
Trade PIT/NYR 2/10/2003,Michael Wilson,,
Trade NYI/EDM 8/25/1997,Dan LaCouture,a,
Trade NYI/EDM 8/25/1997,Mariusz Czerkawski,,
Trade EDM/PIT 3/13/2001,Sven Butenschon,,
Trade EDM/PIT 3/13/2001,Dan LaCouture,a,
Trade PHI/CGY 2/25/2013,Mitch Wahl,a,
Trade PHI/CGY 2/25/2013,Mike Testwuide,,
Trade LAK/CGY 1/29/2007,Dwight King,,
Trade LAK/CGY 1/29/2007,Jamie Lundmark,,
Trade LAK/CGY 1/29/2007,Mitch Wahl,a,
Trade LAK/CGY 1/29/2007,Craig Conroy,,
Trade LAK/EDM 11/14/2017,Michael Cammalleri,a,
Trade LAK/EDM 11/14/2017,Jussi Jokinen,,
Trade TOR/LAK 3/13/2001,Michael Cammalleri,a,
Trade TOR/LAK 3/13/2001,Aki Berg,,
Trade TOR/LAK 3/13/2001,Adam Mair,,
Trade DAL/COL 6/26/2010,Michael Bournival,,
Trade DAL/COL 6/26/2010,Alex Therieau,a,
Trade DAL/COL 6/26/2010,Alexander Guptil,,
Trade CAR/ANA 3/3/2010,Justin Pogge,a,
Trade CAR/ANA 3/3/2010,Justin Shugg,a,
Trade CAR/ANA 3/3/2010,Aaron Ward,,
Trade BOS/ANA 3/2/2010,Steven Kampfer,,
Trade BOS/ANA 3/2/2010,Justin Shugg,a,
Trade CAR/LAK 1/13/2013,Anthony Stewart,,
Trade CAR/LAK 1/13/2013,Kyle Platzer,a,
Trade CAR/LAK 1/13/2013,William Carrier,a,
Trade CAR/LAK 1/13/2013,Kevin Westgarth,a,
Trade CAR/CGY 12/30/2013,Kevin Westgarth,a,
Trade CAR/CGY 12/30/2013,Greg Nemisz,a,
Trade TBL/ANA 6/29/2014,Miroslav Svoboda,,
Trade TBL/ANA 6/29/2014,Jonne Tammela,,
Trade TBL/ANA 6/29/2014,Nate Thompson,a,
Trade MTL/CGY 6/23/2018,Milos Roman,,
Trade MTL/CGY 6/23/2018,Kim Nousiainen,a,
Trade MTL/WPG 10/5/2014,Peter Budaj,a,
Trade MTL/WPG 10/5/2014,Patrick Holland,,
Trade MTL/WPG 10/5/2014,Eric Tangradi,,
Trade TBL/LAK 6/13/2018,Andy Andreoff,,
Trade TBL/LAK 6/13/2018,Peter Budaj,a,
Trade STL/OTT 2/26/2012,Ben Bishop,a,
Trade STL/OTT 2/26/2012,Thomas Vannelli,,
Trade TBL/OTT 4/3/2013,Cory Conacher,,
Trade TBL/OTT 4/3/2013,Tobias Lindberg,,
Trade TBL/OTT 4/3/2013,Ben Bishop,a,
Trade LAK/DAL 5/9/2017,Ben Bishop,a,
Trade LAK/DAL 5/9/2017,Markus Phillips,,
Trade DAL/BUF 6/10/2022,Linus Sjodin,,
Trade DAL/BUF 6/10/2022,Ben Bishop,a,
Trade LAK/DAL 6/25/2016,Nick Ebert,,
Trade LAK/DAL 6/25/2016,Jack Campbell,a,
Trade LAK/MIN 2/26/2025,Tyler Madden,a,
Trade LAK/MIN 2/26/2025,Joseph Cecconi,,
Trade LAK/WSH 6/23/2007,Braden Holtby,,
Trade LAK/WSH 6/23/2007,Alec Martinez,a,
Trade LAK/WSH 6/23/2007,Dan Dunn,,
Trade CHI/PHI 12/5/2005,Ryan White,a,
Trade CHI/PHI 12/5/2005,Patrick Sharp,,
Trade CHI/PHI 12/5/2005,Eric Meloche,,
Trade CHI/PHI 12/5/2005,Matt Ellison,,
Trade PHI/NYR 8/20/2001,Jan Hlavac,,
Trade PHI/NYR 8/20/2001,Eric Lindros,,
Trade PHI/NYR 8/20/2001,Kim Johnsson,a,
Trade PHI/NYR 8/20/2001,Pavel Brendl,,
Trade MTL/ANA 6/24/2000,Ilya Bryzgalov,a,
Trade MTL/ANA 6/24/2000,Michel Ouellet,,
Trade MTL/ANA 6/24/2000,Ryan Glenn,,
Trade MTL/ANA 6/24/2000,Jozef Balej,,
Trade MIN/NYR 2/4/2013,Mike Rupp,,
Trade MIN/NYR 2/4/2013,Darroll Powe,a,
Trade MIN/NYR 2/4/2013,Nick Palmieri,,
Trade EDM/NSH/CBJ 2/25/2018,Jachym Kondelik,,
Trade EDM/NSH/CBJ 2/25/2018,Mark Letestu,,
Trade EDM/NSH/CBJ 2/25/2018,Pontus Aberg,a,
Trade ANA/MIN 1/16/2019,Justin Kloos,,
Trade ANA/MIN 1/16/2019,Pontus Aberg,a,
Trade TBL/SJS 2/16/2012,Pontus Aberg,a,
Trade TBL/SJS 2/16/2012,Dominic Moore,,
Trade TBL/SJS 2/16/2012,Brandon Whitney,,
Trade SJS/ATL 7/30/2005,Marc Staal,,
Trade SJS/ATL 7/30/2005,Devin Setoguchi,a,
Trade SJS/ATL 7/30/2005,Myles Stoesz,,
Trade SJS/ATL 7/30/2005,Chad Denny,,
Trade CBJ/PHI 2/28/2011,Greg Moore,,
Trade CBJ/PHI 2/28/2011,Michael Chaput,a,
Trade CBJ/PHI 2/28/2011,Tom Sestito,,
Trade CHI/VAN 6/24/2018,Michael Chaput,a,
Trade CHI/VAN 6/24/2018,Tanner Kero,,
Trade NSH/PHI 3/8/2024,Wade Allison,,
Trade NSH/PHI 3/8/2024,Denis Gurianov,a,
Trade MTL/FLA 7/5/2013,Philippe Lefebvre,,
Trade MTL/FLA 7/5/2013,George Parros,,
Trade MTL/FLA 7/5/2013,Hugo Fagerblom,a,
Trade LAK/NSH 3/21/2022,Frederic Allard,a,
Trade LAK/NSH 3/21/2022,Brayden Burke,,
Trade NJD/DAL 6/27/1998,John Erskine,,
Trade NJD/DAL 6/27/1998,Tyler Bouck,,
Trade NJD/DAL 6/27/1998,Scott Gomez,a,
Trade VAN/FLA 2/28/2011,Cole Cassels,,
Trade VAN/FLA 2/28/2011,Chris Higgins,a,
Trade VAN/FLA 2/28/2011,Evan Oberg,,
Trade EDM/MTL 6/22/2002,Chris Higgins,a,
Trade EDM/MTL 6/22/2002,Jesse Niinimaki,,
Trade EDM/MTL 6/22/2002,Tomas Micka,,
Trade DAL/CHI 10/8/2008,Doug Janik,a,
Trade DAL/CHI 10/8/2008,Macmillan Carruth,,
Trade MIN/MTL 11/23/2009,Benoit Pouliot,,
Trade MIN/MTL 11/23/2009,Guillaume Latendresse,a,
Trade NYR/NSH 7/2/2011,Brodie Dupont,a,
Trade NYR/NSH 7/2/2011,Andreas Thuresson,,
Trade MTL/VGK 6/22/2017,Marcus Kalionkiela,,
Trade MTL/VGK 6/22/2017,David Schlemko,a,
Trade BUF/OTT 2/27/2016,Jason Akeson,,
Trade BUF/OTT 2/27/2016,Cole Schneider,,
Trade BUF/OTT 2/27/2016,Phil Varone,a,
Trade BUF/OTT 2/27/2016,Eric O'Dell,,
Trade BUF/OTT 2/27/2016,Jerome Leduc,,
Trade BUF/OTT 2/27/2016,Alexander Guptil,,
Trade BUF/OTT 2/27/2016,Michael Sdao,,
Trade ANA/PIT 1/17/2019,Joseph Blandisi,a,
Trade ANA/PIT 1/17/2019,Derek Grant,,
Trade DET/SJS 1/18/2023,Jasper Weatherby,a,
Trade DET/SJS 1/18/2023,Kyle Criscuolo,,
Trade MTL/EDM 1/4/2018,Jasper Weatherby,a,
Trade MTL/EDM 1/4/2018,Al Montoya,,
Trade MTL/FLA 10/8/2016,Jonathan Racine,a,
Trade MTL/FLA 10/8/2016,Tim Bozon,,
Trade MTL/SJS 2/25/2007,Max Pacioretty,a,
Trade MTL/SJS 2/25/2007,Josh Gorges,,
Trade MTL/SJS 2/25/2007,Julien Demers,,
Trade MTL/SJS 2/25/2007,Craig Rivet,,
Trade ANA/TOR 2/27/2012,Mark Fraser,a,
Trade ANA/TOR 2/27/2012,Dale Mitchell,,
Trade TOR/EDM 1/31/2014,Mark Fraser,a,
Trade TOR/EDM 1/31/2014,Teemu Hartikainen,,
Trade TOR/EDM 1/31/2014,Cameron Abney,,
Trade WSH/NJD 6/20/2008,Patrice Cormier,a,
Trade WSH/NJD 6/20/2008,Tyler Cuma,,
Trade WSH/NJD 6/20/2008,Anton Gustafsson,,
Trade WPJ/CHI 2/27/2012,Zachary Sanford,,
Trade WPJ/CHI 2/27/2012,Johnny Oduya,a,
Trade WPJ/CHI 2/27/2012,JC Lipon,,
Trade ATL/NJD 3/2/2009,Anssi Salmela,a,
Trade ATL/NJD 3/2/2009,Niclas Havelid,,
Trade ATL/NJD 3/2/2009,Myles Stoesz,,
Trade DET/TBL 8/27/1996,Alexei Ponikarovsky,a,
Trade DET/TBL 8/27/1996,Dino Ciccarelli,,
Trade TOR/DET 3/24/1998,Alexei Ponikarovsky,a,
Trade TOR/DET 3/24/1998,Jamie Macoun,,
Trade TOR/PIT 3/2/2010,Martin Skoula,,
Trade TOR/PIT 3/2/2010,Alexei Ponikarovsky,a,
Trade TOR/PIT 3/2/2010,Luca Caputi,,
Trade WPG/NJD 2/13/2013,Alexei Ponikarovsky,a,
Trade WPG/NJD 2/13/2013,Nelson Nogier,,
Trade WPG/NJD 2/13/2013,Brenden Kitchon,,