Source,Target,,,,,
0,1,,,,,
0,2,,,,,
0,22,,,,,
0,61,,,,,
0,91,,,,,
0,92,,,,,
0,96,,,,,
0,111,,,,,
5,4,,,,,
6,4,,,,,
8,7,,,,,
9,7,,,,,
11,10,,,,,
12,10,,,,,
15,13,,,,,
16,13,,,,,
16,14,,,,,
17,0,,,,,
18,0,,,,,
19,0,,,,,
21,20,,,,,
23,0,,,,,
24,25,,,,,
26,24,,,,,
27,26,,,,,
28,0,,,,,
29,30,,,,,
29,31,,,,,
32,33,,,,,
32,34,,,,,
35,3020,,,,,
36,35,,,,,
37,35,,,,,
38,0,,,,,
39,35,,,,,
39,40,,,,,
39,41,,,,,
43,42,,,,,
44,0,,,,,
45,0,,,,,
46,47,,,,,
48,47,,,,,
49,0,,,,,
50,0,,,,,
51,0,,,,,
52,0,,,,,
53,55,,,,,
54,55,,,,,
56,0,,,,,
58,57,,,,,
58,59,,,,,
60,0,,,,,
62,63,,,,,
64,66,,,,,
65,64,,,,,
67,66,,,,,
67,80,,,,,
68,0,,,,,
69,0,,,,,
71,72,,,,,
72,73,,,,,
74,0,,,,,
76,75,,,,,
77,84,,,,,
78,0,,,,,
79,80,,,,,
80,81,,,,,
82,83,,,,,
86,85,,,,,
87,0,,,,,
88,89,,,,,
89,90,,,,,
93,94,,,,,
94,95,,,,,
97,98,,,,,
98,99,,,,,
100,101,,,,,
101,43,,,,,
103,102,,,,,
104,103,,,,,
105,0,,,,,
106,0,,,,,
107,0,,,,,
108,109,,,,,
110,109,,,,,
112,0,,,,,
113,0,,,,,
114,0,,,,,
116,15,,,,,
116,115,,,,,
118,110,,,,,
118,117,,,,,
119,0,,,,,
120,121,,,,,
120,122,,,,,
123,124,,,,,
123,3074,,,,,
124,125,,,,,
124,126,,,,,
127,570,,,,,
127,128,,,,,
127,3055,,,,,
130,131,,,,,
132,134,,,,,
132,2931,,,,,
134,133,,,,,
135,136,,,,,
136,137,,,,,
138,0,,,,,
139,0,,,,,
140,141,,,,,
142,0,,,,,
143,3029,,,,,
144,3073,,,,,
145,0,,,,,
146,54,,,,,
147,148,,,,,
147,150,,,,,
147,151,,,,,
147,152,,,,,
147,153,,,,,
148,149,,,,,
154,3076,,,,,
155,154,,,,,
155,156,,,,,
155,157,,,,,
158,159,,,,,
160,0,,,,,
161,0,,,,,
163,162,,,,,
164,0,,,,,
165,141,,,,,
165,166,,,,,
167,2931,,,,,
168,0,,,,,
169,0,,,,,
170,0,,,,,
171,0,,,,,
172,0,,,,,
173,0,,,,,
174,0,,,,,
175,0,,,,,
176,177,,,,,
178,0,,,,,
180,179,,,,,
180,231,,,,,
181,0,,,,,
182,0,,,,,
183,185,,,,,
184,185,,,,,
184,208,,,,,
186,0,,,,,
188,187,,,,,
189,188,,,,,
191,192,,,,,
193,194,,,,,
193,195,,,,,
195,196,,,,,
195,197,,,,,
198,0,,,,,
199,200,,,,,
201,0,,,,,
202,203,,,,,
204,203,,,,,
205,0,,,,,
206,0,,,,,
207,208,,,,,
208,209,,,,,
210,0,,,,,
211,0,,,,,
212,0,,,,,
213,0,,,,,
214,215,,,,,
215,216,,,,,
217,218,,,,,
218,141,,,,,
218,219,,,,,
218,220,,,,,
221,0,,,,,
222,0,,,,,
223,0,,,,,
224,200,,,,,
224,225,,,,,
225,226,,,,,
227,227.1,,,,,
227.1,228,,,,,
229,0,,,,,
231,230,,,,,
232,0,,,,,
233,234,,,,,
233,235,,,,,
235,236,,,,,
237,3051,,,,,
238,239,,,,,
238,240,,,,,
238,241,,,,,
241,242,,,,,
241,243,,,,,
241,244,,,,,
245,246,,,,,
245,247,,,,,
248,249,,,,,
250,251,,,,,
251,316,,,,,
252,253,,,,,
252,254,,,,,
252,255,,,,,
252,256,,,,,
257,3061,,,,,
258,247,,,,,
259,261,,,,,
260,259,,,,,
261,262,,,,,
261,263,,,,,
264,0,,,,,
265,266,,,,,
266,267,,,,,
268,0,,,,,
269,270,,,,,
270,271,,,,,
272,0,,,,,
273,0,,,,,
274,0,,,,,
275,276,,,,,
275,277,,,,,
277,920,,,,,
279,280,,,,,
279,281,,,,,
279,3069,,,,,
281,282,,,,,
281,283,,,,,
284,0,,,,,
285,151,,,,,
285,3051,,,,,
286,287,,,,,
287,288,,,,,
289,290,,,,,
289,291,,,,,
289,292,,,,,
292,293,,,,,
292,294,,,,,
292,295,,,,,
292,5853,,,,,
296,297,,,,,
297,298,,,,,
297,299,,,,,
299,377,,,,,
300,301,,,,,
301,302,,,,,
302,307,,,,,
303,304,,,,,
304,247,,,,,
305,0,,,,,
306,307,,,,,
308,309,,,,,
310,309,,,,,
311,312,,,,,
311,313,,,,,
314,0,,,,,
315,0,,,,,
316,317,,,,,
317,318,,,,,
317,319,,,,,
320,0,,,,,
321,322,,,,,
323,0,,,,,
324,0,,,,,
325,0,,,,,
326,327,,,,,
327,234,,,,,
328,329,,,,,
330,329,,,,,
331,332,,,,,
332,333,,,,,
334,0,,,,,
335,336,,,,,
337,267,,,,,
337,338,,,,,
338,339,,,,,
338,340,,,,,
341,0,,,,,
342,343,,,,,
343,344,,,,,
345,346,,,,,
346,347,,,,,
348,0,,,,,
349,0,,,,,
350,351,,,,,
351,352,,,,,
353,354,,,,,
354,355,,,,,
356,0,,,,,
357,0,,,,,
359,358,,,,,
359,360,,,,,
359,361,,,,,
362,0,,,,,
363,0,,,,,
364,365,,,,,
365,366,,,,,
365,367,,,,,
368,0,,,,,
369,0,,,,,
370,0,,,,,
371,372,,,,,
372,373,,,,,
374,0,,,,,
375,0,,,,,
376,377,,,,,
377,378,,,,,
378,491,,,,,
379,0,,,,,
380,381,,,,,
381,382,,,,,
382,386,,,,,
383,0,,,,,
384,0,,,,,
385,386,,,,,
387,388,,,,,
389,390,,,,,
389,391,,,,,
389,3060,,,,,
392,393,,,,,
394,395,,,,,
396,397,,,,,
397,430,,,,,
398,399,,,,,
400,122,,,,,
400,3050,,,,,
401,402,,,,,
402,403,,,,,
403,404,,,,,
405,406,,,,,
406,407,,,,,
406,408,,,,,
409,410,,,,,
409,411,,,,,
409,412,,,,,
412,413,,,,,
414,415,,,,,
416,0,,,,,
417,0,,,,,
418,0,,,,,
419,0,,,,,
420,421,,,,,
421,422,,,,,
423,0,,,,,
425,426,,,,,
426,427,,,,,
426,428,,,,,
426,429,,,,,
430,431,,,,,
431,432,,,,,
433,434,,,,,
434,435,,,,,
436,437,,,,,
438,399,,,,,
438,439,,,,,
440,441,,,,,
442,443,,,,,
442,445,,,,,
442,446,,,,,
443,444,,,,,
447,0,,,,,
448,0,,,,,
449,450,,,,,
451,452,,,,,
452,453,,,,,
454,455,,,,,
455,122,,,,,
456,0,,,,,
457,0,,,,,
458,0,,,,,
459,0,,,,,
460,0,,,,,
461,0,,,,,
462,0,,,,,
463,0,,,,,
464,465,,,,,
466,467,,,,,
466,468,,,,,
469,0,,,,,
470,0,,,,,
471,0,,,,,
472,122,,,,,
473,0,,,,,
474,122,,,,,
475,476,,,,,
476,477,,,,,
478,479,,,,,
478,482,,,,,
479,480,,,,,
479,481,,,,,
483,484,,,,,
483,485,,,,,
485,486,,,,,
487,0,,,,,
488,0,,,,,
489,0,,,,,
490,0,,,,,
491,492,,,,,
491,493,,,,,
493,494,,,,,
495,0,,,,,
496,497,,,,,
498,0,,,,,
499,500,,,,,
500,501,,,,,
502,0,,,,,
503,0,,,,,
504,505,,,,,
505,415,,,,,
505,506,,,,,
505,507,,,,,
505,508,,,,,
509,510,,,,,
510,482,,,,,
511,512,,,,,
512,513,,,,,
512,514,,,,,
513,1067,,,,,
515,0,,,,,
516,0,,,,,
517,0,,,,,
518,519,,,,,
519,422,,,,,
519,520,,,,,
519,521,,,,,
522,0,,,,,
523,0,,,,,
524,525,,,,,
525,514,,,,,
525,526,,,,,
527,528,,,,,
528,529,,,,,
528,530,,,,,
528,531,,,,,
532,0,,,,,
533,0,,,,,
534,535,,,,,
535,441,,,,,
535,536,,,,,
535,537,,,,,
538,0,,,,,
539,0,,,,,
540,541,,,,,
541,542,,,,,
545,546,,,,,
547,36,,,,,
548,549,,,,,
548,550,,,,,
548,551,,,,,
551,552,,,,,
551,553,,,,,
554,555,,,,,
555,556,,,,,
557,552,,,,,
557,558,,,,,
558,559,,,,,
558,560,,,,,
562,563,,,,,
564,565,,,,,
566,567,,,,,
567,568,,,,,
569,570,,,,,
569,571,,,,,
572,573,,,,,
572,574,,,,,
575,576,,,,,
575,577,,,,,
575,578,,,,,
578,579,,,,,
578,580,,,,,
581,0,,,,,
582,583,,,,,
582,584,,,,,
582,586,,,,,
584,585,,,,,
587,588,,,,,
588,393,,,,,
589,0,,,,,
590,591,,,,,
591,592,,,,,
591,593,,,,,
594,595,,,,,
595,596,,,,,
597,0,,,,,
598,0,,,,,
599,0,,,,,
600,601,,,,,
601,602,,,,,
603,0,,,,,
604,605,,,,,
606,0,,,,,
607,0,,,,,
608,0,,,,,
609,610,,,,,
610,611,,,,,
610,612,,,,,
613,614,,,,,
614,615,,,,,
616,617,,,,,
617,618,,,,,
619,620,,,,,
620,621,,,,,
622,623,,,,,
623,624,,,,,
623,625,,,,,
626,0,,,,,
627,628,,,,,
628,437,,,,,
628,629,,,,,
630,0,,,,,
631,632,,,,,
631,633,,,,,
631,637,,,,,
634,635,,,,,
634,636,,,,,
638,639,,,,,
638,641,,,,,
639,640,,,,,
642,0,,,,,
643,0,,,,,
644,0,,,,,
645,646,,,,,
645,647,,,,,
648,0,,,,,
649,650,,,,,
649,4450,,,,,
650,651,,,,,
652,653,,,,,
653,654,,,,,
655,656,,,,,
656,657,,,,,
658,659,,,,,
659,571,,,,,
659,660,,,,,
661,662,,,,,
662,660,,,,,
663,0,,,,,
664,665,,,,,
665,666,,,,,
667,0,,,,,
668,669,,,,,
669,618,,,,,
669,670,,,,,
671,672,,,,,
671,673,,,,,
674,675,,,,,
676,513,,,,,
676,553,,,,,
676,677,,,,,
676,678,,,,,
679,0,,,,,
680,681,,,,,
682,683,,,,,
684,685,,,,,
686,687,,,,,
688,689,,,,,
688,691,,,,,
688,692,,,,,
689,690,,,,,
693,636,,,,,
693,694,,,,,
693,2985,,,,,
694,695,,,,,
696,636,,,,,
696,697,,,,,
696,698,,,,,
698,699,,,,,
698,700,,,,,
698,701,,,,,
702,673,,,,,
702,703,,,,,
702,704,,,,,
705,636,,,,,
706,707,,,,,
707,586,,,,,
707,708,,,,,
709,0,,,,,
710,219,,,,,
710,711,,,,,
711,413,,,,,
711,712,,,,,
713,128,,,,,
713,714,,,,,
715,192,,,,,
715,310,,,,,
715,445,,,,,
715,716,,,,,
717,192,,,,,
717,692,,,,,
717,6405,,,,,
718,0,,,,,
719,629,,,,,
719,720,,,,,
721,633,,,,,
721,722,,,,,
721,724,,,,,
722,723,,,,,
725,256,,,,,
726,727,,,,,
728,0,,,,,
729,565,,,,,
729,730,,,,,
729,3054,,,,,
730,731,,,,,
730,732,,,,,
733,734,,,,,
733,735,,,,,
733,736,,,,,
733,737,,,,,
733,738,,,,,
733,739,,,,,
739,856,,,,,
740,741,,,,,
741,742,,,,,
741,743,,,,,
744,745,,,,,
745,629,,,,,
745,746,,,,,
747,748,,,,,
747,749,,,,,
749,750,,,,,
751,752,,,,,
752,753,,,,,
754,755,,,,,
755,756,,,,,
755,757,,,,,
758,759,,,,,
759,760,,,,,
761,762,,,,,
762,763,,,,,
764,765,,,,,
765,766,,,,,
765,767,,,,,
768,769,,,,,
770,254,,,,,
770,771,,,,,
770,772,,,,,
772,773,,,,,
774,775,,,,,
774,776,,,,,
774,3054,,,,,
777,778,,,,,
778,779,,,,,
780,781,,,,,
781,782,,,,,
783,784,,,,,
785,786,,,,,
787,0,,,,,
788,141,,,,,
789,790,,,,,
791,446,,,,,
791,792,,,,,
791,793,,,,,
793,794,,,,,
795,796,,,,,
797,798,,,,,
799,800,,,,,
799,803,,,,,
800,801,,,,,
800,802,,,,,
804,163,,,,,
804,805,,,,,
805,806,,,,,
805,807,,,,,
808,809,,,,,
808,810,,,,,
810,811,,,,,
812,798,,,,,
812,813,,,,,
813,814,,,,,
815,816,,,,,
816,817,,,,,
818,819,,,,,
818,820,,,,,
821,822,,,,,
821,823,,,,,
821,824,,,,,
821,825,,,,,
821,3049,,,,,
822,1338,,,,,
825,826,,,,,
825,827,,,,,
828,3077,,,,,
829,830,,,,,
829,831,,,,,
829,832,,,,,
829,833,,,,,
833,834,,,,,
833,835,,,,,
836,0,,,,,
837,838,,,,,
837,839,,,,,
839,840,,,,,
841,298,,,,,
841,842,,,,,
841,848,,,,,
842,843,,,,,
842,844,,,,,
842,845,,,,,
842,846,,,,,
842,847,,,,,
849,850,,,,,
850,226,,,,,
851,0,,,,,
852,0,,,,,
853,854,,,,,
854,811,,,,,
854,855,,,,,
857,0,,,,,
858,3064,,,,,
859,0,,,,,
860,276,,,,,
860,3055,,,,,
861,862,,,,,
863,864,,,,,
863,865,,,,,
865,866,,,,,
867,276,,,,,
868,0,,,,,
869,870,,,,,
871,0,,,,,
872,873,,,,,
874,0,,,,,
875,43,,,,,
875,876,,,,,
876,877,,,,,
878,0,,,,,
879,0,,,,,
880,881,,,,,
882,883,,,,,
882,884,,,,,
882,2723,,,,,
884,885,,,,,
886,0,,,,,
888,889,,,,,
888,3030,,,,,
888,3032,,,,,
889,640,,,,,
889,826,,,,,
889,890,,,,,
891,892,,,,,
892,893,,,,,
894,895,,,,,
894,2723,,,,,
896,897,,,,,
896,898,,,,,
898,899,,,,,
900,901,,,,,
901,902,,,,,
903,881,,,,,
903,904,,,,,
905,3030,,,,,
906,907,,,,,
906,909,,,,,
907,625,,,,,
907,908,,,,,
910,909,,,,,
910,911,,,,,
910,912,,,,,
910,913,,,,,
914,881,,,,,
914,915,,,,,
914,917,,,,,
915,773,,,,,
915,916,,,,,
918,919,,,,,
919,920,,,,,
921,881,,,,,
921,922,,,,,
921,3060,,,,,
923,924,,,,,
924,67,,,,,
924,925,,,,,
924,926,,,,,
927,0,,,,,
928,0,,,,,
930,931,,,,,
932,0,,,,,
933,0,,,,,
934,935,,,,,
935,936,,,,,
937,938,,,,,
937,939,,,,,
937,3026,,,,,
940,941,,,,,
940,942,,,,,
940,943,,,,,
941,811,,,,,
944,574,,,,,
944,720,,,,,
944,945,,,,,
946,947,,,,,
946,948,,,,,
946,949,,,,,
950,951,,,,,
950,952,,,,,
950,953,,,,,
954,955,,,,,
955,956,,,,,
957,958,,,,,
958,959,,,,,
960,961,,,,,
960,962,,,,,
960,963,,,,,
964,681,,,,,
964,965,,,,,
964,967,,,,,
965,966,,,,,
968,969,,,,,
970,971,,,,,
972,973,,,,,
972,974,,,,,
975,976,,,,,
976,399,,,,,
977,978,,,,,
979,895,,,,,
980,981,,,,,
981,982,,,,,
983,984,,,,,
983,986,,,,,
984,956,,,,,
984,985,,,,,
987,0,,,,,
988,0,,,,,
989,0,,,,,
990,991,,,,,
991,629,,,,,
992,508,,,,,
994,0,,,,,
995,996,,,,,
995,997,,,,,
996,629,,,,,
998,0,,,,,
999,1000,,,,,
1000,1001,,,,,
1000,1002,,,,,
1003,1004,,,,,
1004,1005,,,,,
1006,1007,,,,,
1006,1008,,,,,
1006,1009,,,,,
1006,1010,,,,,
1006,1011,,,,,
1012,573,,,,,
1013,0,,,,,
1014,0,,,,,
1015,1016,,,,,
1017,0,,,,,
1018,1019,,,,,
1018,1020,,,,,
1020,1021,,,,,
1022,0,,,,,
1023,0,,,,,
1024,0,,,,,
1025,779,,,,,
1026,1025,,,,,
1027,0,,,,,
1028,1029,,,,,
1030,0,,,,,
1031,0,,,,,
1032,133,,,,,
1032,1033,,,,,
1033,802,,,,,
1033,1034,,,,,
1033,1035,,,,,
1036,1037,,,,,
1036,1038,,,,,
1039,0,,,,,
1040,77,,,,,
1041,974,,,,,
1041,1042,,,,,
1042,1043,,,,,
1044,1045,,,,,
1045,1046,,,,,
1045,1047,,,,,
1048,1049,,,,,
1050,0,,,,,
1051,629,,,,,
1054,0,,,,,
1055,0,,,,,
1056,0,,,,,
1058,0,,,,,
1059,549,,,,,
1059,1019,,,,,
1060,253,,,,,
1060,280,,,,,
1060,1049,,,,,
1061,782,,,,,
1062,1063,,,,,
1063,1064,,,,,
1063,1065,,,,,
1062,1066,,,,,
1068,0,,,,,
1069,1070,,,,,
1070,1071,,,,,
1070,1072,,,,,
1073,0,,,,,
1074,0,,,,,
1075,1076,,,,,
1076,1077,,,,,
1077,1333,,,,,
1078,543,,,,,
1078,561,,,,,
1078,715,,,,,
1078,858,,,,,
1079,1080,,,,,
1080,1081,,,,,
1080,1082,,,,,
1083,0,,,,,
1084,1085,,,,,
1086,0,,,,,
1087,0,,,,,
1088,0,,,,,
1089,1090,,,,,
1089,1091,,,,,
1089,1092,,,,,
1089,1093,,,,,
1094,298,,,,,
1094,1095,,,,,
1096,920,,,,,
1097,1096,,,,,
1098,1099,,,,,
1100,0,,,,,
1101,0,,,,,
1102,1103,,,,,
1103,1104,,,,,
1105,0,,,,,
1106,0,,,,,
1107,1108,,,,,
1108,410,,,,,
1108,481,,,,,
1109,0,,,,,
1110,1111,,,,,
1110,1113,,,,,
1111,1112,,,,,
1114,1115,,,,,
1114,1116,,,,,
1114,1117,,,,,
1118,1119,,,,,
1120,1121,,,,,
1121,283,,,,,
1122,893,,,,,
1122,1123,,,,,
1123,1125,,,,,
1123,893,,,,,
1122,1124,,,,,
1126,0,,,,,
1127,1128,,,,,
1127,1130,,,,,
1128,1129,,,,,
1131,1132,,,,,
1133,3064,,,,,
1134,1135,,,,,
1135,586,,,,,
1135,1136,,,,,
1137,1138,,,,,
1139,1140,,,,,
1140,1141,,,,,
1140,1142,,,,,
1139,1143,,,,,
1144,1145,,,,,
1144,1146,,,,,
1144,3075,,,,,
1145,246,,,,,
1147,1148,,,,,
1147,3062,,,,,
1148,763,,,,,
1148,1149,,,,,
1150,1151,,,,,
1152,0,,,,,
1153,220,,,,,
1154,1155,,,,,
1155,1156,,,,,
1155,1157,,,,,
1158,189,,,,,
1158,1159,,,,,
1159,1160,,,,,
1161,0,,,,,
1162,1163,,,,,
1164,0,,,,,
1165,1166,,,,,
1166,1167,,,,,
1166,1168,,,,,
1169,1170,,,,,
1169,1171,,,,,
1170,36,,,,,
1172,0,,,,,
1173,482,,,,,
1173,1174,,,,,
1175,378,,,,,
1176,1177,,,,,
1177,1091,,,,,
1177,1178,,,,,
1177,1179,,,,,
1180,0,,,,,
1181,1182,,,,,
1182,1132,,,,,
1182,1183,,,,,
1184,1185,,,,,
1185,1186,,,,,
1185,1187,,,,,
1184,1188,,,,,
1189,150,,,,,
1189,1190,,,,,
1190,1191,,,,,
1192,1077,,,,,
1193,1194,,,,,
1194,481,,,,,
1195,1196,,,,,
1196,753,,,,,
1197,1198,,,,,
1198,1199,,,,,
1200,336,,,,,
1200,1201,,,,,
1200,1894,,,,,
1201,1202,,,,,
1203,0,,,,,
1204,1205,,,,,
1206,298,,,,,
1206,1207,,,,,
1208,1209,,,,,
1209,1210,,,,,
1211,220,,,,,
1211,779,,,,,
1211,1212,,,,,
1212,1213,,,,,
1214,0,,,,,
1215,0,,,,,
1216,760,,,,,
1216,1217,,,,,
1216,1218,,,,,
1219,1220,,,,,
1220,1221,,,,,
1220,1222,,,,,
1223,1224,,,,,
1223,1227,,,,,
1224,1225,,,,,
1224,1226,,,,,
1228,1229,,,,,
1229,1230,,,,,
1231,1232,,,,,
1233,0,,,,,
1234,1235,,,,,
1234,1237,,,,,
1235,149,,,,,
1235,1236,,,,,
1238,0,,,,,
1239,0,,,,,
1240,1241,,,,,
1240,1242,,,,,
1240,1243,,,,,
1244,196,,,,,
1244,1245,,,,,
1244,1246,,,,,
1244,1247,,,,,
1248,298,,,,,
1248,966,,,,,
1248,1249,,,,,
1248,1250,,,,,
1251,0,,,,,
1252,0,,,,,
1253,0,,,,,
1254,0,,,,,
1255,1256,,,,,
1255,1257,,,,,
1255,1258,,,,,
1259,1260,,,,,
1259,1261,,,,,
1259,1262,,,,,
1262,1263,,,,,
1264,1265,,,,,
1264,3054,,,,,
1265,961,,,,,
1266,1267,,,,,
1268,553,,,,,
1268,1269,,,,,
1270,1271,,,,,
1272,1273,,,,,
1274,0,,,,,
1275,0,,,,,
1276,0,,,,,
1277,0,,,,,
1278,0,,,,,
1279,0,,,,,
1280,0,,,,,
1281,0,,,,,
1282,1283,,,,,
1282,1284,,,,,
1282,1285,,,,,
1286,1287,,,,,
1286,1289,,,,,
1286,1290,,,,,
1286,1291,,,,,
1287,1288,,,,,
1292,1293,,,,,
1292,1296,,,,,
1292,1297,,,,,
1292,1298,,,,,
1293,1294,,,,,
1293,1295,,,,,
1299,209,,,,,
1299,1300,,,,,
1299,1301,,,,,
1299,3068,,,,,
1302,1303,,,,,
1302,1304,,,,,
1302,3033,,,,,
1305,333,,,,,
1305,1306,,,,,
1307,611,,,,,
1307,1308,,,,,
1308,1309,,,,,
1310,0,,,,,
1311,819,,,,,
1311,1312,,,,,
1313,189,,,,,
1313,1314,,,,,
1315,1316,,,,,
1317,1318,,,,,
1317,1322,,,,,
1318,1319,,,,,
1318,1320,,,,,
1318,1321,,,,,
1323,0,,,,,
1324,0,,,,,
1325,0,,,,,
1326,1327,,,,,
1328,0,,,,,
1329,1330,,,,,
1330,1331,,,,,
1332,1333,,,,,
1334,1335,,,,,
1335,1336,,,,,
1337,0,,,,,
1338,1339,,,,,
1339,784,,,,,
1339,1340,,,,,
1341,0,,,,,
1342,151,,,,,
1342,196,,,,,
1342,1343,,,,,
1342,1346,,,,,
1343,1344,,,,,
1343,1345,,,,,
1347,1348,,,,,
1348,1349,,,,,
1348,1350,,,,,
1351,439,,,,,
1352,1353,,,,,
1352,1354,,,,,
1352,1355,,,,,
1353,546,,,,,
1356,1357,,,,,
1356,1358,,,,,
1359,1360,,,,,
1361,763,,,,,
1361,1104,,,,,
1362,1136,,,,,
1362,1363,,,,,
1364,1237,,,,,
1364,1365,,,,,
1366,0,,,,,
1367,0,,,,,
1368,0,,,,,
1369,0,,,,,
1370,1371,,,,,
1370,1373,,,,,
1371,1372,,,,,
1374,1375,,,,,
1376,1377,,,,,
1376,1380,,,,,
1377,1378,,,,,
1377,1379,,,,,
1381,0,,,,,
1382,1077,,,,,
1382,1383,,,,,
1383,1384,,,,,
1386,0,,,,,
1387,1388,,,,,
1389,0,,,,,
1390,1391,,,,,
1392,939,,,,,
1392,1393,,,,,
1392,1397,,,,,
1392,1398,,,,,
1392,2981,,,,,
1393,1394,,,,,
1393,1395,,,,,
1393,1396,,,,,
1399,360,,,,,
1399,1400,,,,,
1401,1402,,,,,
1402,593,,,,,
1403,0,,,,,
1404,1405,,,,,
1405,1406,,,,,
1405,1407,,,,,
1408,1409,,,,,
1408,1410,,,,,
1408,1411,,,,,
1412,743,,,,,
1412,1344,,,,,
1412,1413,,,,,
1412,1414,,,,,
1412,1415,,,,,
1412,1416,,,,,
1418,1419,,,,,
1418,1420,,,,,
1421,1358,,,,,
1421,1422,,,,,
1421,1423,,,,,
1423,1424,,,,,
1425,819,,,,,
1425,1355,,,,,
1425,1521,,,,,
1426,1490,,,,,
1426,2984,,,,,
1427,1428,,,,,
1429,1430,,,,,
1431,784,,,,,
1431,943,,,,,
1431,1432,,,,,
1431,1433,,,,,
1431,1434,,,,,
1435,0,,,,,
1437,553,,,,,
1437,1438,,,,,
1439,0,,,,,
1440,1112,,,,,
1440,1441,,,,,
1440,1442,,,,,
1440,1443,,,,,
1440,1444,,,,,
1440,1445,,,,,
1446,0,,,,,
1447,1448,,,,,
1447,1449,,,,,
1448,400,,,,,
1448,424,,,,,
1448,1451,,,,,
1449,1450,,,,,
1451,1452,,,,,
1452,830,,,,,
1452,1450,,,,,
1453,0,,,,,
1454,0,,,,,
1455,0,,,,,
1456,1457,,,,,
1456,1458,,,,,
1459,0,,,,,
1460,1461,,,,,
1460,1463,,,,,
1461,1007,,,,,
1461,1462,,,,,
1464,0,,,,,
1465,0,,,,,
1466,360,,,,,
1467,1468,,,,,
1469,0,,,,,
1470,0,,,,,
1471,883,,,,,
1471,1472,,,,,
1474,2981,,,,,
1475,322,,,,,
1475,1476,,,,,
1475,1477,,,,,
1477,1478,,,,,
1480,15,,,,,
1480,1462,,,,,
1480,1481,,,,,
1482,0,,,,,
1483,1484,,,,,
1485,1260,,,,,
1485,1486,,,,,
1486,1487,,,,,
1488,0,,,,,
1489,1300,,,,,
1489,1490,,,,,
1489,1491,,,,,
1491,1492,,,,,
1493,1490,,,,,
1494,1490,,,,,
1494,1495,,,,,
1496,1490,,,,,
1497,1112,,,,,
1497,1498,,,,,
1497,1499,,,,,
1500,1498,,,,,
1500,1501,,,,,
1500,1503,,,,,
1500,1504,,,,,
1500,3061,,,,,
1501,1502,,,,,
1505,1498,,,,,
1506,1498,,,,,
1507,1498,,,,,
1508,0,,,,,
1509,0,,,,,
1510,0,,,,,
1511,1512,,,,,
1512,756,,,,,
1513,0,,,,,
1514,267,,,,,
1515,1363,,,,,
1515,1516,,,,,
1517,0,,,,,
1518,298,,,,,
1518,1519,,,,,
1518,1520,,,,,
1518,1521,,,,,
1522,1523,,,,,
1524,0,,,,,
1525,0,,,,,
1526,0,,,,,
1527,1528,,,,,
1528,1529,,,,,
1530,0,,,,,
1531,0,,,,,
1532,1533,,,,,
1001534,1535,,,,,
1536,0,,,,,
1537,1178,,,,,
1537,1538,,,,,
1539,397,,,,,
1540,1541,,,,,
1540,1542,,,,,
1543,1523,,,,,
1543,1544,,,,,
1546,1547,,,,,
1546,1549,,,,,
1546,1550,,,,,
1547,1548,,,,,
1551,1552,,,,,
1553,1554,,,,,
1553,1560,,,,,
1554,1555,,,,,
1554,1556,,,,,
1554,1557,,,,,
1554,1558,,,,,
1557,1559,,,,,
1561,571,,,,,
1561,1562,,,,,
1563,0,,,,,
1564,352,,,,,
1564,1565,,,,,
1566,1567,,,,,
1566,1568,,,,,
1566,1569,,,,,
1570,1571,,,,,
1571,1572,,,,,
1573,1574,,,,,
1574,1575,,,,,
1576,1257,,,,,
1576,1577,,,,,
1577,1468,,,,,
1577,1578,,,,,
1577,1579,,,,,
1580,1575,,,,,
1580,1581,,,,,
1582,0,,,,,
1583,1476,,,,,
1583,1584,,,,,
1585,0,,,,,
1586,0,,,,,
1587,830,,,,,
1587,1588,,,,,
1589,1590,,,,,
1589,1592,,,,,
1590,1591,,,,,
1593,0,,,,,
1594,654,,,,,
1594,1595,,,,,
1594,1597,,,,,
1594,1598,,,,,
1594,1599,,,,,
1595,1596,,,,,
1600,953,,,,,
1601,1519,,,,,
1601,1602,,,,,
1603,166,,,,,
1604,1605,,,,,
1604,1606,,,,,
1607,0,,,,,
1608,0,,,,,
1609,912,,,,,
1609,1610,,,,,
1609,1612,,,,,
1609,1613,,,,,
1610,1611,,,,,
1614,1615,,,,,
1615,819,,,,,
1615,1420,,,,,
1615,1616,,,,,
1617,0,,,,,
1618,1619,,,,,
1619,1620,,,,,
1619,1621,,,,,
1622,1420,,,,,
1623,0,,,,,
1624,373,,,,,
1625,1626,,,,,
1628,0,,,,,
1629,0,,,,,
1630,920,,,,,
1631,0,,,,,
1632,0,,,,,
1633,1199,,,,,
1633,1584,,,,,
1633,1634,,,,,
1634,263,,,,,
1635,0,,,,,
1636,0,,,,,
1637,549,,,,,
1637,1613,,,,,
1637,1638,,,,,
1639,1640,,,,,
1640,962,,,,,
1640,1581,,,,,
1640,1641,,,,,
1642,234,,,,,
1642,1643,,,,,
1644,0,,,,,
1645,1646,,,,,
1647,1602,,,,,
1647,1648,,,,,
1648,784,,,,,
1648,1649,,,,,
1650,997,,,,,
1650,1651,,,,,
1651,1230,,,,,
1651,1652,,,,,
1653,1654,,,,,
1654,1655,,,,,
1656,948,,,,,
1656,1657,,,,,
1656,1658,,,,,
1658,700,,,,,
1658,1659,,,,,
1660,625,,,,,
1660,1258,,,,,
1660,1661,,,,,
1661,1558,,,,,
1661,1662,,,,,
1664,938,,,,,
1665,180,,,,,
1665,1666,,,,,
1665,3029,,,,,
1666,11,,,,,
1667,0,,,,,
1668,1669,,,,,
1669,1670,,,,,
1671,0,,,,,
1672,0,,,,,
1673,1674,,,,,
1673,1675,,,,,
1674,1221,,,,,
1676,1677,,,,,
1677,1602,,,,,
1678,1679,,,,,
1679,197,,,,,
1679,982,,,,,
1679,1680,,,,,
1679,1681,,,,,
1679,1682,,,,,
1680,1683,,,,,
1684,1685,,,,,
1684,3076,,,,,
1685,776,,,,,
1686,0,,,,,
1687,378,,,,,
1687,1688,,,,,
1688,402,,,,,
1688,1499,,,,,
1689,1690,,,,,
1689,3029,,,,,
1690,1691,,,,,
1690,1692,,,,,
1693,1694,,,,,
1693,1695,,,,,
1693,1696,,,,,
1693,1697,,,,,
1697,1698,,,,,
1699,0,,,,,
1700,1701,,,,,
1702,209,,,,,
1702,494,,,,,
1702,1681,,,,,
1702,1703,,,,,
1702,1704,,,,,
1705,1706,,,,,
1707,0,,,,,
1708,0,,,,,
1709,753,,,,,
1709,1710,,,,,
1709,1711,,,,,
1712,0,,,,,
1713,1659,,,,,
1713,1710,,,,,
1713,1714,,,,,
1713,1715,,,,,
1715,1716,,,,,
1715,1717,,,,,
1718,1719,,,,,
1718,1722,,,,,
1718,3063,,,,,
1719,1720,,,,,
1719,1721,,,,,
1723,1724,,,,,
1723,1726,,,,,
1724,1725,,,,,
1727,1728,,,,,
1727,1730,,,,,
1727,1731,,,,,
1728,1729,,,,,
1732,0,,,,,
1733,163,,,,,
1733,1734,,,,,
1735,1736,,,,,
1735,1738,,,,,
1736,1737,,,,,
1739,1303,,,,,
1739,1340,,,,,
1739,1740,,,,,
1739,1742,,,,,
1739,1743,,,,,
1740,885,,,,,
1740,1741,,,,,
1744,0,,,,,
1745,59,,,,,
1745,1457,,,,,
1745,1746,,,,,
1745,1749,,,,,
1745,1750,,,,,
1746,1747,,,,,
1746,1748,,,,,
1751,0,,,,,
1752,1753,,,,,
1753,1297,,,,,
1753,1754,,,,,
1755,131,,,,,
1755,1484,,,,,
1755,1756,,,,,
1755,1757,,,,,
1756,885,,,,,
1758,0,,,,,
1760,239,,,,,
1760,1726,,,,,
1761,1762,,,,,
1763,0,,,,,
1764,1765,,,,,
1765,444,,,,,
1766,1767,,,,,
1766,1768,,,,,
1769,1749,,,,,
1770,0,,,,,
1771,1772,,,,,
1773,1774,,,,,
1774,1572,,,,,
1775,1776,,,,,
1776,1777,,,,,
1778,1779,,,,,
1780,0,,,,,
1781,0,,,,,
1782,0,,,,,
1783,1784,,,,,
1785,1786,,,,,
1787,0,,,,,
1788,0,,,,,
1789,1790,,,,,
1790,1791,,,,,
1792,1793,,,,,
1792,1795,,,,,
1793,1794,,,,,
1796,0,,,,,
1797,746,,,,,
1797,1798,,,,,
1798,1799,,,,,
1800,0,,,,,
1801,1802,,,,,
1802,1803,,,,,
1804,553,,,,,
1804,1805,,,,,
1806,1807,,,,,
1806,1808,,,,,
1808,1809,,,,,
1808,1810,,,,,
1811,1812,,,,,
1812,1813,,,,,
1814,0,,,,,
1815,862,,,,,
1815,1786,,,,,
1816,0,,,,,
1817,757,,,,,
1818,1819,,,,,
1819,1237,,,,,
1820,0,,,,,
1821,0,,,,,
1822,1249,,,,,
1822,1823,,,,,
1824,962,,,,,
1824,1825,,,,,
1825,1826,,,,,
1827,1828,,,,,
1828,1829,,,,,
1830,1831,,,,,
1831,1832,,,,,
1833,1294,,,,,
1833,1834,,,,,
1833,1835,,,,,
1833,1836,,,,,
1837,925,,,,,
1837,1838,,,,,
1839,1840,,,,,
1840,1841,,,,,
1840,1842,,,,,
1843,1250,,,,,
1844,1008,,,,,
1844,1095,,,,,
1844,1845,,,,,
1846,1327,,,,,
1846,1847,,,,,
1847,911,,,,,
1847,1406,,,,,
1848,0,,,,,
1849,1850,,,,,
1849,1851,,,,,
1852,1516,,,,,
1852,1853,,,,,
1854,0,,,,,
1855,0,,,,,
1856,0,,,,,
1857,2582,,,,,
1858,1859,,,,,
1860,1862,,,,,
1861,827,,,,,
1861,1754,,,,,
1861,1860,,,,,
1863,1097,,,,,
1864,1865,,,,,
1865,1692,,,,,
1866,0,,,,,
1867,1868,,,,,
1868,1869,,,,,
1868,1870,,,,,
1871,0,,,,,
1872,1873,,,,,
1873,1874,,,,,
1872,1875,,,,,
1876,1230,,,,,
1876,1877,,,,,
1876,2725,,,,,
1878,1879,,,,,
1878,1881,,,,,
1879,1160,,,,,
1882,1883,,,,,
1884,1885,,,,,
1885,1886,,,,,
1887,0,,,,,
1888,1016,,,,,
1888,1889,,,,,
1888,1891,,,,,
1888,1892,,,,,
1888,1893,,,,,
1888,2985,,,,,
1888,3052,,,,,
1889,1890,,,,,
1895,0,,,,,
1896,1897,,,,,
1897,1550,,,,,
1897,1898,,,,,
1899,1900,,,,,
1899,1902,,,,,
1900,1901,,,,,
1903,378,,,,,
1904,0,,,,,
1905,0,,,,,
1906,1907,,,,,
1907,1908,,,,,
1909,1910,,,,,
1909,3067,,,,,
1910,1886,,,,,
1910,1911,,,,,
1912,1913,,,,,
1914,1915,,,,,
1914,1917,,,,,
1915,1916,,,,,
1918,1919,,,,,
1920,1921,,,,,
1921,1922,,,,,
1921,1923,,,,,
1924,150,,,,,
1924,234,,,,,
1924,1925,,,,,
1926,1927,,,,,
1926,1928,,,,,
1927,1001,,,,,
1929,0,,,,,
1930,0,,,,,
1931,1932,,,,,
1932,1047,,,,,
1932,1933,,,,,
1934,0,,,,,
1935,0,,,,,
1936,1738,,,,,
1936,1937,,,,,
1937,864,,,,,
1937,1938,,,,,
1940,0,,,,,
1941,2985,,,,,
1942,1943,,,,,
1943,612,,,,,
1944,1922,,,,,
1944,1945,,,,,
1944,1946,,,,,
1947,1948,,,,,
1947,1949,,,,,
1947,3065,,,,,
1950,1093,,,,,
1950,1951,,,,,
1952,1917,,,,,
1952,1953,,,,,
1953,1954,,,,,
1953,1955,,,,,
1956,0,,,,,
1957,1112,,,,,
1957,1958,,,,,
1957,1959,,,,,
1957,1960,,,,,
1961,1951,,,,,
1961,1962,,,,,
1962,1963,,,,,
1964,1965,,,,,
1964,1966,,,,,
1964,1967,,,,,
1968,310,,,,,
1968,1969,,,,,
1968,1970,,,,,
1971,1972,,,,,
1971,3073,,,,,
1972,1357,,,,,
1973,1974,,,,,
1974,445,,,,,
1975,121,,,,,
1975,1160,,,,,
1975,1976,,,,,
1976,1129,,,,,
1977,0,,,,,
1978,0,,,,,
1979,1980,,,,,
1979,1982,,,,,
1980,966,,,,,
1980,1256,,,,,
1980,1981,,,,,
1983,0,,,,,
1984,0,,,,,
1985,0,,,,,
1986,0,,,,,
1987,298,,,,,
1987,1988,,,,,
1987,1990,,,,,
1988,163,,,,,
1988,1989,,,,,
1991,402,,,,,
1992,0,,,,,
1993,1327,,,,,
1993,1994,,,,,
1994,1064,,,,,
1994,1995,,,,,
1996,1997,,,,,
1997,1398,,,,,
1997,1967,,,,,
1998,920,,,,,
1998,1999,,,,,
1998,2000,,,,,
2001,378,,,,,
2002,1560,,,,,
2003,1605,,,,,
2004,2005,,,,,
2006,2007,,,,,
2006,2008,,,,,
2006,2009,,,,,
2006,2010,,,,,
2011,1722,,,,,
2011,2012,,,,,
2012,2013,,,,,
2014,635,,,,,
2014,2015,,,,,
2014,2016,,,,,
2017,0,,,,,
2018,2019,,,,,
2019,1842,,,,,
2020,763,,,,,
2020,2021,,,,,
2022,0,,,,,
2023,415,,,,,
2023,1400,,,,,
2023,2024,,,,,
2023,2025,,,,,
2023,2026,,,,,
2026,1372,,,,,
2027,1484,,,,,
2028,0,,,,,
2029,756,,,,,
2029,2030,,,,,
2030,1592,,,,,
2031,0,,,,,
2032,640,,,,,
2032,1047,,,,,
2032,1205,,,,,
2032,1562,,,,,
2032,2033,,,,,
2034,822,,,,,
2034,2036,,,,,
2035,2038,,,,,
2035,3030,,,,,
2036,2037,,,,,
2038,2039,,,,,
2040,2041,,,,,
2041,1741,,,,,
2041,2042,,,,,
2043,2044,,,,,
2043,3063,,,,,
2044,640,,,,,
2044,2045,,,,,
2046,0,,,,,
2047,2048,,,,,
2048,156,,,,,
2049,2050,,,,,
2051,1247,,,,,
2051,2052,,,,,
2051,2053,,,,,
2053,2054,,,,,
2055,0,,,,,
2056,322,,,,,
2056,845,,,,,
2056,2057,,,,,
2057,1741,,,,,
2057,2058,,,,,
2057,2059,,,,,
2057,2060,,,,,
2057,2061,,,,,
2062,0,,,,,
2063,2064,,,,,
2063,2066,,,,,
2064,2065,,,,,
2067,0,,,,,
2068,2069,,,,,
2070,2071,,,,,
2071,1210,,,,,
2072,1874,,,,,
1002072,2072,,,,,
1002072,2073,,,,,
2074,0,,,,,
2075,1891,,,,,
2076,2077,,,,,
2076,2078,,,,,
2079,0,,,,,
2080,2081,,,,,
2082,0,,,,,
2083,2084,,,,,
2083,2087,,,,,
2083,2088,,,,,
2084,2085,,,,,
2084,2086,,,,,
2089,2090,,,,,
2090,1210,,,,,
2091,625,,,,,
2092,121,,,,,
2092,596,,,,,
2093,5,,,,,
2093,2094,,,,,
2094,2095,,,,,
2096,0,,,,,
2097,196,,,,,
2098,2099,,,,,
2099,477,,,,,
2101,0,,,,,
2102,2103,,,,,
2105,1410,,,,,
2106,2107,,,,,
2107,2108,,,,,
2107,2109,,,,,
2107,2110,,,,,
2111,847,,,,,
2111,2112,,,,,
2111,2113,,,,,
2111,2723,,,,,
2113,2114,,,,,
2113,2115,,,,,
2116,166,,,,,
2116,1285,,,,,
2117,0,,,,,
2118,2119,,,,,
2119,625,,,,,
2119,2120,,,,,
2121,1138,,,,,
2122,2123,,,,,
2122,2126,,,,,
2122,2127,,,,,
2122,2128,,,,,
2123,2124,,,,,
2123,2125,,,,,
2129,0,,,,,
2130,1183,,,,,
2131,537,,,,,
2131,1130,,,,,
2131,2132,,,,,
2131,2133,,,,,
2131,2134,,,,,
2131,3024,,,,,
2135,2136,,,,,
2135,2137,,,,,
2135,2723,,,,,
2136,157,,,,,
2138,31,,,,,
2138,54,,,,,
2139,2140,,,,,
2140,748,,,,,
2140,2141,,,,,
2142,0,,,,,
2143,2128,,,,,
2145,2146,,,,,
2147,2146,,,,,
2148,2149,,,,,
2150,2151,,,,,
2152,1916,,,,,
2152,2153,,,,,
2154,2155,,,,,
2156,0,,,,,
2157,0,,,,,
2158,2159,,,,,
2159,2160,,,,,
2159,2161,,,,,
2162,1558,,,,,
2162,1692,,,,,
2162,2163,,,,,
2162,2164,,,,,
2162,2165,,,,,
2166,2167,,,,,
2166,2170,,,,,
2166,2171,,,,,
2167,2168,,,,,
2167,2169,,,,,
2172,1400,,,,,
2172,1711,,,,,
2172,2173,,,,,
2174,1743,,,,,
2174,2175,,,,,
2176,1925,,,,,
2176,2177,,,,,
2176,2179,,,,,
2177,2178,,,,,
2180,196,,,,,
2180,883,,,,,
2181,0,,,,,
2182,0,,,,,
2183,2184,,,,,
2185,0,,,,,
2186,2187,,,,,
2186,3051,,,,,
2187,2120,,,,,
2187,2137,,,,,
2188,0,,,,,
2189,2190,,,,,
2191,2005,,,,,
2191,3051,,,,,
2192,2193,,,,,
2193,596,,,,,
2193,624,,,,,
2194,2179,,,,,
2195,2196,,,,,
2197,2198,,,,,
2197,2199,,,,,
2200,0,,,,,
2201,2202,,,,,
2201,3070,,,,,
2202,2203,,,,,
2204,2205,,,,,
2205,2050,,,,,
2206,0,,,,,
2207,0,,,,,
2208,2209,,,,,
2209,2005,,,,,
2210,1179,,,,,
2210,1210,,,,,
2210,2211,,,,,
2211,2095,,,,,
2211,2212,,,,,
2213,2214,,,,,
2214,2215,,,,,
2216,2217,,,,,
2216,3070,,,,,
2217,2005,,,,,
2218,1295,,,,,
2218,2219,,,,,
2218,2220,,,,,
2218,2221,,,,,
2218,2222,,,,,
2222,2223,,,,,
2222,2224,,,,,
2225,0,,,,,
2226,220,,,,,
2226,2227,,,,,
2226,2228,,,,,
2228,2229,,,,,
2230,2199,,,,,
2230,2231,,,,,
2230,2232,,,,,
2231,2045,,,,,
2233,0,,,,,
2234,2235,,,,,
2236,0,,,,,
2237,2238,,,,,
2239,0,,,,,
2240,2241,,,,,
2241,2242,,,,,
2243,0,,,,,
2244,0,,,,,
2245,0,,,,,
2246,2247,,,,,
2247,1047,,,,,
2247,1850,,,,,
2248,2249,,,,,
2249,2250,,,,,
2251,2252,,,,,
2251,3065,,,,,
2252,322,,,,,
2253,0,,,,,
2254,2255,,,,,
2254,2256,,,,,
2257,0,,,,,
2258,2259,,,,,
2260,2261,,,,,
2261,2262,,,,,
2263,2259,,,,,
2263,2264,,,,,
2264,1670,,,,,
2265,2266,,,,,
2266,1691,,,,,
2266,1955,,,,,
2267,2268,,,,,
2268,1954,,,,,
2269,565,,,,,
2270,573,,,,,
2271,10904,,,,,
2272,21,,,,,
2273,2274,,,,,
2274,2275,,,,,
2276,0,,,,,
2277,0,,,,,
2278,0,,,,,
2279,0,,,,,
2280,2184,,,,,
2281,302,,,,,
2282,1249,,,,,
2283,0,,,,,
2284,3062,,,,,
2285,2286,,,,,
2286,1548,,,,,
2287,2288,,,,,
2288,2289,,,,,
2288,2290,,,,,
2291,0,,,,,
2292,0,,,,,
2293,636,,,,,
2293,2294,,,,,
2294,612,,,,,
2295,0,,,,,
2296,2297,,,,,
2298,0,,,,,
2299,2300,,,,,
2300,2301,,,,,
2302,480,,,,,
2302,2303,,,,,
2303,2304,,,,,
2303,2305,,,,,
2306,0,,,,,
2307,2308,,,,,
2309,0,,,,,
2310,790,,,,,
2310,1232,,,,,
2310,2311,,,,,
2311,1104,,,,,
2312,2313,,,,,
2314,298,,,,,
2314,2005,,,,,
2314,2315,,,,,
2315,2316,,,,,
2317,0,,,,,
2318,526,,,,,
2318,677,,,,,
2318,2319,,,,,
2318,2320,,,,,
2318,2321,,,,,
2319,1221,,,,,
2319,1222,,,,,
2322,0,,,,,
2323,2324,,,,,
2323,2326,,,,,
2323,2327,,,,,
2323,2328,,,,,
2323,2329,,,,,
2324,731,,,,,
2324,2325,,,,,
2330,0,,,,,
2331,2332,,,,,
2332,579,,,,,
2332,2333,,,,,
2331,2334,,,,,
2335,0,,,,,
2336,1925,,,,,
2337,2338,,,,,
2337,2340,,,,,
2338,444,,,,,
2341,77,,,,,
2341,2342,,,,,
2342,48,,,,,
2342,2343,,,,,
2344,2345,,,,,
2345,2346,,,,,
2347,2348,,,,,
2348,1706,,,,,
2349,2350,,,,,
2351,2352,,,,,
2351,2353,,,,,
2354,0,,,,,
2355,0,,,,,
2356,0,,,,,
2357,2982,,,,,
2358,0,,,,,
2359,251,,,,,
2360,2361,,,,,
2361,2362,,,,,
2363,2077,,,,,
2363,2364,,,,,
2363,2365,,,,,
2365,2366,,,,,
2367,952,,,,,
2367,1141,,,,,
2367,1548,,,,,
2367,2369,,,,,
2368,0,,,,,
2369,2370,,,,,
2371,563,,,,,
2371,3023,,,,,
2372,1850,,,,,
2372,3065,,,,,
2373,484,,,,,
2374,0,,,,,
2375,2364,,,,,
2375,2376,,,,,
2376,2377,,,,,
2378,2379,,,,,
2378,2381,,,,,
2378,2382,,,,,
2379,2380,,,,,
2383,753,,,,,
2384,0,,,,,
2385,731,,,,,
2385,2386,,,,,
2385,4501,,,,,
2387,2388,,,,,
2388,2389,,,,,
2390,1151,,,,,
2391,467,,,,,
2392,553,,,,,
2392,2393,,,,,
2393,2394,,,,,
2393,2395,,,,,
2393,2396,,,,,
2397,2398,,,,,
2398,319,,,,,
2399,2024,,,,,
2400,2401,,,,,
2401,692,,,,,
2402,1701,,,,,
2402,2403,,,,,
2402,2404,,,,,
2404,2405,,,,,
2406,378,,,,,
2406,2407,,,,,
2406,3070,,,,,
2407,2408,,,,,
2409,1136,,,,,
2409,2410,,,,,
2410,48,,,,,
2411,104,,,,,
2412,344,,,,,
2412,2126,,,,,
2413,1692,,,,,
2413,2414,,,,,
2413,3058,,,,,
2415,2058,,,,,
2415,2416,,,,,
2415,2417,,,,,
2417,2418,,,,,
2419,0,,,,,
2420,0,,,,,
2421,0,,,,,
2422,1358,,,,,
2423,2424,,,,,
2424,2425,,,,,
2426,1188,,,,,
2427,2428,,,,,
2428,2429,,,,,
2428,2430,,,,,
2431,336,,,,,
2432,2433,,,,,
2434,137,,,,,
2434,2435,,,,,
2436,2433,,,,,
2437,1768,,,,,
2438,0,,,,,
2439,1504,,,,,
2439,2440,,,,,
2440,835,,,,,
2440,2441,,,,,
2442,0,,,,,
2443,1588,,,,,
2443,1591,,,,,
2443,2444,,,,,
2444,2445,,,,,
2446,2447,,,,,
2448,2161,,,,,
2449,0,,,,,
2450,322,,,,,
2450,2451,,,,,
2451,2452,,,,,
2453,0,,,,,
2454,2163,,,,,
2454,2455,,,,,
2454,2456,,,,,
2457,200,,,,,
2457,2458,,,,,
2457,2461,,,,,
2458,2459,,,,,
2459,2460,,,,,
2462,347,,,,,
2462,1395,,,,,
2462,2463,,,,,
2462,2464,,,,,
2464,2465,,,,,
2466,2334,,,,,
2466,2467,,,,,
2468,2165,,,,,
2469,2470,,,,,
2471,2343,,,,,
2471,2472,,,,,
2473,2474,,,,,
2473,2476,,,,,
2473,2477,,,,,
2474,2475,,,,,
2477,70,,,,,
2478,1592,,,,,
2478,2479,,,,,
2478,2480,,,,,
2478,2481,,,,,
2482,2483,,,,,
2483,2325,,,,,
2484,1958,,,,,
2484,2242,,,,,
2484,2485,,,,,
2486,1223,,,,,
2487,2488,,,,,
2488,803,,,,,
2489,0,,,,,
2490,0,,,,,
2491,1533,,,,,
2491,2492,,,,,
2493,1541,,,,,
2494,298,,,,,
2494,318,,,,,
2494,2495,,,,,
2496,912,,,,,
2496,2497,,,,,
2496,2498,,,,,
2498,2499,,,,,
2500,0,,,,,
2501,625,,,,,
2501,1373,,,,,
2501,1503,,,,,
2501,2502,,,,,
2501,2503,,,,,
2501,2504,,,,,
2504,2505,,,,,
2504,2506,,,,,
2507,0,,,,,
2508,1588,,,,,
2509,2510,,,,,
2511,1743,,,,,
2511,2512,,,,,
2511,2513,,,,,
2511,2514,,,,,
2511,2515,,,,,
2511,2516,,,,,
2516,2517,,,,,
2518,2519,,,,,
2519,271,,,,,
2520,378,,,,,
2520,2521,,,,,
2521,2485,,,,,
2522,2523,,,,,
2524,716,,,,,
2525,840,,,,,
2525,2163,,,,,
2526,521,,,,,
2527,2024,,,,,
2528,3053,,,,,
2529,951,,,,,
2529,2530,,,,,
2529,2534,,,,,
2529,2535,,,,,
2529,2536,,,,,
2530,2531,,,,,
2530,2532,,,,,
2530,2533,,,,,
2537,2982,,,,,
2539,1136,,,,,
2539,2540,,,,,
2539,2541,,,,,
2539,2542,,,,,
2539,2543,,,,,
2540,1747,,,,,
2545,967,,,,,
2545,2546,,,,,
2546,2547,,,,,
2546,2548,,,,,
2549,0,,,,,
2550,1081,,,,,
2550,1245,,,,,
2550,2551,,,,,
2550,2552,,,,,
2553,2554,,,,,
2553,2555,,,,,
2556,63,,,,,
2556,2557,,,,,
2557,1710,,,,,
2557,2558,,,,,
2559,1001,,,,,
2559,1007,,,,,
2559,2560,,,,,
2559,2561,,,,,
2560,2164,,,,,
2562,855,,,,,
2562,2563,,,,,
2564,0,,,,,
2565,1432,,,,,
2565,2566,,,,,
2565,2567,,,,,
2568,2569,,,,,
2568,2571,,,,,
2569,2570,,,,,
2572,536,,,,,
2573,0,,,,,
2574,2476,,,,,
2574,2575,,,,,
2575,1468,,,,,
2575,1810,,,,,
2576,507,,,,,
2576,2577,,,,,
2576,2982,,,,,
2577,2250,,,,,
2578,1810,,,,,
2578,2579,,,,,
2579,2580,,,,,
2581,0,,,,,
2583,2582,,,,,
2584,2585,,,,,
2585,2399,,,,,
2587,0,,,,,
2588,1541,,,,,
2588,2589,,,,,
2588,2590,,,,,
2588,2591,,,,,
2588,2592,,,,,
2589,2316,,,,,
2593,0,,,,,
2594,435,,,,,
2595,0,,,,,
2596,1691,,,,,
2596,2597,,,,,
2597,2598,,,,,
2599,0,,,,,
2600,204,,,,,
2600,2601,,,,,
2600,2603,,,,,
2600,2604,,,,,
2600,2605,,,,,
2600,2606,,,,,
2601,2602,,,,,
2607,3026,,,,,
2608,2609,,,,,
2608,2610,,,,,
2609,2394,,,,,
2611,2542,,,,,
2611,2612,,,,,
2611,2613,,,,,
2613,2614,,,,,
2615,1290,,,,,
2616,792,,,,,
2616,2617,,,,,
2617,2618,,,,,
2619,0,,,,,
2620,855,,,,,
2620,2621,,,,,
2620,2622,,,,,
2623,2624,,,,,
2624,2625,,,,,
2626,0,,,,,
2627,552,,,,,
2627,2628,,,,,
2627,2629,,,,,
2631,2430,,,,,
2631,2630,,,,,
2632,1805,,,,,
2632,2633,,,,,
2634,2635,,,,,
2634,2638,,,,,
2635,2636,,,,,
2635,2637,,,,,
2639,0,,,,,
2640,2405,,,,,
2640,2641,,,,,
2640,2642,,,,,
2640,2643,,,,,
2643,2644,,,,,
2645,0,,,,,
2646,2642,,,,,
2647,1450,,,,,
2647,1659,,,,,
2648,484,,,,,
2648,2649,,,,,
2650,83,,,,,
2651,484,,,,,
2651,2503,,,,,
2651,2652,,,,,
2651,2653,,,,,
2653,2654,,,,,
2653,2655,,,,,
2656,0,,,,,
2657,1422,,,,,
2657,2514,,,,,
2658,0,,,,,
3659,1657,,,,,
2659,3647,,,,,
2660,0,,,,,
2661,782,,,,,
2661,2662,,,,,
2662,625,,,,,
2662,1171,,,,,
2663,2664,,,,,
2664,2665,,,,,
2666,1207,,,,,
2667,2668,,,,,
2668,2669,,,,,
2670,1805,,,,,
2671,654,,,,,
2672,1835,,,,,
2672,2673,,,,,
2673,2674,,,,,
2675,2676,,,,,
2676,2110,,,,,
2677,1092,,,,,
2677,2678,,,,,
2677,2679,,,,,
2677,3059,,,,,
2680,1288,,,,,
2680,1303,,,,,
2680,2681,,,,,
2680,2682,,,,,
2682,2683,,,,,
2682,2684,,,,,
2684,2586,,,,,
2685,0,,,,,
2686,0,,,,,
2687,683,,,,,
2687,962,,,,,
2687,2688,,,,,
2688,2689,,,,,
2690,0,,,,,
2691,0,,,,,
2692,2693,,,,,
2692,2694,,,,,
2693,2542,,,,,
2695,2684,,,,,
2695,2696,,,,,
2695,2697,,,,,
2698,0,,,,,
2699,792,,,,,
2699,936,,,,,
2699,2700,,,,,
2699,2701,,,,,
2701,2702,,,,,
2701,2703,,,,,
2701,2704,,,,,
2705,0,,,,,
2706,1260,,,,,
2706,2694,,,,,
2706,2707,,,,,
2707,2708,,,,,
2709,2708,,,,,
2709,2710,,,,,
2711,2712,,,,,
2713,2700,,,,,
2713,2714,,,,,
2713,2715,,,,,
2713,2716,,,,,
2716,2717,,,,,
2718,0,,,,,
2719,2714,,,,,
2719,2720,,,,,
2719,2721,,,,,
2719,2722,,,,,
2724,2723,,,,,
2726,0,,,,,
2727,2618,,,,,
2728,399,,,,,
2728,1284,,,,,
2729,1841,,,,,
2729,2730,,,,,
2730,2731,,,,,
2732,0,,,,,
2733,0,,,,,
2734,0,,,,,
2735,246,,,,,
2735,531,,,,,
2735,1701,,,,,
2735,2736,,,,,
2737,866,,,,,
2737,2738,,,,,
2739,410,,,,,
2739,2740,,,,,
2741,2366,,,,,
2741,2742,,,,,
2743,2744,,,,,
2743,2746,,,,,
2744,1457,,,,,
2744,2745,,,,,
2747,2456,,,,,
2747,2748,,,,,
2747,2749,,,,,
2747,2750,,,,,
2750,2751,,,,,
2752,0,,,,,
2753,719,,,,,
2753,1479,,,,,
2754,0,,,,,
2755,0,,,,,
2756,0,,,,,
2757,2758,,,,,
2758,827,,,,,
2758,2759,,,,,
2760,2748,,,,,
2760,2761,,,,,
2761,2762,,,,,
2763,1444,,,,,
2763,2982,,,,,
2764,1870,,,,,
2764,2765,,,,,
2766,2767,,,,,
2767,1829,,,,,
2767,2736,,,,,
2768,2769,,,,,
2769,1911,,,,,
2770,2551,,,,,
2771,0,,,,,
2772,1199,,,,,
2772,2773,,,,,
2772,2774,,,,,
2773,708,,,,,
2775,798,,,,,
2776,843,,,,,
2777,0,,,,,
2778,2751,,,,,
2778,2779,,,,,
2778,6114,,,,,
2780,330,,,,,
2781,2470,,,,,
2781,2782,,,,,
2782,1384,,,,,
2782,2783,,,,,
2784,0,,,,,
2785,521,,,,,
2786,0,,,,,
2787,378,,,,,
2787,1136,,,,,
2787,2788,,,,,
2789,916,,,,,
2789,2255,,,,,
2790,2480,,,,,
2790,2791,,,,,
2790,2792,,,,,
2792,2793,,,,,
2792,2794,,,,,
2795,0,,,,,
2796,1958,,,,,
2796,2797,,,,,
2797,2798,,,,,
2799,2800,,,,,
2800,2301,,,,,
2801,291,,,,,
2801,2802,,,,,
2803,2804,,,,,
2805,1357,,,,,
2805,1529,,,,,
2806,2807,,,,,
2807,2808,,,,,
2809,1163,,,,,
2810,2808,,,,,
2811,873,,,,,
2811,1738,,,,,
2812,1810,,,,,
2812,2813,,,,,
2812,2814,,,,,
2812,2815,,,,,
2812,2816,,,,,
2816,2817,,,,,
2818,1948,,,,,
2818,1959,,,,,
2819,2445,,,,,
2820,0,,,,,
2821,0,,,,,
2822,1143,,,,,
2822,2823,,,,,
2823,445,,,,,
2823,1982,,,,,
2823,2824,,,,,
2825,1807,,,,,
2825,2826,,,,,
2825,2827,,,,,
2825,2828,,,,,
2829,2827,,,,,
2829,2830,,,,,
2831,2832,,,,,
2832,692,,,,,
2832,1029,,,,,
2832,2833,,,,,
2834,2827,,,,,
2835,2836,,,,,
2836,2837,,,,,
2838,2655,,,,,
2839,0,,,,,
2840,444,,,,,
2840,2841,,,,,
2841,2842,,,,,
2841,2843,,,,,
2844,0,,,,,
2845,2499,,,,,
2847,6,,,,,
2847,1434,,,,,
2847,2137,,,,,
2848,0,,,,,
2850,877,,,,,
2849,2850,,,,,
2849,2502,,,,,
2851,254,,,,,
2851,2852,,,,,
2852,2853,,,,,
2854,0,,,,,
2855,625,,,,,
2855,1288,,,,,
2855,2856,,,,,
2855,2857,,,,,
2858,0,,,,,
2859,453,,,,,
2859,2860,,,,,
2861,0,,,,,
2862,552,,,,,
2862,2863,,,,,
2863,2864,,,,,
2865,0,,,,,
2866,2334,,,,,
2867,0,,,,,
2868,1612,,,,,
2868,2869,,,,,
2868,3075,,,,,
2870,784,,,,,
2871,0,,,,,
2872,803,,,,,
2873,2164,,,,,
2874,506,,,,,
2874,2875,,,,,
2876,672,,,,,
2876,2877,,,,,
2878,0,,,,,
2879,0,,,,,
2880,0,,,,,
2881,0,,,,,
2882,2883,,,,,
2884,133,,,,,
2884,2007,,,,,
2885,1948,,,,,
2886,25,,,,,
2887,1047,,,,,
2887,1115,,,,,
2887,2888,,,,,
2887,2889,,,,,
2889,2890,,,,,
2891,465,,,,,
2892,2262,,,,,
2893,0,,,,,
2894,1001,,,,,
2894,2883,,,,,
2894,2895,,,,,
2895,242,,,,,
2896,1034,,,,,
2896,2897,,,,,
2898,819,,,,,
2898,2899,,,,,
2898,2900,,,,,
2901,2900,,,,,
2902,625,,,,,
2902,1616,,,,,
2902,2087,,,,,
2902,2903,,,,,
2902,2904,,,,,
2904,408,,,,,
2905,2897,,,,,
2905,2906,,,,,
2907,2908,,,,,
2909,2906,,,,,
2909,2910,,,,,
2909,2911,,,,,
2909,2912,,,,,
2909,2913,,,,,
2914,2915,,,,,
2915,1552,,,,,
2916,826,,,,,
2916,2917,,,,,
2916,2918,,,,,
2918,2919,,,,,
2920,0,,,,,
2921,1130,,,,,
2922,2923,,,,,
2924,2005,,,,,
2924,2925,,,,,
2925,2926,,,,,
2927,0,,,,,
2928,2717,,,,,
2928,2929,,,,,
2928,2930,,,,,
2932,2931,,,,,
2932,2933,,,,,
2933,2015,,,,,
2934,2931,,,,,
2934,2935,,,,,
2935,2936,,,,,
2937,2931,,,,,
2938,831,,,,,
2938,2939,,,,,
2939,1842,,,,,
2940,0,,,,,
2941,0,,,,,
2943,0,,,,,
2944,0,,,,,
2945,399,,,,,
2946,2930,,,,,
2947,2883,,,,,
2948,2929,,,,,
2948,2949,,,,,
2948,2950,,,,,
2948,2951,,,,,
2948,2952,,,,,
2948,2953,,,,,
2954,2955,,,,,
2955,2956,,,,,
2957,2956,,,,,
2957,2958,,,,,
2957,2959,,,,,
2957,2960,,,,,
2961,2962,,,,,
2962,1853,,,,,
2962,1989,,,,,
2963,2949,,,,,
2963,2964,,,,,
2963,2965,,,,,
2966,2967,,,,,
2966,2968,,,,,
2967,1701,,,,,
2969,2950,,,,,
2969,2970,,,,,
2969,2971,,,,,
2972,2973,,,,,
2973,2974,,,,,
2975,0,,,,,
2976,2971,,,,,
2976,2977,,,,,
2978,428,,,,,
2978,2979,,,,,
2978,2980,,,,,
2983,2982,,,,,
2986,0,,,,,
2987,2988,,,,,
2988,216,,,,,
2989,2990,,,,,
2990,1407,,,,,
2990,2991,,,,,
2992,2991,,,,,
2992,2993,,,,,
2993,1309,,,,,
2993,2994,,,,,
2995,0,,,,,
2996,2160,,,,,
2997,0,,,,,
2998,708,,,,,
2998,1226,,,,,
2999,2414,,,,,
2999,3000,,,,,
3000,3001,,,,,
3002,3001,,,,,
3003,3004,,,,,
3003,3059,,,,,
3004,1207,,,,,
3004,1241,,,,,
3004,1989,,,,,
3005,786,,,,,
3005,2541,,,,,
3005,3006,,,,,
3006,3007,,,,,
3008,0,,,,,
3009,2054,,,,,
3009,3010,,,,,
3010,3011,,,,,
3010,3012,,,,,
3013,3014,,,,,
3013,3059,,,,,
3014,1954,,,,,
3015,840,,,,,
3016,0,,,,,
3017,2970,,,,,
3017,3018,,,,,
3019,0,,,,,
3021,3020,,,,,
3021,3022,,,,,
3022,2025,,,,,
3025,3024,,,,,
3028,3027,,,,,
3031,3030,,,,,
3034,3033,,,,,
3035,3036,,,,,
3036,2429,,,,,
3037,0,,,,,
3038,0,,,,,
3039,0,,,,,
3040,3041,,,,,
3041,355,,,,,
3042,0,,,,,
3043,0,,,,,
3044,0,,,,,
3045,2745,,,,,
3045,2853,,,,,
3045,3046,,,,,
3045,3047,,,,,
3047,3048,,,,,
3056,3055,,,,,
3056,3057,,,,,
3057,367,,,,,
3066,3065,,,,,
3071,3070,,,,,
3071,3072,,,,,
3072,521,,,,,
3072,1966,,,,,
3078,0,,,,,
3079,0,,,,,
3080,3081,,,,,
3081,3082,,,,,
3083,3046,,,,,
3083,3084,,,,,
3083,3085,,,,,
3083,3086,,,,,
3084,2971,,,,,
3087,0,,,,,
3088,0,,,,,
3089,3046,,,,,
3089,3090,,,,,
3091,0,,,,,
3092,1316,,,,,
3092,3093,,,,,
3093,3094,,,,,
3093,3095,,,,,
3093,3096,,,,,
3097,592,,,,,
3097,3098,,,,,
3098,242,,,,,
3098,3099,,,,,
3100,0,,,,,
3101,1552,,,,,
3102,782,,,,,
3102,1082,,,,,
3102,3103,,,,,
3103,3104,,,,,
3105,0,,,,,
3106,792,,,,,
3106,2715,,,,,
3106,3107,,,,,
3106,3108,,,,,
3108,3109,,,,,
3110,3111,,,,,
3110,3112,,,,,
3111,2045,,,,,
3113,3109,,,,,
3113,3114,,,,,
3113,3115,,,,,
3113,3116,,,,,
3117,0,,,,,
3118,3114,,,,,
3118,3119,,,,,
3118,3120,,,,,
3118,3121,,,,,
3122,0,,,,,
3123,0,,,,,
3124,3121,,,,,
3124,3125,,,,,
3124,3126,,,,,
3125,2798,,,,,
3127,0,,,,,
3128,247,,,,,
3129,3121,,,,,
3130,1503,,,,,
3130,3131,,,,,
3131,3132,,,,,
3131,3133,,,,,
3134,3114,,,,,
3134,3135,,,,,
3136,3137,,,,,
3138,3109,,,,,
3139,2712,,,,,
3139,3140,,,,,
3140,1296,,,,,
3141,2994,,,,,
3141,3142,,,,,
3143,3144,,,,,
3144,3145,,,,,
3146,0,,,,,
3147,2479,,,,,
3147,3148,,,,,
3149,1112,,,,,
3149,2021,,,,,
3150,302,,,,,
3150,361,,,,,
3151,121,,,,,
3151,441,,,,,
3152,1297,,,,,
3152,3153,,,,,
3152,3154,,,,,
3155,0,,,,,
3156,734,,,,,
3156,1659,,,,,
3157,1065,,,,,
3158,1365,,,,,
3158,3159,,,,,
3160,1757,,,,,
3161,3159,,,,,
3162,0,,,,,
3163,1001,,,,,
3163,3164,,,,,
3165,3164,,,,,
3165,3166,,,,,
3165,3167,,,,,
3167,3168,,,,,
3169,1457,,,,,
3169,3170,,,,,
3170,2580,,,,,
3170,2641,,,,,
3171,1762,,,,,
3172,0,,,,,
3173,2137,,,,,
3173,2542,,,,,
3173,3174,,,,,
3174,3175,,,,,
3177,2974,,,,,
3177,3178,,,,,
3177,3179,,,,,
3179,3180,,,,,
3180,3181,,,,,
3182,397,,,,,
3182,3183,,,,,
3183,1002,,,,,
3184,3179,,,,,
3185,3186,,,,,
3186,3187,,,,,
3186,3188,,,,,
3189,3181,,,,,
3190,0,,,,,
3191,2219,,,,,
3191,3192,,,,,
3192,3193,,,,,
3192,3194,,,,,
3195,99,,,,,
3196,2721,,,,,
3196,3197,,,,,
3196,3198,,,,,
3199,3200,,,,,
3199,3201,,,,,
3199,3202,,,,,
3200,890,,,,,
3203,0,,,,,
3204,410,,,,,
3204,1340,,,,,
3204,2033,,,,,
3204,3205,,,,,
3204,3206,,,,,
3206,3207,,,,,
3208,3209,,,,,
3208,3210,,,,,
3211,3207,,,,,
3211,3212,,,,,
3211,3213,,,,,
3211,3214,,,,,
3211,3215,,,,,
3211,3216,,,,,
3216,3217,,,,,
3218,3219,,,,,
3219,3220,,,,,
3221,3214,,,,,
3221,3222,,,,,
3221,3223,,,,,
3223,3224,,,,,
3225,0,,,,,
3226,1130,,,,,
3226,2155,,,,,
3227,3228,,,,,
3228,3229,,,,,
3230,3229,,,,,
3230,3231,,,,,
3230,3232,,,,,
3230,3233,,,,,
3234,3235,,,,,
3234,3237,,,,,
3235,3236,,,,,
3238,1836,,,,,
3239,3240,,,,,
3240,1681,,,,,
3240,3241,,,,,
3242,2864,,,,,
3242,3243,,,,,
3244,0,,,,,
3245,3243,,,,,
3245,3246,,,,,
3245,3247,,,,,
3245,3248,,,,,
3245,3249,,,,,
3245,3250,,,,,
3251,3252,,,,,
3252,422,,,,,
3252,477,,,,,
3252,675,,,,,
3253,3243,,,,,
3253,3254,,,,,
3253,3255,,,,,
3255,3256,,,,,
3257,3258,,,,,
3259,3249,,,,,
3259,3260,,,,,
3260,1698,,,,,
3261,2552,,,,,
3261,2606,,,,,
3262,3246,,,,,
3263,0,,,,,
3264,3046,,,,,
3264,3265,,,,,
3266,0,,,,,
3267,3265,,,,,
3267,3268,,,,,
3267,3269,,,,,
3270,0,,,,,
3271,1575,,,,,
3271,3272,,,,,
3271,3273,,,,,
3271,3274,,,,,
3275,3276,,,,,
3276,3277,,,,,
3276,3278,,,,,
3279,2000,,,,,
3279,3280,,,,,
3280,3281,,,,,
3282,1218,,,,,
3282,3283,,,,,
3283,3284,,,,,
3283,3285,,,,,
3286,439,,,,,
3286,3287,,,,,
3287,1612,,,,,
3287,2956,,,,,
3288,3289,,,,,
3288,3290,,,,,
3288,3291,,,,,
3292,3289,,,,,
3292,3293,,,,,
3292,3296,,,,,
3293,3294,,,,,
3293,3295,,,,,
3297,2980,,,,,
3298,3294,,,,,
3298,3299,,,,,
3300,0,,,,,
3301,0,,,,,
3302,2738,,,,,
3302,3303,,,,,
3304,615,,,,,
3304,1430,,,,,
3305,2813,,,,,
3305,3306,,,,,
3306,3307,,,,,
3308,0,,,,,
3309,3307,,,,,
3310,0,,,,,
3311,2974,,,,,
3312,0,,,,,
3313,1638,,,,,
3314,3315,,,,,
3315,236,,,,,
3316,2977,,,,,
3316,3317,,,,,
3318,0,,,,,
3319,2065,,,,,
3319,3320,,,,,
3319,3321,,,,,
3319,3322,,,,,
3323,0,,,,,
3324,3325,,,,,
3326,2977,,,,,
3326,3327,,,,,
3328,0,,,,,
3329,708,,,,,
3329,3330,,,,,
3329,3331,,,,,
3329,3332,,,,,
3329,3333,,,,,
3329,3334,,,,,
3334,3335,,,,,
3336,0,,,,,
3337,1291,,,,,
3338,1535,,,,,
3338,2005,,,,,
3339,1035,,,,,
3339,3340,,,,,
3339,3341,,,,,
3339,3342,,,,,
3343,0,,,,,
3344,3341,,,,,
3344,3345,,,,,
3346,0,,,,,
3347,1363,,,,,
3347,3348,,,,,
3347,3350,,,,,
3347,3351,,,,,
3348,570,,,,,
3348,1870,,,,,
3348,3349,,,,,
3352,3353,,,,,
3353,30,,,,,
3353,677,,,,,
3354,0,,,,,
3355,0,,,,,
3356,1691,,,,,
3356,2678,,,,,
3357,0,,,,,
3358,2108,,,,,
3359,1638,,,,,
3360,1834,,,,,
3360,2977,,,,,
3360,3361,,,,,
3362,0,,,,,
3363,3361,,,,,
3363,3364,,,,,
3363,3366,,,,,
3363,3367,,,,,
3364,3365,,,,,
3368,0,,,,,
3369,3366,,,,,
3369,3370,,,,,
3369,3372,,,,,
3370,3371,,,,,
3373,2081,,,,,
3373,3374,,,,,
3373,3375,,,,,
3376,3366,,,,,
3376,3377,,,,,
3376,3378,,,,,
3379,0,,,,,
3380,3374,,,,,
3381,30,,,,,
3382,3377,,,,,
3382,3383,,,,,
3382,3384,,,,,
3385,0,,,,,
3386,3361,,,,,
3386,3387,,,,,
3388,0,,,,,
3389,3365,,,,,
3389,3390,,,,,
3389,3391,,,,,
3392,3393,,,,,
3393,3394,,,,,
3395,3390,,,,,
3395,3396,,,,,
3395,3397,,,,,
3395,3398,,,,,
3399,2467,,,,,
3400,3397,,,,,
3401,1638,,,,,
3402,0,,,,,
3404,3403,,,,,
3405,0,,,,,
3406,3407,,,,,
3406,3409,,,,,
3407,3408,,,,,
3410,2045,,,,,
3411,3412,,,,,
3411,3413,,,,,
3414,3415,,,,,
3414,3416,,,,,
3414,3417,,,,,
3418,3409,,,,,
3418,3419,,,,,
3420,0,,,,,
3421,3419,,,,,
3421,3422,,,,,
3421,3423,,,,,
3421,3424,,,,,
3425,0,,,,,
3426,3424,,,,,
3426,3427,,,,,
3428,2558,,,,,
3428,3429,,,,,
3428,3430,,,,,
3430,3431,,,,,
3430,3432,,,,,
3433,3424,,,,,
3434,0,,,,,
3435,3408,,,,,
3435,3436,,,,,
3437,0,,,,,
3438,3390,,,,,
3438,3439,,,,,
3438,3440,,,,,
3438,3441,,,,,
3438,3442,,,,,
3443,390,,,,,
3443,830,,,,,
3444,3391,,,,,
3444,3445,,,,,
3444,3446,,,,,
3444,3447,,,,,
3447,3448,,,,,
3449,691,,,,,
3450,3248,,,,,
3450,3451,,,,,
3450,3453,,,,,
3450,3454,,,,,
3451,3452,,,,,
3455,3456,,,,,
3457,3454,,,,,
3457,3458,,,,,
3458,1167,,,,,
3458,3459,,,,,
3460,0,,,,,
3461,0,,,,,
3462,3452,,,,,
3462,3463,,,,,
3462,3464,,,,,
3464,3465,,,,,
3466,263,,,,,
3466,2013,,,,,
3466,3467,,,,,
3468,3459,,,,,
3468,3469,,,,,
3470,1999,,,,,
3470,2936,,,,,
3471,3469,,,,,
3471,3472,,,,,
3471,3473,,,,,
3473,3474,,,,,
3474,3475,,,,,
3475,3476,,,,,
3477,3478,,,,,
3478,3479,,,,,
3480,3472,,,,,
3480,3481,,,,,
3481,3482,,,,,
3483,0,,,,,
3484,3482,,,,,
3485,3486,,,,,
3486,3487,,,,,
3486,3488,,,,,
3490,1762,,,,,
3490,3491,,,,,
3492,1344,,,,,
3492,1928,,,,,
3492,3493,,,,,
3494,3154,,,,,
3494,3495,,,,,
3496,159,,,,,
3496,3497,,,,,
3497,2007,,,,,
3498,3499,,,,,
3498,3500,,,,,
3501,1129,,,,,
3501,1136,,,,,
3501,2340,,,,,
3502,310,,,,,
3503,3256,,,,,
3503,3504,,,,,
3503,3506,,,,,
3503,3507,,,,,
3503,3508,,,,,
3503,3509,,,,,
3504,3505,,,,,
3510,1691,,,,,
3511,3508,,,,,
3511,3512,,,,,
3513,3514,,,,,
3514,3515,,,,,
3516,3507,,,,,
3516,3517,,,,,
3516,3518,,,,,
3516,3519,,,,,
3516,3520,,,,,
3516,3521,,,,,
3522,0,,,,,
3523,3524,,,,,
3524,3525,,,,,
3526,0,,,,,
3527,3528,,,,,
3528,1881,,,,,
3529,3506,,,,,
3530,2007,,,,,
3530,3531,,,,,
3530,3533,,,,,
3531,3532,,,,,
3544,3532,,,,,
3544,3545,,,,,
3544,3546,,,,,
3544,3547,,,,,
3548,1410,,,,,
3549,3532,,,,,
3549,3550,,,,,
3549,3551,,,,,
3549,3552,,,,,
3552,3553,,,,,
3554,1115,,,,,
3554,1410,,,,,
3554,1495,,,,,
3554,3555,,,,,
3555,691,,,,,
3556,3550,,,,,
3556,3557,,,,,
3558,1406,,,,,
3559,3560,,,,,
3560,1492,,,,,
3560,3561,,,,,
3559,3562,,,,,
3563,3561,,,,,
3564,3284,,,,,
3564,3565,,,,,
3564,3566,,,,,
3566,3567,,,,,
3568,3547,,,,,
3568,3569,,,,,
3570,673,,,,,
3570,1933,,,,,
3571,0,,,,,
3572,3569,,,,,
3573,2828,,,,,
3573,3574,,,,,
3573,3575,,,,,
3576,3569,,,,,
3576,3577,,,,,
3578,0,,,,,
3579,2636,,,,,
3579,3580,,,,,
3579,3581,,,,,
3579,3582,,,,,
3583,192,,,,,
3583,3584,,,,,
3585,3581,,,,,
3585,3586,,,,,
3585,3587,,,,,
3588,3589,,,,,
3590,3589,,,,,
3590,3591,,,,,
3591,2722,,,,,
3591,3593,,,,,
3594,290,,,,,
3595,3589,,,,,
3595,3596,,,,,
3597,0,,,,,
3598,2815,,,,,
3599,3600,,,,,
3600,3601,,,,,
3600,3602,,,,,
3603,3601,,,,,
3603,3604,,,,,
3605,2828,,,,,
3606,3601,,,,,
3606,3607,,,,,
3606,3608,,,,,
3609,0,,,,,
3610,3269,,,,,
3610,3611,,,,,
3611,3612,,,,,
3613,239,,,,,
3613,945,,,,,
3613,2340,,,,,
3613,2826,,,,,
3613,2830,,,,,
3613,2888,,,,,
3614,0,,,,,
3615,3616,,,,,
3616,2021,,,,,
3616,3565,,,,,
3617,3618,,,,,
3618,3619,,,,,
3620,3621,,,,,
3621,838,,,,,
3621,973,,,,,
3622,0,,,,,
3623,2108,,,,,
3623,3624,,,,,
3624,3625,,,,,
3624,3626,,,,,
3627,3628,,,,,
3628,3629,,,,,
3630,3626,,,,,
3630,3631,,,,,
3630,3632,,,,,
3630,3633,,,,,
3634,27,,,,,
3635,3422,,,,,
3635,3636,,,,,
3635,3637,,,,,
3638,2334,,,,,
3639,3377,,,,,
3639,3640,,,,,
3641,468,,,,,
3641,1119,,,,,
3642,2353,,,,,
3643,1492,,,,,
3643,2804,,,,,
3643,3644,,,,,
3645,0,,,,,
3646,2929,,,,,
3646,3647,,,,,
3648,0,,,,,
3649,0,,,,,
3650,3647,,,,,
3650,3651,,,,,
3650,3652,,,,,
3653,3654,,,,,
3654,2629,,,,,
3654,3655,,,,,
3656,3652,,,,,
3656,3657,,,,,
3658,0,,,,,
3659,3660,,,,,
3659,3661,,,,,
3662,3663,,,,,
3664,3661,,,,,
3664,3665,,,,,
3664,3666,,,,,
3664,3667,,,,,
3668,3669,,,,,
3669,1807,,,,,
3670,3652,,,,,
3670,3671,,,,,
3670,3672,,,,,
3673,0,,,,,
3674,3320,,,,,
3675,0,,,,,
3676,536,,,,,
3676,3677,,,,,
3677,1373,,,,,
3678,571,,,,,
3678,615,,,,,
3678,3679,,,,,
3680,2746,,,,,
3680,3681,,,,,
3680,3682,,,,,
3683,0,,,,,
3684,1620,,,,,
3684,3685,,,,,
3684,3687,,,,,
3685,3686,,,,,
3688,0,,,,,
3689,1958,,,,,
3690,1548,,,,,
3690,2297,,,,,
3690,3663,,,,,
3691,3692,,,,,
3692,1965,,,,,
3693,0,,,,,
3694,0,,,,,
3695,2505,,,,,
3695,3696,,,,,
3697,1965,,,,,
3697,3698,,,,,
3697,3700,,,,,
3698,3699,,,,,
3701,3696,,,,,
3702,830,,,,,
3703,3699,,,,,
3704,3705,,,,,
3706,254,,,,,
3707,0,,,,,
3708,632,,,,,
3708,3709,,,,,
3709,3710,,,,,
3711,3241,,,,,
3712,3713,,,,,
3714,3398,,,,,
3715,0,,,,,
3716,0,,,,,
3717,0,,,,,
3718,1823,,,,,
3718,3719,,,,,
3720,1886,,,,,
3720,3721,,,,,
3721,3722,,,,,
3721,3723,,,,,
3724,0,,,,,
3725,3722,,,,,
3725,3726,,,,,
3727,0,,,,,
3728,3726,,,,,
3728,3729,,,,,
3728,3730,,,,,
3728,3731,,,,,
3728,3732,,,,,
3729,3733,,,,,
3733,3365,,,,,
3734,355,,,,,
3734,1703,,,,,
3734,3735,,,,,
3736,2141,,,,,
3736,3737,,,,,
3737,673,,,,,
3738,3729,,,,,
3738,3739,,,,,
3738,3740,,,,,
3741,3742,,,,,
3742,3743,,,,,
3742,3744,,,,,
3745,3746,,,,,
3745,3748,,,,,
3746,3747,,,,,
3749,3729,,,,,
3749,3750,,,,,
3749,3751,,,,,
3749,3752,,,,,
3753,3754,,,,,
3754,3755,,,,,
3756,2793,,,,,
3756,3757,,,,,
3756,3758,,,,,
3756,3759,,,,,
3756,3760,,,,,
3756,3761,,,,,
3756,3762,,,,,
3763,3764,,,,,
3764,3765,,,,,
3766,3757,,,,,
3766,3767,,,,,
3766,3768,,,,,
3766,3769,,,,,
3770,0,,,,,
3771,3772,,,,,
3771,3773,,,,,
3774,3765,,,,,
3775,0,,,,,
3776,3759,,,,,
3776,3777,,,,,
3777,3778,,,,,
3779,3780,,,,,
3780,1829,,,,,
3781,3778,,,,,
3782,0,,,,,
3783,3778,,,,,
3783,3784,,,,,
3783,3785,,,,,
3786,893,,,,,
3786,1350,,,,,
3786,3787,,,,,
3788,0,,,,,
3789,3784,,,,,
3790,0,,,,,
3791,3487,,,,,
3791,3792,,,,,
3793,0,,,,,
3794,1354,,,,,
3794,3795,,,,,
3796,2853,,,,,
3797,0,,,,,
3798,1779,,,,,
3798,3799,,,,,
3799,3800,,,,,
3801,0,,,,,
3802,243,,,,,
3803,916,,,,,
3803,3804,,,,,
3805,234,,,,,
3805,3806,,,,,
3806,3807,,,,,
3808,378,,,,,
3808,881,,,,,
3909,2814,,,,,
3909,3910,,,,,
3909,3911,,,,,
3909,3912,,,,,
3913,3914,,,,,
3915,3916,,,,,
3916,1911,,,,,
3915,3804,,,,,
3915,3918,,,,,
3919,3682,,,,,
3920,2842,,,,,
3920,3921,,,,,
3920,3922,,,,,
3922,3923,,,,,
3922,3924,,,,,
3925,1990,,,,,
3925,3926,,,,,
3925,3927,,,,,
3927,3928,,,,,
3929,3926,,,,,
3930,819,,,,,
3930,3931,,,,,
3932,0,,,,,
3933,0,,,,,
3934,0,,,,,
3935,3936,,,,,
3936,1737,,,,,
3937,0,,,,,
3938,2669,,,,,
3938,3500,,,,,
3939,3921,,,,,
3939,3940,,,,,
3941,0,,,,,
3942,3921,,,,,
3943,2196,,,,,
3943,3944,,,,,
3944,3945,,,,,
3944,3946,,,,,
3944,3947,,,,,
3948,0,,,,,
3949,3945,,,,,
3950,0,,,,,
3951,3947,,,,,
3951,3952,,,,,
3952,3953,,,,,
3954,625,,,,,
3954,1001,,,,,
3954,1183,,,,,
3954,1572,,,,,
3954,2612,,,,,
3954,3955,,,,,
3956,3953,,,,,
3956,3957,,,,,
3956,3958,,,,,
3956,3959,,,,,
3959,3960,,,,,
3961,3962,,,,,
3962,2250,,,,,
3962,3963,,,,,
3964,3965,,,,,
3965,3963,,,,,
3966,2679,,,,,
3967,3957,,,,,
3967,3968,,,,,
3967,3969,,,,,
3967,3971,,,,,
3969,3970,,,,,
3972,3973,,,,,
3973,3974,,,,,
3975,3976,,,,,
3976,3921,,,,,
3977,0,,,,,
3978,3940,,,,,
3978,3979,,,,,
3978,3980,,,,,
3980,3981,,,,,
3982,0,,,,,
3983,3968,,,,,
3983,3984,,,,,
3985,3986,,,,,
3986,33,,,,,
3986,1321,,,,,
3986,2290,,,,,
3987,3984,,,,,
3987,3988,,,,,
3987,3989,,,,,
3987,3990,,,,,
3987,3991,,,,,
3987,3992,,,,,
3993,573,,,,,
3994,3988,,,,,
3994,3995,,,,,
3994,3996,,,,,
3994,3997,,,,,
3998,632,,,,,
3999,3989,,,,,
3999,4000,,,,,
4001,0,,,,,
4002,4000,,,,,
4002,4003,,,,,
4004,0,,,,,
4005,3995,,,,,
4005,4006,,,,,
4005,4007,,,,,
4005,4008,,,,,
4008,4009,,,,,
4008,4010,,,,,
4011,1199,,,,,
4012,4003,,,,,
4012,4013,,,,,
4014,552,,,,,
4014,2109,,,,,
4014,2326,,,,,
4014,3672,,,,,
4015,4006,,,,,
4016,3787,,,,,
4017,3731,,,,,
4017,4018,,,,,
4017,4019,,,,,
4020,0,,,,,
4021,4018,,,,,
4021,4022,,,,,
4023,0,,,,,
4024,41,,,,,
4024,1620,,,,,
4024,4025,,,,,
4024,4026,,,,,
4027,4028,,,,,
4027,4029,,,,,
4030,542,,,,,
4030,4031,,,,,
4032,4033,,,,,
4034,4033,,,,,
4035,2899,,,,,
4035,4036,,,,,
4036,4037,,,,,
4038,3273,,,,,
4038,3681,,,,,
4039,4040,,,,,
4040,4041,,,,,
4040,4042,,,,,
4043,4041,,,,,
4043,4044,,,,,
4045,3187,,,,,
4045,4046,,,,,
4045,4047,,,,,
4047,4048,,,,,
4049,282,,,,,
4049,2875,,,,,
4049,4050,,,,,
4049,4051,,,,,
4052,0,,,,,
4053,1221,,,,,
4054,4054,,,,,
4054,4055,,,,,
4056,4057,,,,,
4058,1035,,,,,
4058,4059,,,,,
4060,2558,,,,,
4060,4061,,,,,
4062,4059,,,,,
4062,4063,,,,,
4064,727,,,,,
4064,1913,,,,,
4064,2033,,,,,
4064,4065,,,,,
4064,4066,,,,,
4066,2598,,,,,
4067,2977,,,,,
4067,4068,,,,,
4067,4069,,,,,
4069,4070,,,,,
4071,1112,,,,,
4071,4072,,,,,
4072,703,,,,,
4073,0,,,,,
4074,0,,,,,
4075,3212,,,,,
4075,4076,,,,,
4077,90,,,,,
4078,3104,,,,,
4079,0,,,,,
4080,2085,,,,,
4080,4081,,,,,
4080,4082,,,,,
4083,4084,,,,,
4085,1767,,,,,
4086,2461,,,,,
4087,2765,,,,,
4087,4088,,,,,
4087,4089,,,,,
4090,1091,,,,,
4090,4091,,,,,
4090,4092,,,,,
4093,4092,,,,,
4094,4095,,,,,
4096,3567,,,,,
4097,4098,,,,,
4098,807,,,,,
4098,1433,,,,,
4098,4099,,,,,
4100,2586,,,,,
4100,4101,,,,,
4101,4102,,,,,
4103,0,,,,,
4104,1503,,,,,
4104,4105,,,,,
4104,4106,,,,,
4105,486,,,,,
4107,0,,,,,
4108,895,,,,,
4109,4110,,,,,
4110,3285,,,,,
4111,1388,,,,,
4112,0,,,,,
4113,4114,,,,,
4115,4116,,,,,
4116,3479,,,,,
4117,2190,,,,,
4117,4118,,,,,
4118,1503,,,,,
4119,4120,,,,,
4119,4122,,,,,
4119,4123,,,,,
4119,4124,,,,,
4120,4121,,,,,
4125,0,,,,,
4126,3340,,,,,
4126,4127,,,,,
4126,4128,,,,,
4126,4129,,,,,
4126,4130,,,,,
4130,4131,,,,,
4132,4133,,,,,
4133,2923,,,,,
4134,4135,,,,,
4135,724,,,,,
4136,0,,,,,
4137,0,,,,,
4138,0,,,,,
4139,0,,,,,
4140,0,,,,,
4141,4142,,,,,
4142,1256,,,,,
4143,4144,,,,,
4145,4146,,,,,
4146,1969,,,,,
4147,4148,,,,,
4148,4089,,,,,
4148,4149,,,,,
4150,0,,,,,
4151,0,,,,,
4152,1191,,,,,
4152,2054,,,,,
4152,4153,,,,,
4153,4154,,,,,
4155,25,,,,,
4155,3914,,,,,
4156,920,,,,,
4156,4157,,,,,
4156,4158,,,,,
4159,1938,,,,,
4159,2435,,,,,
4159,4160,,,,,
4159,1111130,,,,,
4161,4163,,,,,
4164,4165,,,,,
4166,1916,,,,,
4166,4167,,,,,
4168,1552,,,,,
4169,4170,,,,,
4169,4171,,,,,
4170,3188,,,,,
4172,4173,,,,,
4173,942,,,,,
4174,0,,,,,
4175,4176,,,,,
4177,445,,,,,
4178,4179,,,,,
4178,4182,,,,,
4179,4180,,,,,
4179,4181,,,,,
4183,4184,,,,,
4184,750,,,,,
4185,4157,,,,,
4186,0,,,,,
4187,4188,,,,,
4188,1438,,,,,
4188,1565,,,,,
4189,1565,,,,,
4189,4190,,,,,
4190,1081,,,,,
4191,2980,,,,,
4191,3584,,,,,
4192,632,,,,,
4192,814,,,,,
4193,3209,,,,,
4193,4194,,,,,
4193,4195,,,,,
4193,4196,,,,,
4194,3246,,,,,
4197,4198,,,,,
4198,1260,,,,,
4199,0,,,,,
4200,4201,,,,,
4201,494,,,,,
4202,4203,,,,,
4203,1925,,,,,
4204,0,,,,,
4205,0,,,,,
4206,4207,,,,,
4207,4208,,,,,
4209,4210,,,,,
4210,507,,,,,
4210,3325,,,,,
4211,0,,,,,
4212,0,,,,,
4213,0,,,,,
4214,0,,,,,
4215,4216,,,,,
4217,0,,,,,
4218,1298,,,,,
4218,1845,,,,,
4218,4219,,,,,
4218,4220,,,,,
4221,0,,,,,
4222,0,,,,,
4223,2888,,,,,
4223,4224,,,,,
4225,4226,,,,,
4227,0,,,,,
4228,1484,,,,,
4228,3456,,,,,
4229,4230,,,,,
4230,2538,,,,,
4230,4231,,,,,
4232,0,,,,,
4233,0,,,,,
4234,4235,,,,,
4235,110,,,,,
4236,0,,,,,
4237,0,,,,,
4238,0,,,,,
4239,0,,,,,
4240,4241,,,,,
4240,4242,,,,,
4243,4244,,,,,
4243,4245,,,,,
4246,1823,,,,,
4247,2184,,,,,
4248,4249,,,,,
4250,2037,,,,,
4251,0,,,,,
4252,922,,,,,
4252,1438,,,,,
4253,0,,,,,
4254,0,,,,,
4255,1289,,,,,
4256,4257,,,,,
4257,1898,,,,,
4257,4258,,,,,
4259,4260,,,,,
4260,1021,,,,,
4260,2327,,,,,
4261,0,,,,,
4262,77,,,,,
4263,967,,,,,
4264,0,,,,,
4265,4266,,,,,
4265,4267,,,,,
4268,0,,,,,
4269,1363,,,,,
4269,2561,,,,,
4269,4270,,,,,
4270,908,,,,,
4270,920,,,,,
4271,0,,,,,
4272,1529,,,,,
4272,2492,,,,,
4273,0,,,,,
4274,4275,,,,,
4276,4277,,,,,
4277,236,,,,,
4277,1588,,,,,
4278,0,,,,,
4279,1360,,,,,
4279,4280,,,,,
4281,2903,,,,,
4281,4028,,,,,
4281,4282,,,,,
4281,4283,,,,,
4284,4285,,,,,
4286,4287,,,,,
4287,732,,,,,
4288,4289,,,,,
4289,1499,,,,,
4290,605,,,,,
4291,4292,,,,,
4292,4293,,,,,
4294,0,,,,,
4295,4296,,,,,
4296,4297,,,,,
4298,65,,,,,
4298,4299,,,,,
4298,4300,,,,,
4299,3562,,,,,
4301,0,,,,,
4302,1730,,,,,
4302,3533,,,,,
4302,3719,,,,,
4303,1529,,,,,
4304,916,,,,,
4304,4305,,,,,
4305,4306,,,,,
4307,4061,,,,,
4307,4308,,,,,
4308,4309,,,,,
4308,4310,,,,,
4311,1552,,,,,
4312,0,,,,,
4313,1502,,,,,
4313,4314,,,,,
4313,4315,,,,,
4314,1187,,,,,
4316,1416,,,,,
4317,2052,,,,,
4317,4318,,,,,
4318,4092,,,,,
4319,149,,,,,
4319,4320,,,,,
4319,4321,,,,,
4321,4322,,,,,
4323,54,,,,,
4323,640,,,,,
4323,2612,,,,,
4323,4324,,,,,
4324,2061,,,,,
4324,4325,,,,,
4326,0,,,,,
4327,1319,,,,,
4327,2313,,,,,
4328,4329,,,,,
4328,4330,,,,,
4330,1678,,,,,
4331,4332,,,,,
4332,244,,,,,
4333,3201,,,,,
4334,1388,,,,,
4334,4335,,,,,
4335,2759,,,,,
4336,0,,,,,
4337,0,,,,,
4338,0,,,,,
4339,4340,,,,,
4340,636,,,,,
4340,704,,,,,
4341,4342,,,,,
4342,1136,,,,,
4342,3945,,,,,
4343,640,,,,,
4343,2783,,,,,
4344,520,,,,,
4344,573,,,,,
4344,4345,,,,,
4346,0,,,,,
4347,0,,,,,
4348,3525,,,,,
4348,4349,,,,,
4350,0,,,,,
4351,4352,,,,,
4352,1581,,,,,
4352,1826,,,,,
4353,0,,,,,
4354,4355,,,,,
4355,4356,,,,,
4355,4357,,,,,
4358,1420,,,,,
11360,3099,,,,,
4360,920,,,,,
4360,1578,,,,,
4361,4362,,,,,
4362,1097,,,,,
4363,4364,,,,,
4364,4365,,,,,
4366,0,,,,,
4367,0,,,,,
4368,3291,,,,,
4368,4369,,,,,
4369,4370,,,,,
4371,1130,,,,,
4371,1552,,,,,
4371,4372,,,,,
4372,4373,,,,,
4374,0,,,,,
4375,1303,,,,,
4375,4376,,,,,
4376,3499,,,,,
4376,4377,,,,,
4378,226,,,,,
4378,2198,,,,,
4379,1462,,,,,
4380,4381,,,,,
4382,0,,,,,
4383,4384,,,,,
4383,4386,,,,,
4384,4385,,,,,
4387,0,,,,,
4388,766,,,,,
4388,4389,,,,,
4389,986,,,,,
4390,4391,,,,,
4391,1641,,,,,
4392,4393,,,,,
4393,4394,,,,,
4395,0,,,,,
4396,0,,,,,
4397,922,,,,,
4397,1892,,,,,
4397,4398,,,,,
4397,4399,,,,,
4400,0,,,,,
4401,0,,,,,
4402,4231,,,,,
4403,1682,,,,,
4404,4405,,,,,
4404,4406,,,,,
4407,0,,,,,
4408,0,,,,,
4409,4410,,,,,
4409,4411,,,,,
4409,4412,,,,,
4409,4413,,,,,
4414,4415,,,,,
4415,798,,,,,
4416,4417,,,,,
4417,776,,,,,
4418,0,,,,,
4419,445,,,,,
4419,4242,,,,,
4419,4420,,,,,
4419,4421,,,,,
4421,4422,,,,,
4423,4424,,,,,
4424,4095,,,,,
4425,4216,,,,,
4425,4426,,,,,
4426,753,,,,,
4427,4428,,,,,
4429,1948,,,,,
4430,0,,,,,
4431,0,,,,,
4432,0,,,,,
4433,4434,,,,,
4435,4436,,,,,
4437,0,,,,,
4438,4439,,,,,
4440,0,,,,,
4441,0,,,,,
4442,4443,,,,,
4443,4444,,,,,
4445,4446,,,,,
4447,4448,,,,,
4449,0,,,,,
4451,0,,,,,
4452,0,,,,,
4453,0,,,,,
4454,4455,,,,,
4456,0,,,,,
4457,0,,,,,
4458,0,,,,,
4459,0,,,,,
4460,4461,,,,,
4461,2746,,,,,
4461,4462,,,,,
4463,0,,,,,
4464,4465,,,,,
4465,3273,,,,,
4466,4467,,,,,
4468,4306,,,,,
4469,0,,,,,
4470,4472,,,,,
4471,0,,,,,
4472,4473,,,,,
4474,4475,,,,,
4475,4041,,,,,
4475,4042,,,,,
4476,4477,,,,,
4476,4478,,,,,
4477,3209,,,,,
4479,4480,,,,,
4481,67,,,,,
4481,1213,,,,,
4482,4420,,,,,
4483,1346,,,,,
4483,2542,,,,,
4483,4484,,,,,
4485,691,,,,,
4486,36,,,,,
4486,1558,,,,,
4487,33,,,,,
4487,4224,,,,,
4487,4488,,,,,
4487,4489,,,,,
4490,1226,,,,,
4491,520,,,,,
4491,3488,,,,,
4491,4492,,,,,
4491,4493,,,,,
4494,4495,,,,,
4495,1891,,,,,
4496,1301,,,,,
4496,4497,,,,,
4497,4498,,,,,
4499,1541,,,,,
4500,1579,,,,,
4500,4501,,,,,
4500,4502,,,,,
4503,4502,,,,,
4503,4504,,,,,
4503,4505,,,,,
4506,4505,,,,,
4507,4504,,,,,
4508,4505,,,,,
4508,4509,,,,,
4508,4512,,,,,
4509,4510,,,,,
4509,4511,,,,,
4513,4514,,,,,
4514,4512,,,,,
4515,0,,,,,
4516,4484,,,,,
4517,4462,,,,,
4517,4518,,,,,
4518,4519,,,,,
4518,4520,,,,,
4518,4521,,,,,
4522,4523,,,,,
4523,4521,,,,,
4524,2095,,,,,
4524,4325,,,,,
4524,4520,,,,,
4524,4525,,,,,
4524,4526,,,,,
4527,4528,,,,,
4528,959,,,,,
4528,3096,,,,,
4528,4526,,,,,
4529,4530,,,,,
4529,4532,,,,,
4530,4531,,,,,
4533,0,,,,,
4534,0,,,,,
4535,0,,,,,
4536,0,,,,,
4537,0,,,,,
4538,4539,,,,,
4539,4540,,,,,
4541,4542,,,,,
4542,1520,,,,,
4543,0,,,,,
4544,0,,,,,
4545,0,,,,,
4546,0,,,,,
4547,3562,,,,,
4547,4548,,,,,
4548,4549,,,,,
4550,1034,,,,,
4550,4050,,,,,
4550,4549,,,,,
4550,4551,,,,,
4552,4553,,,,,
4553,4551,,,,,
4554,3361,,,,,
4554,4551,,,,,
4554,4555,,,,,
4556,4557,,,,,
4556,4558,,,,,
4557,40,,,,,
4557,4555,,,,,
4559,4558,,,,,
4560,0,,,,,
4561,4562,,,,,
4563,4562,,,,,
4563,4564,,,,,
4564,2137,,,,,
4564,4565,,,,,
4566,4370,,,,,
4566,4385,,,,,
4566,4567,,,,,
4568,4127,,,,,
4568,4569,,,,,
4570,4181,,,,,
4570,4571,,,,,
4570,4573,,,,,
4571,4572,,,,,
4574,4493,,,,,
4574,4575,,,,,
4575,4576,,,,,
4577,0,,,,,
4578,1241,,,,,
4578,1516,,,,,
4579,4580,,,,,
4580,2746,,,,,
4581,4582,,,,,
4583,4567,,,,,
4584,4325,,,,,
4585,4123,,,,,
4585,4586,,,,,
4585,4587,,,,,
4585,4588,,,,,
4589,4121,,,,,
4590,4436,,,,,
4590,4591,,,,,
4590,4594,,,,,
4591,4592,,,,,
4591,4593,,,,,
4595,0,,,,,
4596,0,,,,,
4597,0,,,,,
4598,0,,,,,
4599,0,,,,,
4600,0,,,,,
4601,4602,,,,,
4602,4603,,,,,
4604,4587,,,,,
4605,2289,,,,,
4605,3107,,,,,
4605,4606,,,,,
4605,4607,,,,,
4605,4608,,,,,
4605,4609,,,,,
4605,4610,,,,,
4611,951,,,,,
4611,2563,,,,,
4611,4612,,,,,
4611,4613,,,,,
4614,125,,,,,
4614,3107,,,,,
4614,4615,,,,,
4615,4616,,,,,
4617,3767,,,,,
4617,4618,,,,,
4617,4619,,,,,
4619,4620,,,,,
4621,8,,,,,
4621,4622,,,,,
4622,4623,,,,,
4624,4606,,,,,
4625,4612,,,,,
4625,4626,,,,,
4625,4627,,,,,
4625,4628,,,,,
4629,4620,,,,,
4629,4630,,,,,
4631,4613,,,,,
4631,4632,,,,,
4633,3997,,,,,
4633,4634,,,,,
4633,4635,,,,,
4633,4636,,,,,
4637,4526,,,,,
4637,4638,,,,,
4638,40,,,,,
4638,2396,,,,,
4639,0,,,,,
4640,0,,,,,
4641,0,,,,,
4642,4643,,,,,
4644,4626,,,,,
4645,4627,,,,,
4645,4646,,,,,
4645,4647,,,,,
4645,4648,,,,,
4648,4649,,,,,
4650,1544,,,,,
4650,4651,,,,,
4651,4652,,,,,
4653,4048,,,,,
4653,4654,,,,,
4654,4655,,,,,
4656,1533,,,,,
4657,0,,,,,
4658,0,,,,,
4659,0,,,,,
4660,0,,,,,
4661,0,,,,,
4662,4663,,,,,
4664,0,,,,,
4665,4646,,,,,
4666,4649,,,,,
4666,4667,,,,,
4666,4668,,,,,
4666,4669,,,,,
4666,4670,,,,,
4671,4649,,,,,
4671,4672,,,,,
4672,4673,,,,,
4674,4300,,,,,
4674,4675,,,,,
4675,4099,,,,,
4675,4293,,,,,
4676,1078,,,,,
4676,4677,,,,,
4677,666,,,,,
4678,0,,,,,
4679,0,,,,,
4680,2164,,,,,
4680,4325,,,,,
4680,4681,,,,,
4681,1799,,,,,
4681,3608,,,,,
4682,632,,,,,
4682,1484,,,,,
4683,4684,,,,,
4684,2570,,,,,
4685,0,,,,,
4686,4687,,,,,
4687,4688,,,,,
4689,0,,,,,
4690,0,,,,,
4691,4692,,,,,
4692,657,,,,,
4693,0,,,,,
4694,0,,,,,
4695,0,,,,,
4696,4697,,,,,
4696,4700,,,,,
4697,4698,,,,,
4697,4699,,,,,
4701,4670,,,,,
4701,4702,,,,,
4701,4703,,,,,
4704,4673,,,,,
4704,4705,,,,,
4704,4706,,,,,
4707,2547,,,,,
4707,4708,,,,,
4708,428,,,,,
4709,2389,,,,,
4710,817,,,,,
4711,0,,,,,
4712,4706,,,,,
4713,4705,,,,,
4713,4714,,,,,
4713,4715,,,,,
4713,4716,,,,,
4713,4717,,,,,
4717,4718,,,,,
4719,1064,,,,,
4719,2625,,,,,
4719,4720,,,,,
4720,1870,,,,,
4721,902,,,,,
4722,4377,,,,,
4722,4723,,,,,
4723,4724,,,,,
4725,0,,,,,
4726,1125,,,,,
4727,0,,,,,
4728,4729,,,,,
4729,4462,,,,,
4730,4448,,,,,
4730,4731,,,,,
4730,4732,,,,,
4733,4731,,,,,
4733,4734,,,,,
4734,4735,,,,,
4734,4736,,,,,
4737,4724,,,,,
4737,4738,,,,,
4737,4739,,,,,
4740,4226,,,,,
4741,4699,,,,,
4741,4742,,,,,
4742,4743,,,,,
4744,1035,,,,,
4744,1221,,,,,
4745,530,,,,,
4745,2570,,,,,
4745,4746,,,,,
4747,4738,,,,,
4748,4738,,,,,
4748,4749,,,,,
4748,4750,,,,,
4751,4735,,,,,
4751,4752,,,,,
4752,4753,,,,,
4754,727,,,,,
4754,4755,,,,,
4755,4756,,,,,
4757,0,,,,,
4758,4759,,,,,
4759,1612,,,,,
4760,0,,,,,
4761,0,,,,,
4762,0,,,,,
4763,0,,,,,
4764,4765,,,,,
4765,798,,,,,
4765,1142,,,,,
4766,0,,,,,
4767,150,,,,,
4768,0,,,,,
4769,0,,,,,
4770,0,,,,,
4771,0,,,,,
4772,700,,,,,
4772,1433,,,,,
4773,4774,,,,,
4775,4774,,,,,
4776,0,,,,,
4777,3086,,,,,
4777,4778,,,,,
4779,0,,,,,
4780,4781,,,,,
4781,4778,,,,,
4782,0,,,,,
4783,0,,,,,
4784,0,,,,,
4785,708,,,,,
4785,1136,,,,,
4785,3719,,,,,
4785,4786,,,,,
4786,2700,,,,,
4786,4041,,,,,
4787,0,,,,,
4788,1046,,,,,
4788,4411,,,,,
4788,4789,,,,,
4789,2115,,,,,
4790,0,,,,,
4791,4792,,,,,
4792,4793,,,,,
4794,4793,,,,,
4794,4795,,,,,
4796,0,,,,,
4797,4798,,,,,
4798,4795,,,,,
4798,4799,,,,,
4800,0,,,,,
4801,4802,,,,,
4802,4799,,,,,
4803,0,,,,,
4804,4805,,,,,
4804,4809,,,,,
4804,4810,,,,,
4805,4799,,,,,
4805,4806,,,,,
4805,4807,,,,,
4805,4808,,,,,
4811,4812,,,,,
4811,4813,,,,,
4811,4814,,,,,
4814,4815,,,,,
4816,4817,,,,,
4817,4815,,,,,
4817,4818,,,,,
4819,4818,,,,,
4819,4820,,,,,
4819,4822,,,,,
4820,4821,,,,,
4823,0,,,,,
4824,734,,,,,
4824,4822,,,,,
4824,4825,,,,,
4824,4826,,,,,
4826,4827,,,,,
4828,4829,,,,,
4830,0,,,,,
4831,4832,,,,,
4832,4829,,,,,
4833,0,,,,,
4834,4825,,,,,
4834,4835,,,,,
4836,0,,,,,
4837,4835,,,,,
4838,883,,,,,
4838,3735,,,,,
4838,4839,,,,,
4840,4839,,,,,
4841,4842,,,,,
4843,1378,,,,,
4843,2429,,,,,
4843,4842,,,,,
4843,4844,,,,,
4843,4845,,,,,
4843,4846,,,,,
4843,4847,,,,,
4847,4848,,,,,
4849,0,,,,,
4850,0,,,,,
4851,4852,,,,,
4852,862,,,,,
4852,4853,,,,,
4854,0,,,,,
4855,0,,,,,
4856,4857,,,,,
4857,4853,,,,,
4858,1743,,,,,
4858,2242,,,,,
4858,4224,,,,,
4858,4859,,,,,
4858,4860,,,,,
4858,4861,,,,,
4858,4862,,,,,
4859,1741,,,,,
4859,2042,,,,,
4863,4864,,,,,
4864,4862,,,,,
4865,0,,,,,
4866,4867,,,,,
4867,4861,,,,,
4868,4428,,,,,
4869,4861,,,,,
4870,151,,,,,
4871,4860,,,,,
4871,4872,,,,,
4872,4873,,,,,
4874,0,,,,,
4875,4876,,,,,
4876,1256,,,,,
4876,4873,,,,,
4877,2447,,,,,
4878,4873,,,,,
4878,4879,,,,,
4879,2762,,,,,
4880,0,,,,,
4881,4882,,,,,
4882,1038,,,,,
4882,4853,,,,,
4883,2506,,,,,
4883,2746,,,,,
4883,4884,,,,,
4883,4885,,,,,
4883,4886,,,,,
4887,4888,,,,,
4888,4886,,,,,
4889,0,,,,,
4890,4891,,,,,
4890,4892,,,,,
4891,4028,,,,,
4891,4885,,,,,
4893,4894,,,,,
4893,4896,,,,,
4893,4897,,,,,
4894,4895,,,,,
4898,4899,,,,,
4899,4897,,,,,
4900,1316,,,,,
4901,4896,,,,,
4902,427,,,,,
4902,4266,,,,,
4902,4394,,,,,
4903,4895,,,,,
4903,4904,,,,,
4903,4906,,,,,
4903,4907,,,,,
4904,4905,,,,,
4908,2289,,,,,
4908,4909,,,,,
4908,4910,,,,,
4910,4911,,,,,
4912,4913,,,,,
4913,4911,,,,,
4914,0,,,,,
4915,4909,,,,,
4916,796,,,,,
4917,4918,,,,,
4918,4907,,,,,
4919,3917,,,,,
4920,4906,,,,,
4921,746,,,,,
4922,4906,,,,,
4922,4923,,,,,
4922,4924,,,,,
4923,3046,,,,,
4924,4925,,,,,
4924,4926,,,,,
4927,4084,,,,,
4928,4929,,,,,
4929,4926,,,,,
4929,4930,,,,,
4931,0,,,,,
4932,4933,,,,,
4933,4930,,,,,
4933,4934,,,,,
4933,4935,,,,,
4936,4937,,,,,
4938,4937,,,,,
4939,0,,,,,
4940,4941,,,,,
4941,4935,,,,,
4941,4942,,,,,
4943,0,,,,,
4944,3565,,,,,
4944,4945,,,,,
4945,959,,,,,
4946,4930,,,,,
4946,4947,,,,,
4948,288,,,,,
4948,390,,,,,
4948,552,,,,,
4949,4950,,,,,
4950,4947,,,,,
4950,4951,,,,,
4950,4952,,,,,
4953,3210,,,,,
4954,4610,,,,,
4954,4955,,,,,
4954,4956,,,,,
4954,4957,,,,,
4955,4930,,,,,
4955,4952,,,,,
4958,0,,,,,
4959,2815,,,,,
4959,4957,,,,,
4960,3792,,,,,
4960,4961,,,,,
4962,4961,,,,,
4963,0,,,,,
4964,4965,,,,,
4965,4956,,,,,
4966,1908,,,,,
4966,4967,,,,,
4967,1890,,,,,
4967,4042,,,,,
4968,4969,,,,,
4969,4952,,,,,
4969,4970,,,,,
4971,0,,,,,
4972,4970,,,,,
4973,2506,,,,,
4973,4974,,,,,
4975,4974,,,,,
4975,4976,,,,,
4977,0,,,,,
4978,4976,,,,,
4979,1592,,,,,
4979,3210,,,,,
4979,4980,,,,,
4979,4981,,,,,
4981,4982,,,,,
4981,4983,,,,,
4981,4984,,,,,
4985,4986,,,,,
4986,4984,,,,,
4987,4988,,,,,
4987,4989,,,,,
4990,453,,,,,
4990,3082,,,,,
4990,4989,,,,,
4991,1883,,,,,
4992,2808,,,,,
4992,4988,,,,,
4992,4993,,,,,
4992,4994,,,,,
4995,3660,,,,,
4995,4996,,,,,
4997,0,,,,,
4998,2684,,,,,
4998,4999,,,,,
4999,2683,,,,,
4999,4996,,,,,
5000,0,,,,,
5001,3231,,,,,
5001,4994,,,,,
5001,5002,,,,,
5001,5003,,,,,
5003,5004,,,,,
5005,0,,,,,
5006,5007,,,,,
5006,5008,,,,,
5007,5004,,,,,
5009,4283,,,,,
5009,5010,,,,,
5009,5011,,,,,
5009,5012,,,,,
5013,5014,,,,,
5014,5012,,,,,
5015,0,,,,,
5016,5017,,,,,
5017,938,,,,,
5017,5012,,,,,
5018,0,,,,,
5019,1549,,,,,
5019,5020,,,,,
5020,5011,,,,,
5021,0,,,,,
5022,5010,,,,,
5022,5023,,,,,
5022,5025,,,,,
5022,5026,,,,,
5023,5024,,,,,
5027,5028,,,,,
5028,2184,,,,,
5028,3394,,,,,
5028,1111130,,,,,
5029,5030,,,,,
5030,2165,,,,,
5031,5032,,,,,
5032,2149,,,,,
5033,0,,,,,
5034,5035,,,,,
5035,4320,,,,,
5036,0,,,,,
5037,5038,,,,,
5038,1397,,,,,
5038,1967,,,,,
5039,0,,,,,
5040,1221,,,,,
5040,5041,,,,,
5042,5043,,,,,
5043,925,,,,,
5043,5041,,,,,
5044,1502,,,,,
5045,4848,,,,,
5045,5046,,,,,
5047,0,,,,,
5048,4593,,,,,
5048,4935,,,,,
5048,5049,,,,,
5048,5050,,,,,
5049,3175,,,,,
5051,5052,,,,,
5052,4608,,,,,
5052,5050,,,,,
5053,2638,,,,,
5054,2475,,,,,
5054,2655,,,,,
5054,4652,,,,,
5054,5050,,,,,
5054,5055,,,,,
5054,5056,,,,,
5054,5057,,,,,
5054,5058,,,,,
5058,5059,,,,,
5058,5060,,,,,
5061,0,,,,,
5062,5063,,,,,
5064,5063,,,,,
5065,5066,,,,,
5066,3153,,,,,
5066,5067,,,,,
5068,5067,,,,,
5068,5069,,,,,
5070,2571,,,,,
5071,5072,,,,,
5072,5069,,,,,
5073,157,,,,,
5073,5025,,,,,
5074,5075,,,,,
5075,5060,,,,,
5076,1097,,,,,
5076,5077,,,,,
5077,196,,,,,
5077,3710,,,,,
5078,5079,,,,,
5078,5080,,,,,
5079,5060,,,,,
5081,0,,,,,
5082,5080,,,,,
5082,5083,,,,,
5083,5084,,,,,
5085,0,,,,,
5086,1891,,,,,
5086,4732,,,,,
5086,5087,,,,,
5086,5088,,,,,
5088,4195,,,,,
5089,5090,,,,,
5090,5087,,,,,
5091,1357,,,,,
5091,1762,,,,,
5091,3429,,,,,
5092,4439,,,,,
5092,5087,,,,,
5093,0,,,,,
5094,1415,,,,,
5094,5095,,,,,
5095,5084,,,,,
5096,0,,,,,
5097,41,,,,,
5097,5098,,,,,
5097,5099,,,,,
5098,2531,,,,,
5098,2532,,,,,
5100,4627,,,,,
5100,5099,,,,,
5100,5101,,,,,
5100,5102,,,,,
5103,0,,,,,
5104,5105,,,,,
5105,3413,,,,,
5105,5102,,,,,
5106,90,,,,,
5106,262,,,,,
5106,5107,,,,,
5107,295,,,,,
5107,5108,,,,,
5109,5108,,,,,
5109,5110,,,,,
5109,5111,,,,,
5109,5112,,,,,
5109,5113,,,,,
5114,0,,,,,
5115,0,,,,,
5116,3350,,,,,
5116,5117,,,,,
5118,4976,,,,,
5118,5119,,,,,
5119,5117,,,,,
5120,1346,,,,,
5120,1111130,,,,,
5120,5121,,,,,
5121,952,,,,,
5122,5123,,,,,
5123,5113,,,,,
5124,5125,,,,,
5124,5126,,,,,
5125,2541,,,,,
5127,5126,,,,,
5127,5128,,,,,
5129,3946,,,,,
5129,5130,,,,,
5130,2170,,,,,
5130,5131,,,,,
5132,5131,,,,,
5132,5133,,,,,
5132,5134,,,,,
5135,34,,,,,
5135,1730,,,,,
5136,641,,,,,
5136,807,,,,,
5136,2697,,,,,
5138,5139,,,,,
5140,0,,,,,
5141,0,,,,,
5142,121,,,,,
5143,1541,,,,,
5143,2642,,,,,
5143,5144,,,,,
5145,3931,,,,,
5146,5147,,,,,
5146,5148,,,,,
5147,2479,,,,,
5149,441,,,,,
5149,5150,,,,,
5150,3602,,,,,
5151,318,,,,,
5151,5152,,,,,
5153,2430,,,,,
5153,5154,,,,,
5154,413,,,,,
5155,0,,,,,
5156,5157,,,,,
5158,5159,,,,,
5159,5160,,,,,
5161,0,,,,,
5162,5163,,,,,
5163,5164,,,,,
5165,0,,,,,
5166,0,,,,,
5167,5168,,,,,
5167,5170,,,,,
5167,5171,,,,,
5168,5169,,,,,
5172,5173,,,,,
5172,5174,,,,,
5173,559,,,,,
5175,5176,,,,,
5176,5177,,,,,
5178,5179,,,,,
5179,5177,,,,,
5180,580,,,,,
5180,4037,,,,,
5180,4643,,,,,
5180,5174,,,,,
5180,5181,,,,,
5180,5182,,,,,
5180,5183,,,,,
5180,5184,,,,,
5184,5185,,,,,
5186,5185,,,,,
5187,5183,,,,,
5188,2132,,,,,
5188,5183,,,,,
5188,5189,,,,,
5188,5190,,,,,
5190,5191,,,,,
5192,5193,,,,,
5193,5191,,,,,
5193,5194,,,,,
5193,5195,,,,,
5196,1556,,,,,
5196,4406,,,,,
5196,5195,,,,,
5197,5194,,,,,
5198,3142,,,,,
5198,5191,,,,,
5199,0,,,,,
5200,0,,,,,
5201,0,,,,,
5202,0,,,,,
5203,5144,,,,,
5204,5182,,,,,
5204,5205,,,,,
5204,5207,,,,,
5205,5206,,,,,
5208,5209,,,,,
5208,5211,,,,,
5208,5310,,,,,
5209,2802,,,,,
5209,5207,,,,,
5212,1232,,,,,
5212,5211,,,,,
5213,5214,,,,,
5213,5215,,,,,
5213,5216,,,,,
5214,5206,,,,,
5217,5218,,,,,
5218,2612,,,,,
5218,5216,,,,,
5219,5057,,,,,
5219,5216,,,,,
5220,5215,,,,,
5220,5221,,,,,
5220,5222,,,,,
5223,3652,,,,,
5223,5222,,,,,
5223,5224,,,,,
5223,5225,,,,,
5225,5226,,,,,
5227,5226,,,,,
5227,5228,,,,,
5229,5230,,,,,
5229,5231,,,,,
5230,5228,,,,,
5232,5233,,,,,
5233,5231,,,,,
5234,5235,,,,,
5235,5231,,,,,
5235,5236,,,,,
5237,5236,,,,,
5238,4632,,,,,
5238,5231,,,,,
5238,5239,,,,,
5239,5240,,,,,
5241,5240,,,,,
5242,5228,,,,,
5242,5231,,,,,
5243,5226,,,,,
5243,5244,,,,,
5243,5245,,,,,
5243,5246,,,,,
5243,5247,,,,,
5243,5248,,,,,
5249,5250,,,,,
5250,5248,,,,,
5251,5252,,,,,
5252,5248,,,,,
5252,5253,,,,,
5254,5255,,,,,
5255,5253,,,,,
5255,5256,,,,,
5257,4555,,,,,
5257,5256,,,,,
5257,5258,,,,,
5257,5259,,,,,
5259,5260,,,,,
5261,5262,,,,,
5261,5263,,,,,
5261,5264,,,,,
5262,5260,,,,,
5265,0,,,,,
5266,5267,,,,,
5267,152,,,,,
5267,1626,,,,,
5268,0,,,,,
5269,5270,,,,,
5270,1696,,,,,
5271,5272,,,,,
5272,2275,,,,,
5273,0,,,,,
5274,5275,,,,,
5275,1142,,,,,
5275,1862,,,,,
5276,0,,,,,
5277,0,,,,,
5278,0,,,,,
5279,0,,,,,
5280,0,,,,,
5281,5282,,,,,
5282,1304,,,,,
5282,1605,,,,,
5282,5283,,,,,
5284,971,,,,,
5285,0,,,,,
5286,5287,,,,,
5287,3112,,,,,
5288,0,,,,,
5289,0,,,,,
5290,0,,,,,
5291,5292,,,,,
5292,822,,,,,
5292,3112,,,,,
5293,0,,,,,
5294,0,,,,,
5295,0,,,,,
5296,0,,,,,
5297,5298,,,,,
5298,1141,,,,,
5299,0,,,,,
5300,5283,,,,,
5300,5301,,,,,
5301,2414,,,,,
5302,5283,,,,,
5302,5303,,,,,
5303,1303,,,,,
5304,5246,,,,,
5304,5305,,,,,
5304,5306,,,,,
5307,5308,,,,,
5308,4724,,,,,
5308,4738,,,,,
5308,5306,,,,,
5308,5309,,,,,
5311,5312,,,,,
5312,5310,,,,,
5313,5314,,,,,
5314,5310,,,,,
5315,5309,,,,,
5315,5316,,,,,
5317,5316,,,,,
5317,5318,,,,,
5317,5319,,,,,
5317,5320,,,,,
5321,5322,,,,,
5321,5323,,,,,
5321,5324,,,,,
5322,5320,,,,,
5325,5324,,,,,
5326,5323,,,,,
5327,5320,,,,,
5327,5328,,,,,
5327,5329,,,,,
5327,5330,,,,,
5327,5331,,,,,
5331,5332,,,,,
5333,5332,,,,,
5333,5334,,,,,
5333,5335,,,,,
5336,5337,,,,,
5337,5335,,,,,
5338,5335,,,,,
5339,5334,,,,,
5339,5340,,,,,
5339,5341,,,,,
5339,5342,,,,,
5342,5343,,,,,
5342,5344,,,,,
5345,5305,,,,,
5345,5346,,,,,
5345,5347,,,,,
5348,5349,,,,,
5349,5347,,,,,
5350,5347,,,,,
5350,5351,,,,,
5350,5352,,,,,
5350,5353,,,,,
5350,5354,,,,,
5354,5355,,,,,
5356,5355,,,,,
5356,5357,,,,,
5358,2386,,,,,
5358,5357,,,,,
5358,5359,,,,,
5358,5360,,,,,
5360,5361,,,,,
5362,5363,,,,,
5363,5361,,,,,
5364,5361,,,,,
5364,5365,,,,,
5366,5365,,,,,
5366,5367,,,,,
5368,3115,,,,,
5368,5367,,,,,
5368,5369,,,,,
5368,5370,,,,,
5368,5371,,,,,
5368,5372,,,,,
5372,5373,,,,,
5374,5373,,,,,
5374,5375,,,,,
5374,5376,,,,,
5376,5377,,,,,
5378,3419,,,,,
5378,5377,,,,,
5378,5379,,,,,
5378,5380,,,,,
5378,5381,,,,,
5381,5382,,,,,
5381,5383,,,,,
5384,5385,,,,,
5384,5389,,,,,
5385,5383,,,,,
5385,5386,,,,,
5387,5388,,,,,
5387,5391,,,,,
5387,5392,,,,,
5387,5393,,,,,
5388,5386,,,,,
5388,5390,,,,,
5394,5393,,,,,
5394,5395,,,,,
5394,5396,,,,,
5397,5398,,,,,
5398,5396,,,,,
5399,5396,,,,,
5399,5400,,,,,
5399,5401,,,,,
5399,5402,,,,,
5403,5402,,,,,
5403,5404,,,,,
5403,5405,,,,,
5403,5406,,,,,
5403,5407,,,,,
5408,5409,,,,,
5409,5407,,,,,
5410,5406,,,,,
5410,5411,,,,,
5410,5412,,,,,
5410,5413,,,,,
5414,5415,,,,,
5415,5413,,,,,
5415,5416,,,,,
5417,5418,,,,,
5418,5416,,,,,
5419,0,,,,,
5420,0,,,,,
5421,5402,,,,,
5421,5422,,,,,
5421,5423,,,,,
5421,5424,,,,,
5421,5425,,,,,
5426,5425,,,,,
5427,5425,,,,,
5427,5428,,,,,
5427,5429,,,,,
5427,5430,,,,,
5431,5430,,,,,
5432,5430,,,,,
5432,5433,,,,,
5432,5434,,,,,
5435,5434,,,,,
5435,5436,,,,,
5435,5437,,,,,
5438,5439,,,,,
5439,5437,,,,,
5440,5437,,,,,
5440,5441,,,,,
5442,5441,,,,,
5442,5443,,,,,
5442,5444,,,,,
5442,5445,,,,,
5445,5446,,,,,
5445,5447,,,,,
5445,5448,,,,,
5449,5450,,,,,
5449,5452,,,,,
5449,5453,,,,,
5450,5448,,,,,
5450,5451,,,,,
5454,5453,,,,,
5455,5452,,,,,
5455,5684,,,,,
5455,5688,,,,,
5456,5457,,,,,
5456,5459,,,,,
5456,5460,,,,,
5457,5451,,,,,
5457,5458,,,,,
5461,5460,,,,,
5461,5462,,,,,
5463,5464,,,,,
5464,5462,,,,,
5465,5462,,,,,
5465,5466,,,,,
5465,5467,,,,,
5465,5468,,,,,
5469,3911,,,,,
5469,4018,,,,,
5469,5470,,,,,
5469,5471,,,,,
5469,5472,,,,,
5469,5473,,,,,
5469,5474,,,,,
5470,5468,,,,,
5475,5476,,,,,
5476,3807,,,,,
5476,5474,,,,,
5477,5474,,,,,
5477,5478,,,,,
5479,5478,,,,,
5480,5481,,,,,
5481,5473,,,,,
5482,5483,,,,,
5482,5485,,,,,
5482,5486,,,,,
5483,5472,,,,,
5483,5484,,,,,
5487,5486,,,,,
5488,5489,,,,,
5489,5485,,,,,
5489,5490,,,,,
5491,5492,,,,,
5492,5490,,,,,
5493,5494,,,,,
5494,5490,,,,,
5494,5495,,,,,
5496,5497,,,,,
5497,4942,,,,,
5497,5495,,,,,
5498,5499,,,,,
5499,5495,,,,,
5501,5500,,,,,
5501,5502,,,,,
5501,5503,,,,,
5501,5504,,,,,
5501,5505,,,,,
5506,5507,,,,,
5507,5505,,,,,
5508,3121,,,,,
5508,5112,,,,,
5508,5504,,,,,
5508,5509,,,,,
5508,5510,,,,,
5511,5512,,,,,
5512,5510,,,,,
5512,5513,,,,,
5515,3222,,,,,
5515,5514,,,,,
5515,5516,,,,,
5515,5517,,,,,
5515,5518,,,,,
5515,5519,,,,,
5515,5520,,,,,
5515,5521,,,,,
5515,5522,,,,,
5523,5524,,,,,
5524,618,,,,,
5525,5462,,,,,
5526,5357,,,,,
5526,5527,,,,,
5526,5528,,,,,
5528,5529,,,,,
5530,5531,,,,,
5531,5529,,,,,
5533,5532,,,,,
5534,5535,,,,,
5535,5529,,,,,
5536,5537,,,,,
5536,5538,,,,,
5537,5529,,,,,
5538,5553,,,,,
5539,5538,,,,,
5540,1167,,,,,
5540,5541,,,,,
5541,5529,,,,,
5541,5542,,,,,
5543,4009,,,,,
5543,4714,,,,,
5543,5542,,,,,
5543,5544,,,,,
5545,5546,,,,,
5546,5544,,,,,
5546,5547,,,,,
5548,5547,,,,,
5548,5549,,,,,
5548,5550,,,,,
5548,5551,,,,,
5548,5552,,,,,
5553,4131,,,,,
5554,5552,,,,,
5554,5555,,,,,
5554,5556,,,,,
5557,5556,,,,,
5557,5558,,,,,
5559,5558,,,,,
5560,4003,,,,,
5560,5555,,,,,
5561,5551,,,,,
5561,5562,,,,,
5563,5562,,,,,
5563,5564,,,,,
5563,5565,,,,,
5566,5133,,,,,
5566,5567,,,,,
5567,5565,,,,,
5567,5568,,,,,
5569,5568,,,,,
5569,5570,,,,,
5571,5572,,,,,
5571,5574,,,,,
5572,5570,,,,,
5572,5573,,,,,
5575,4993,,,,,
5575,5576,,,,,
5575,5577,,,,,
5578,5579,,,,,
5579,5577,,,,,
5580,5577,,,,,
5580,5581,,,,,
5582,2481,,,,,
5582,5581,,,,,
5582,5583,,,,,
5582,5584,,,,,
5585,163,,,,,
5585,4082,,,,,
5585,5584,,,,,
5586,5112,,,,,
5586,5584,,,,,
5586,5587,,,,,
5586,5588,,,,,
5589,5588,,,,,
5589,5590,,,,,
5591,5590,,,,,
5591,5592,,,,,
5593,5594,,,,,
5594,5592,,,,,
5595,5596,,,,,
5596,5592,,,,,
5597,1880,,,,,
5597,5592,,,,,
5597,5598,,,,,
5599,5598,,,,,
5599,5600,,,,,
5601,3342,,,,,
5601,5600,,,,,
5601,5602,,,,,
5601,5603,,,,,
5604,5605,,,,,
5604,5606,,,,,
5604,5607,,,,,
5605,5603,,,,,
5608,5607,,,,,
5609,5606,,,,,
5609,5610,,,,,
5611,5610,,,,,
5611,5612,,,,,
5612,5613,,,,,
5614,5615,,,,,
5615,2533,,,,,
5615,5613,,,,,
5615,5616,,,,,
5615,5617,,,,,
5618,5619,,,,,
5619,2370,,,,,
5619,5617,,,,,
5619,5620,,,,,
5621,5622,,,,,
5622,5620,,,,,
5623,5624,,,,,
5624,5620,,,,,
5625,4525,,,,,
5625,5626,,,,,
5626,5617,,,,,
5628,1104,,,,,
5628,4025,,,,,
5628,5627,,,,,
5628,5629,,,,,
5630,5631,,,,,
5631,5629,,,,,
5632,5629,,,,,
5633,5617,,,,,
5634,5616,,,,,
5634,5635,,,,,
5634,5636,,,,,
5636,5637,,,,,
5638,5637,,,,,
5638,5639,,,,,
5638,5640,,,,,
5638,5641,,,,,
5642,3465,,,,,
5642,5641,,,,,
5642,5643,,,,,
5642,5644,,,,,
5642,5645,,,,,
5642,5646,,,,,
5646,5466,,,,,
5646,5647,,,,,
5648,5592,,,,,
5649,5639,,,,,
5649,5650,,,,,
5649,5651,,,,,
5652,5653,,,,,
5652,5655,,,,,
5653,5651,,,,,
5653,5654,,,,,
5656,5657,,,,,
5657,5655,,,,,
5658,3391,,,,,
5658,5330,,,,,
5658,5659,,,,,
5658,5660,,,,,
5660,3440,,,,,
5661,5659,,,,,
5662,5663,,,,,
5663,5654,,,,,
5663,5664,,,,,
5665,5666,,,,,
5666,5664,,,,,
5667,5668,,,,,
5668,5664,,,,,
5668,5669,,,,,
5670,5669,,,,,
5671,4626,,,,,
5671,5664,,,,,
5671,5672,,,,,
5671,5673,,,,,
5671,5674,,,,,
5671,5675,,,,,
5676,5675,,,,,
5677,5678,,,,,
5678,5674,,,,,
5679,0,,,,,
5680,5681,,,,,
5681,1714,,,,,
5682,5436,,,,,
5683,5402,,,,,
5683,5684,,,,,
5683,5685,,,,,
5683,5686,,,,,
5683,5687,,,,,
5689,5688,,,,,
5689,5690,,,,,
5691,5692,,,,,
5691,5693,,,,,
5692,5690,,,,,
5694,5693,,,,,
5695,5693,,,,,
5695,5696,,,,,
5697,5696,,,,,
5697,5698,,,,,
5699,5644,,,,,
5699,5698,,,,,
5699,5700,,,,,
5699,5701,,,,,
5699,5702,,,,,
5699,5703,,,,,
5699,5704,,,,,
5705,5704,,,,,
5706,5703,,,,,
5706,5707,,,,,
5708,5709,,,,,
5708,5710,,,,,
5708,5711,,,,,
5708,5712,,,,,
5709,5707,,,,,
5713,5714,,,,,
5713,5716,,,,,
5714,5712,,,,,
5714,5715,,,,,
5717,5716,,,,,
5717,5718,,,,,
5717,5719,,,,,
5717,5720,,,,,
5717,5721,,,,,
5721,985,,,,,
5722,0,,,,,
5723,0,,,,,
5724,0,,,,,
5725,5726,,,,,
5726,1569,,,,,
5727,0,,,,,
5728,0,,,,,
5729,5719,,,,,
5729,5730,,,,,
5731,5730,,,,,
5731,5732,,,,,
5731,5733,,,,,
5734,585,,,,,
5734,5733,,,,,
5735,4626,,,,,
5735,5732,,,,,
5735,5736,,,,,
5735,5737,,,,,
5738,3759,,,,,
5738,5737,,,,,
5739,4702,,,,,
5739,5736,,,,,
5739,5740,,,,,
5739,5741,,,,,
5739,5742,,,,,
5739,5743,,,,,
5744,5745,,,,,
5745,5743,,,,,
5746,5743,,,,,
5747,5701,,,,,
5747,5743,,,,,
5748,5742,,,,,
5748,5749,,,,,
5748,5750,,,,,
5751,5750,,,,,
5751,5752,,,,,
5751,5753,,,,,
5754,5753,,,,,
5754,5755,,,,,
5756,5755,,,,,
5756,5757,,,,,
5759,5758,,,,,
5760,5752,,,,,
5760,5761,,,,,
5762,5761,,,,,
5762,5763,,,,,
5762,5764,,,,,
5764,5765,,,,,
5766,5765,,,,,
5767,5768,,,,,
5768,5763,,,,,
5769,4749,,,,,
5769,5761,,,,,
5770,5761,,,,,
5770,5771,,,,,
5772,5771,,,,,
5772,5773,,,,,
5774,5773,,,,,
5774,5775,,,,,
5776,5777,,,,,
5777,5775,,,,,
5778,5752,,,,,
5778,5779,,,,,
5778,5780,,,,,
5781,5782,,,,,
5782,5780,,,,,
5782,5783,,,,,
5784,5785,,,,,
5785,5783,,,,,
5786,5783,,,,,
5787,5779,,,,,
5787,5788,,,,,
5789,5790,,,,,
5790,5788,,,,,
5790,5791,,,,,
5790,5792,,,,,
5793,5794,,,,,
5794,5792,,,,,
5794,5796,,,,,
5797,5798,,,,,
5797,5800,,,,,
5797,5801,,,,,
5797,5802,,,,,
5798,5796,,,,,
5798,5799,,,,,
5803,5686,,,,,
5804,5791,,,,,
5804,5805,,,,,
5805,5806,,,,,
5807,5806,,,,,
5808,5700,,,,,
5808,5809,,,,,
5808,5810,,,,,
5808,5811,,,,,
5808,5812,,,,,
5808,5813,,,,,
5808,5814,,,,,
5815,5814,,,,,
5815,5816,,,,,
5815,5817,,,,,
5817,5818,,,,,
5819,5820,,,,,
5819,5821,,,,,
5820,5818,,,,,
5822,5821,,,,,
5822,5824,,,,,
5822,5825,,,,,
5825,5823,,,,,
5826,5827,,,,,
5826,5828,,,,,
5826,5829,,,,,
5826,5830,,,,,
5826,5831,,,,,
5827,5823,,,,,
5832,1835,,,,,
5832,5833,,,,,
5833,5831,,,,,
5833,5834,,,,,
5835,5836,,,,,
5835,5838,,,,,
5836,5834,,,,,
5836,5837,,,,,
5839,5838,,,,,
5839,5840,,,,,
5839,5841,,,,,
5839,5842,,,,,
5843,5844,,,,,
5844,5842,,,,,
5845,5846,,,,,
5846,5842,,,,,
5846,5847,,,,,
5848,5847,,,,,
5849,5847,,,,,
5849,5850,,,,,
5849,5851,,,,,
5852,5851,,,,,
5852,5853,,,,,
5852,5854,,,,,
5852,5855,,,,,
5856,1533,,,,,
5856,2523,,,,,
5857,5800,,,,,
5858,5855,,,,,
5858,5859,,,,,
5858,5860,,,,,
5858,5861,,,,,
5861,5862,,,,,
5863,5864,,,,,
5864,1945,,,,,
5864,5862,,,,,
5864,5865,,,,,
5866,5867,,,,,
5867,5865,,,,,
5868,5869,,,,,
5869,5865,,,,,
5870,3018,,,,,
5870,5871,,,,,
5870,5872,,,,,
5871,5865,,,,,
5873,5872,,,,,
5874,5865,,,,,
5874,5875,,,,,
5874,5876,,,,,
5874,5877,,,,,
5878,5879,,,,,
5880,5879,,,,,
5880,5881,,,,,
5882,5881,,,,,
5882,5883,,,,,
5883,5884,,,,,
5884,5740,,,,,
5885,5886,,,,,
5886,5883,,,,,
5887,5883,,,,,
5888,5881,,,,,
5889,3377,,,,,
5889,3391,,,,,
5889,5881,,,,,
5889,5890,,,,,
5889,5891,,,,,
5892,5893,,,,,
5893,5891,,,,,
5894,5895,,,,,
5895,5890,,,,,
5896,5881,,,,,
5896,5897,,,,,
5898,5899,,,,,
5899,5897,,,,,
5899,5900,,,,,
5901,3607,,,,,
5901,4586,,,,,
5901,5902,,,,,
5901,5903,,,,,
5901,5904,,,,,
5901,5905,,,,,
5902,5900,,,,,
5906,5905,,,,,
5907,5905,,,,,
5908,5905,,,,,
5909,5904,,,,,
5909,5910,,,,,
5909,5911,,,,,
5912,5900,,,,,
5912,5913,,,,,
5914,5915,,,,,
5915,5913,,,,,
5916,5917,,,,,
5917,3367,,,,,
5917,5913,,,,,
5917,5918,,,,,
5919,5920,,,,,
5921,5922,,,,,
5922,5920,,,,,
5923,1222,,,,,
5923,3532,,,,,
5923,5924,,,,,
5923,5925,,,,,
5923,5926,,,,,
5924,3367,,,,,
5924,5918,,,,,
5927,5258,,,,,
5927,5926,,,,,
5927,5928,,,,,
5927,5929,,,,,
5930,5929,,,,,
5931,1222,,,,,
5931,5932,,,,,
5931,5933,,,,,
5931,5934,,,,,
5931,5935,,,,,
5932,5928,,,,,
5936,5937,,,,,
5937,5935,,,,,
5938,4026,,,,,
5938,5934,,,,,
5938,5939,,,,,
5938,5940,,,,,
5938,5941,,,,,
5942,2959,,,,,
5942,4608,,,,,
5942,4609,,,,,
5942,5941,,,,,
5942,5943,,,,,
5943,4511,,,,,
5944,5945,,,,,
5945,5940,,,,,
5946,687,,,,,
5946,5947,,,,,
5947,5939,,,,,
5947,5948,,,,,
5949,5948,,,,,
5949,5950,,,,,
5950,5951,,,,,
5952,5953,,,,,
5953,5951,,,,,
5953,5954,,,,,
5955,0,,,,,
5956,5711,,,,,
5957,4663,,,,,
5957,5958,,,,,
5959,5958,,,,,
5959,5960,,,,,
5959,5961,,,,,
5961,3476,,,,,
5962,5963,,,,,
5962,5964,,,,,
5963,4588,,,,,
5963,4951,,,,,
5963,5960,,,,,
5965,5966,,,,,
5966,5964,,,,,
5967,5968,,,,,
5969,5970,,,,,
5970,5968,,,,,
5971,5517,,,,,
5971,5968,,,,,
5971,5972,,,,,
5971,5973,,,,,
5974,5973,,,,,
5975,5976,,,,,
5977,5978,,,,,
5977,5980,,,,,
5977,5981,,,,,
5977,5982,,,,,
5978,5976,,,,,
5978,5979,,,,,
5983,5984,,,,,
5984,5982,,,,,
5985,5985,,,,,
5986,5987,,,,,
5987,5981,,,,,
5988,5989,,,,,
5989,5985,,,,,
5990,5991,,,,,
5990,5993,,,,,
5991,5992,,,,,
5994,5993,,,,,
5995,5996,,,,,
5995,5997,,,,,
5995,5998,,,,,
5999,6000,,,,,
6000,5998,,,,,
6001,5246,,,,,
6001,6002,,,,,
6001,6003,,,,,
6003,6004,,,,,
6005,6004,,,,,
6005,6006,,,,,
6005,6007,,,,,
6007,6008,,,,,
6009,6010,,,,,
6009,6011,,,,,
6009,6012,,,,,
6010,6008,,,,,
6013,6012,,,,,
6013,6014,,,,,
6013,6015,,,,,
6013,6016,,,,,
6017,6016,,,,,
6017,6018,,,,,
6019,6018,,,,,
6019,6020,,,,,
6020,6021,,,,,
6022,6021,,,,,
6022,6023,,,,,
6023,6024,,,,,
6025,6026,,,,,
6025,6027,,,,,
6025,6028,,,,,
6025,6029,,,,,
6026,6024,,,,,
6030,6031,,,,,
6031,4208,,,,,
6032,0,,,,,
6033,0,,,,,
6034,5521,,,,,
6035,5400,,,,,
6035,6036,,,,,
6037,6036,,,,,
6038,6036,,,,,
6038,6037.1,,,,,
6038,6038.1,,,,,
6038,6039,,,,,
6040,6039,,,,,
6041,6042,,,,,
6043,6042,,,,,
6044,826,,,,,
6045,6042,,,,,
6045,6046,,,,,
6045,6047,,,,,
6045,6048,,,,,
6045,6049,,,,,
6050,6049,,,,,
6050,6051,,,,,
6052,6051,,,,,
6053,2813,,,,,
6053,6054,,,,,
6053,6055,,,,,
6056,6057,,,,,
6056,6059,,,,,
6057,6055,,,,,
6057,6058,,,,,
6060,6059,,,,,
6061,0,,,,,
6062,4525,,,,,
6062,6058,,,,,
6062,6063,,,,,
6064,5503,,,,,
6064,6065,,,,,
6065,6063,,,,,
6066,1124,,,,,
6066,4806,,,,,
6066,5799,,,,,
6066,6067,,,,,
6066,6068,,,,,
6069,6070,,,,,
6070,6068,,,,,
6070,6071,,,,,
6072,6071,,,,,
6072,6073,,,,,
6073,6074,,,,,
6075,6074,,,,,
6076,2929,,,,,
6076,6077,,,,,
6078,2350,,,,,
6079,6039,,,,,
6079,6080,,,,,
6081,5411,,,,,
6081,6082,,,,,
6082,6080,,,,,
6082,6083,,,,,
6084,6085,,,,,
6085,6083,,,,,
6086,6087,,,,,
6088,5401,,,,,
6088,6087,,,,,
6089,5823,,,,,
6089,6090,,,,,
6089,6091,,,,,
6092,6091,,,,,
6092,6093,,,,,
6094,6095,,,,,
6094,6096,,,,,
6097,0,,,,,
6098,0,,,,,
6099,1433,,,,,
6099,2095,,,,,
6099,4325,,,,,
6099,6100,,,,,
6099,6101,,,,,
6099,6102,,,,,
6099,6103,,,,,
6100,2366,,,,,
6104,4947,,,,,
6104,6105,,,,,
6106,0,,,,,
6107,6108,,,,,
6107,6109,,,,,
6110,6111,,,,,
6111,6112,,,,,
6113,3760,,,,,
6113,6102,,,,,
6113,6114,,,,,
6115,6116,,,,,
6117,4942,,,,,
6117,6118,,,,,
6119,3517,,,,,
6119,5812,,,,,
6119,6120,,,,,
6119,6121,,,,,
6122,6123,,,,,
6123,6124,,,,,
6125,3114,,,,,
6126,6127,,,,,
6126,6128,,,,,
6129,3391,,,,,
6129,3397,,,,,
6129,6058,,,,,
6129,6130,,,,,
6129,6131,,,,,
6132,6133,,,,,
6133,6134,,,,,
6134,6135,,,,,
6136,5829,,,,,
6136,6137,,,,,
6136,6138,,,,,
6136,6139,,,,,
6140,3390,,,,,
6141,5246,,,,,
6141,6142,,,,,
6141,6143,,,,,
6144,0,,,,,
6145,3377,,,,,
6145,6146,,,,,
6145,6147,,,,,
6145,6148,,,,,
6149,6150,,,,,
6149,6151,,,,,
6152,5305,,,,,
6152,6153,,,,,
6154,3256,,,,,
6155,2919,,,,,
6155,6156,,,,,
6155,6157,,,,,
6157,6158,,,,,
6159,6160,,,,,
6159,6161,,,,,
6159,6162,,,,,
6159,6163,,,,,
6159,6164,,,,,
6159,6165,,,,,
6166,5903,,,,,
6166,6167,,,,,
6167,6168,,,,,
6169,6170,,,,,
6169,6171,,,,,
6172,6173,,,,,
6174,3377,,,,,
6174,6054,,,,,
6174,6175,,,,,
6174,6176,,,,,
6177,0,,,,,
6178,5812,,,,,
6179,0,,,,,
6180,6181,,,,,
6182,6183,,,,,
6184,5829,,,,,
6184,6146,,,,,
6184,6185,,,,,
6184,6186,,,,,
6187,3506,,,,,
6187,6188,,,,,
6189,2949,,,,,
6189,4670,,,,,
6189,5881,,,,,
6190,6191,,,,,
6190,6192,,,,,
6193,6108,,,,,
6193,6194,,,,,
6193,6195,,,,,
6195,6196,,,,,
6197,6198,,,,,
6199,6200,,,,,
6201,6202,,,,,
6203,0,,,,,
6204,6205,,,,,
6204,6206,,,,,
6204,6207,,,,,
6208,0,,,,,
6209,0,,,,,
6210,0,,,,,
6211,0,,,,,
6212,0,,,,,
6213,6214,,,,,
6214,6164,,,,,
6215,6216,,,,,
6215,6217,,,,,
6215,6218,,,,,
6219,6220,,,,,
6221,6222,,,,,
6223,0,,,,,
6224,6225,,,,,
6224,6227,,,,,
6225,6226,,,,,
6228,0,,,,,
6229,0,,,,,
6230,6231,,,,,
6230,6232,,,,,
6233,0,,,,,
6234,6235,,,,,
6235,6236,,,,,
6237,6238,,,,,
6239,5467,,,,,
6239,6240,,,,,
6241,0,,,,,
6242,0,,,,,
6243,6244,,,,,
6245,0,,,,,
6246,0,,,,,
6247,6248,,,,,
6247,6249,,,,,
6250,0,,,,,
6251,149,,,,,
6251,1701,,,,,
6252,1611,,,,,
6252,5148,,,,,
6253,0,,,,,
6254,0,,,,,
6255,2502,,,,,
6255,4411,,,,,
6255,6256,,,,,
6257,6258,,,,,
6259,1222,,,,,
6260,897,,,,,
6260,6261,,,,,
6260,6262,,,,,
6260,6263,,,,,
6264,263,,,,,
6264,3289,,,,,
6264,3945,,,,,
6264,6265,,,,,
6266,1579,,,,,
6266,3104,,,,,
6266,4422,,,,,
6267,1380,,,,,
6268,553,,,,,
6268,1655,,,,,
6269,6270,,,,,
6269,2542,,,,,
6270,3459,,,,,
6270,6271,,,,,
6272,0,,,,,
6273,0,,,,,
6274,4526,,,,,
6274,6095,,,,,
6275,6276,,,,,
6275,6277,,,,,
6278,0,,,,,
6279,1245,,,,,
6279,4405,,,,,
6279,6280,,,,,
6279,6281,,,,,
6282,834,,,,,
6282,1221,,,,,
6282,6283,,,,,
6284,0,,,,,
6285,4329,,,,,
6286,1081,,,,,
6286,1395,,,,,
6287,156,,,,,
6288,6256,,,,,
6289,2013,,,,,
6289,6290,,,,,
6289,6291,,,,,
6292,1826,,,,,
6292,2086,,,,,
6293,1662,,,,,
6294,150,,,,,
6294,846,,,,,
6294,3289,,,,,
6294,3700,,,,,
6294,6295,,,,,
6295,4736,,,,,
6296,2333,,,,,
6296,3349,,,,,
6296,6297,,,,,
6296,6299,,,,,
6296,6300,,,,,
6296,6301,,,,,
6296,6302,,,,,
6297,6298,,,,,
6303,2405,,,,,
6303,6304,,,,,
6305,6306,,,,,
6305,6307,,,,,
6308,163,,,,,
6308,546,,,,,
6308,6309,,,,,
6310,2547,,,,,
6311,0,,,,,
6312,0,,,,,
6313,6314,,,,,
6314,2198,,,,,
6314,3166,,,,,
6314,3278,,,,,
6315,1064,,,,,
6315,1316,,,,,
6315,3011,,,,,
6316,390,,,,,
6317,6318,,,,,
6319,0,,,,,
6320,204,,,,,
6320,1071,,,,,
6320,6321,,,,,
6322,4244,,,,,
6322,6323,,,,,
6325,6326,,,,,
6326,6327,,,,,
6326,6328,,,,,
6329,2289,,,,,
6329,2994,,,,,
6330,1125,,,,,
6330,5248,,,,,
6330,6331,,,,,
6330,6332,,,,,
6332,6333,,,,,
6334,690,,,,,
6335,40,,,,,
6335,3273,,,,,
6335,6281,,,,,
6335,6336,,,,,
6336,6337,,,,,
6338,5164,,,,,
6338,6339,,,,,
6338,6340,,,,,
6341,6342,,,,,
6343,4603,,,,,
6344,0,,,,,
6345,6346,,,,,
6345,6347,,,,,
6346,2722,,,,,
6348,1596,,,,,
6348,6349,,,,,
6348,6350,,,,,
6348,6351,,,,,
6352,4405,,,,,
6352,6353,,,,,
6353,5328,,,,,
6354,263,,,,,
6354,6355,,,,,
6356,2731,,,,,
6357,6358,,,,,
6358,6359,,,,,
6358,6360,,,,,
6361,2058,,,,,
6361,2926,,,,,
6361,6362,,,,,
6363,1082,,,,,
6363,2875,,,,,
6363,6364,,,,,
6364,2078,,,,,
6364,6365,,,,,
6366,3210,,,,,
6366,6367,,,,,
6368,2441,,,,,
6368,3099,,,,,
6368,6351,,,,,
6368,6369,,,,,
6370,2612,,,,,
6370,6371,,,,,
6372,4446,,,,,
6372,6373,,,,,
6374,6375,,,,,
6376,6377,,,,,
6378,3099,,,,,
6378,6379,,,,,
6379,6380,,,,,
6379,6381,,,,,
6382,723,,,,,
6382,844,,,,,
6382,6383,,,,,
6382,6384,,,,,
6385,501,,,,,
6385,6386,,,,,
6386,6387,,,,,
6388,3671,,,,,
6388,4386,,,,,
6388,6389,,,,,
6390,2535,,,,,
6390,4297,,,,,
6390,6391,,,,,
6392,0,,,,,
6393,2689,,,,,
6393,6394,,,,,
6395,4398,,,,,
6396,6347,,,,,
6396,6397,,,,,
6396,6399,,,,,
6396,6400,,,,,
6397,6398,,,,,
6401,1296,,,,,
6402,2238,,,,,
6402,6403,,,,,
6402,6405,,,,,
6403,6404,,,,,
6406,1320,,,,,
6406,2612,,,,,
6406,4224,,,,,
6406,4411,,,,,
6407,0,,,,,
6408,866,,,,,
6408,1995,,,,,
6408,4462,,,,,
6408,6409,,,,,
6409,6410,,,,,
6411,2155,,,,,
6411,6412,,,,,
6412,2644,,,,,
6412,6349,,,,,
6413,444,,,,,
6414,2137,,,,,
6415,2058,,,,,
6415,3231,,,,,
6415,6416,,,,,
6416,6418,,,,,
6419,1853,,,,,
6419,6420,,,,,
6421,0,,,,,
6422,3487,,,,,
6422,5002,,,,,
6423,1659,,,,,
6424,6425,,,,,
6424,6426,,,,,
6427,0,,,,,
6428,3991,,,,,
6428,6429,,,,,
6428,6430,,,,,
6431,0,,,,,
6432,0,,,,,
6433,6425,,,,,
6433,6434,,,,,
6436,2654,,,,,
6436,3667,,,,,
6436,5055,,,,,
6436,5152,,,,,
6436,6437,,,,,
6437,6438,,,,,
6439,0,,,,,
6440,6441,,,,,
6441,6442,,,,,
6443,0,,,,,
6444,1202,,,,,
6444,1869,,,,,
6444,2059,,,,,
6445,743,,,,,
6445,6446,,,,,
6447,0,,,,,
6448,743,,,,,
6448,1186,,,,,
6448,1416,,,,,
6448,6449,,,,,
6448,6450,,,,,
6448,6451,,,,,
6449,6365,,,,,
6452,701,,,,,
6453,6454,,,,,
6455,2715,,,,,
6455,3274,,,,,
6455,3551,,,,,
6456,2853,,,,,
6456,6457,,,,,
6457,6458,,,,,
6459,1958,,,,,
6459,4609,,,,,
6459,6460,,,,,
6459,6462,,,,,
6460,6461,,,,,
6463,0,,,,,
6464,6465,,,,,
6465,1737,,,,,
6465,1938,,,,,
6466,0,,,,,
6467,0,,,,,
6468,1809,,,,,
6468,3979,,,,,
6468,6469,,,,,
6468,6471,,,,,
6468,6472,,,,,
6469,6470,,,,,
6473,6474,,,,,
6475,3137,,,,,
6475,6476,,,,,
6476,6477,,,,,
6476,6478,,,,,
6479,2958,,,,,
6480,2502,,,,,
6481,6482,,,,,
6483,4088,,,,,
6483,4154,,,,,
6483,6484,,,,,
6484,4076,,,,,
6484,6485,,,,,
6484,6486,,,,,
6487,5981,,,,,
6488,959,,,,,
6488,2908,,,,,
6489,1581,,,,,
6489,4275,,,,,
6489,6490,,,,,
6491,2389,,,,,
6491,3667,,,,,
6492,2628,,,,,
6492,4345,,,,,
6492,6493,,,,,
6492,6494,,,,,
6493,1413,,,,,
6495,570,,,,,
6495,1394,,,,,
6495,6496,,,,,
6496,2304,,,,,
6497,6498,,,,,
6497,6499,,,,,
6498,4555,,,,,
6500,262,,,,,
6500,2665,,,,,
6500,6103,,,,,
6500,6501,,,,,
6500,6502,,,,,
6503,3947,,,,,
6503,6504,,,,,
6504,6505,,,,,
6506,0,,,,,
6507,0,,,,,
6508,4746,,,,,
6509,6510,,,,,
6510,1747,,,,,
6511,6512,,,,,
6513,1575,,,,,
6513,2815,,,,,
6513,3575,,,,,
6513,3629,,,,,
6513,3747,,,,,
6513,6514,,,,,
6515,1191,,,,,
6516,6517,,,,,
6518,6519,,,,,
6519,293,,,,,
6519,6153,,,,,
6520,1111130,,,,,
6520,6521,,,,,
6522,4688,,,,,
6522,6523,,,,,
6524,1225,,,,,
6524,2343,,,,,
6525,0,,,,,
6526,6527,,,,,
6527,6528,,,,,
6527,6529,,,,,
6530,1450,,,,,
6531,1963,,,,,
6531,3604,,,,,
6531,6532,,,,,
6533,6534,,,,,
6535,786,,,,,
6535,2095,,,,,
6536,0,,,,,
6537,1832,,,,,
6537,6538,,,,,
6539,6540,,,,,
6539,6541,,,,,
6539,6542,,,,,
6539,6543,,,,,
6544,1875,,,,,
6544,3671,,,,,
6545,0,,,,,
6546,6547,,,,,
6548,2380,,,,,
6549,6550,,,,,
6550,6551,,,,,
6549,585,,,,,
6551,6538,,,,,
6551,6552,,,,,
6553,0,,,,,
6554,6555,,,,,
6556,899,,,,,
6556,6557,,,,,
6556,6558,,,,,
6556,6559,,,,,
6560,2289,,,,,
6560,6561,,,,,
6562,6563,,,,,
6564,4102,,,,,
6565,1502,,,,,
6565,4282,,,,,
6566,2502,,,,,
6566,5583,,,,,
6567,2991,,,,,
6568,6569,,,,,
6568,6570,,,,,
6568,6571,,,,,
6569,5352,,,,,
6572,6573,,,,,
6573,6574,,,,,
6575,0,,,,,
6576,4993,,,,,
6576,6577,,,,,
6576,6578,,,,,
6579,0,,,,,
6580,6581,,,,,
6582,5985,,,,,
6582,6583,,,,,
6582,6584,,,,,
6585,0,,,,,
6586,6262,,,,,
6586,6587,,,,,
6586,6588,,,,,
6586,6589,,,,,
6590,6591,,,,,
6590,6593,,,,,
6591,6298,,,,,
6591,6592,,,,,
6594,0,,,,,
6595,3644,,,,,
6595,6596,,,,,
6597,4081,,,,,
6597,6299,,,,,
6597,6598,,,,,
6599,2628,,,,,
6599,6600,,,,,
6600,6601,,,,,
6602,6603,,,,,
6602,6604,,,,,
6602,6605,,,,,
6606,568,,,,,
6606,6607,,,,,
6606,6609,,,,,
6606,6610,,,,,
6607,6138,,,,,
6607,6608,,,,,
6611,0,,,,,
6612,0,,,,,
6613,6614,,,,,
6615,290,,,,,
6615,4603,,,,,
6615,6616,,,,,
6616,6617,,,,,
6618,3001,,,,,
6618,6619,,,,,
6620,0,,,,,
6621,6622,,,,,
6623,4842,,,,,
6624,0,,,,,
6625,6626,,,,,
6626,3509,,,,,
6627,743,,,,,
6627,6628,,,,,
6627,6630,,,,,
6628,6629,,,,,
6631,1395,,,,,
6632,5939,,,,,
6632,6578,,,,,
6632,6633,,,,,
6632,6635,,,,,
6633,6634,,,,,
6636,1413,,,,,
6636,3667,,,,,
6636,6637,,,,,
6637,2951,,,,,
6637,6638,,,,,
6639,3651,,,,,
6639,6640,,,,,
6639,6641,,,,,
6639,6642,,,,,
6639,6643,,,,,
6640,1698,,,,,
6644,699,,,,,
6644,6645,,,,,
6646,3561,,,,,
6646,6647,,,,,
6646,6648,,,,,
6646,6649,,,,,
6647,3246,,,,,
6650,3567,,,,,
6650,6651,,,,,
6650,6652,,,,,
6650,6653,,,,,
6654,712,,,,,
6654,6655,,,,,
6655,6656,,,,,
6657,2394,,,,,
6657,5160,,,,,
6657,6658,,,,,
6659,951,,,,,
6659,3299,,,,,
6659,4322,,,,,
6659,6660,,,,,
6659,3299,,,,,
6660,6661,,,,,
6663,0,,,,,
6664,2408,,,,,
6665,2059,,,,,
6665,6666,,,,,
6667,0,,,,,
6668,3295,,,,,
6668,6669,,,,,
6670,6671,,,,,
6671,6672,,,,,
6673,2604,,,,,
6673,6674,,,,,
6674,4905,,,,,
6675,6676,,,,,
6677,14,,,,,
6677,6256,,,,,
6677,6678,,,,,
6679,2536,,,,,
6680,6256,,,,,
6680,6681,,,,,
6682,2502,,,,,
6683,2566,,,,,
6683,4405,,,,,
6684,6685,,,,,
6684,6686,,,,,
6687,0,,,,,
6688,4050,,,,,
6688,5169,,,,,
6688,6689,,,,,
6690,2045,,,,,
6691,484,,,,,
6691,6692,,,,,
6693,4280,,,,,
6694,2592,,,,,
6695,6696,,,,,
6697,2642,,,,,
6697,3247,,,,,
6697,3567,,,,,
6697,4607,,,,,
6698,6699,,,,,
6698,6700,,,,,
6699,5371,,,,,
6701,6702,,,,,
6701,6703,,,,,
6702,3743,,,,,
6704,1487,,,,,
6704,6705,,,,,
6706,3095,,,,,
6706,5928,,,,,
6706,6707,,,,,
6706,6708,,,,,
6709,6262,,,,,
6709,6645,,,,,
6709,6710,,,,,
6709,6712,,,,,
6719,6490,,,,,
6710,6711,,,,,
6713,0,,,,,
6714,6715,,,,,
6714,6717,,,,,
6714,6718,,,,,
6715,6716,,,,,
6719,3099,,,,,
6719,6720,,,,,
6720,1698,,,,,
6721,6722,,,,,
6721,6724,,,,,
6722,6723,,,,,
6725,0,,,,,
6726,0,,,,,
6727,2178,,,,,
6727,4980,,,,,
6728,6729,,,,,
6730,6541,,,,,
6731,6732,,,,,
6733,6734,,,,,
6733,6735,,,,,
6736,6737,,,,,
6736,6739,,,,,
6737,6738,,,,,
6740,6741,,,,,
6742,6291,,,,,
6743,0,,,,,
6744,0,,,,,
6745,0,,,,,
6746,6747,,,,,
6748,5711,,,,,
6748,6749,,,,,
6748,6750,,,,,
6749,4606,,,,,
6751,6752,,,,,
6751,6753,,,,,
6754,6755,,,,,
6756,6757,,,,,
6758,6759,,,,,
6758,6763,,,,,
6759,6760,,,,,
6759,6761,,,,,
6759,6762,,,,,
6764,1009,,,,,
6764,6747,,,,,
6764,6765,,,,,
6766,6767,,,,,
6767,6768,,,,,
6769,4623,,,,,
6770,137,,,,,
6770,6771,,,,,
6772,5024,,,,,
6772,6773,,,,,
6773,6774,,,,,
6775,0,,,,,
6776,6777,,,,,
6776,6779,,,,,
6777,6778,,,,,
6780,0,,,,,
6781,6782,,,,,
6783,1492,,,,,
6783,6784,,,,,
6785,1777,,,,,
6785,6786,,,,,
6786,6787,,,,,
6787,6501,,,,,
6788,0,,,,,
6789,6790,,,,,
6790,6791,,,,,
6793,6794,,,,,
6794,6795,,,,,
6796,6797,,,,,
6796,6798,,,,,
6799,2906,,,,,
6799,6800,,,,,
6799,6801,,,,,
6802,2813,,,,,
6802,5370,,,,,
6802,6803,,,,,
6802,6804,,,,,
6802,6805,,,,,
6806,0,,,,,
6807,0,,,,,
6808,0,,,,,
6809,0,,,,,
6810,1346,,,,,
6810,6589,,,,,
6811,6812,,,,,
6812,2703,,,,,
6812,2704,,,,,
6812,5004,,,,,
6813,0,,,,,
6814,6815,,,,,
6815,1398,,,,,
6816,0,,,,,
6817,1883,,,,,
6818,0,,,,,
6819,0,,,,,
6820,6118,,,,,
6821,4219,,,,,
6821,6822,,,,,
6821,6823,,,,,
6822,4325,,,,,
6824,3681,,,,,
6824,6258,,,,,
6824,6825,,,,,
6824,6827,,,,,
6825,6826,,,,,
6828,0,,,,,
6829,0,,,,,
6830,0,,,,,
6831,404,,,,,
6831,5960,,,,,
6832,2380,,,,,
6832,5960,,,,,
6832,6648,,,,,
6832,6833,,,,,
6834,6835,,,,,
6835,2748,,,,,
6836,0,,,,,
6837,5925,,,,,
6837,6838,,,,,
6839,1222,,,,,
6839,2605,,,,,
6839,6840,,,,,
6840,8156,,,,,
6842,6843,,,,,
6842,6844,,,,,
6843,2798,,,,,
6843,5111,,,,,
6845,3487,,,,,
6846,4315,,,,,
6846,6847,,,,,
6848,701,,,,,
6848,1130,,,,,
6848,6849,,,,,
6850,1969,,,,,
6850,3525,,,,,
6851,6256,,,,,
6851,6852,,,,,
6851,6854,,,,,
6852,6750,,,,,
6852,6853,,,,,
6855,6779,,,,,
6855,6856,,,,,
6857,4422,,,,,
6858,6859,,,,,
6858,6861,,,,,
6858,6862,,,,,
6859,4572,,,,,
6863,840,,,,,
6863,6542,,,,,
6863,6601,,,,,
6863,6864,,,,,
6863,6865,,,,,
6866,6867,,,,,
6867,6868,,,,,
6869,3012,,,,,
6870,0,,,,,
6871,2591,,,,,
6871,6872,,,,,
6871,6874,,,,,
6872,6873,,,,,
6875,6494,,,,,
6876,840,,,,,
6876,6877,,,,,
6876,6878,,,,,
6879,6880,,,,,
6880,6068,,,,,
6881,0,,,,,
6882,1319,,,,,
6882,1320,,,,,
6882,2502,,,,,
6882,6883,,,,,
6882,6885,,,,,
6883,5046,,,,,
6883,6884,,,,,
6886,6887,,,,,
6888,1698,,,,,
6888,3250,,,,,
6888,6841,,,,,
6888,6889,,,,,
6888,6991,,,,,
6889,6990,,,,,
6992,0,,,,,
6993,6256,,,,,
6993,6994,,,,,
6995,6996,,,,,
6997,6581,,,,,
6997,6998,,,,,
6999,0,,,,,
7000,6501,,,,,
7000,7001,,,,,
7002,0,,,,,
7003,7004,,,,,
7003,7005,,,,,
7003,7006,,,,,
7004,2531,,,,,
7004,2532,,,,,
7007,6058,,,,,
7007,7008,,,,,
7007,7009,,,,,
7010,6678,,,,,
7011,0,,,,,
7012,0,,,,,
7013,0,,,,,
7014,7015,,,,,
7014,7016,,,,,
7017,7018,,,,,
7017,7019,,,,,
7017,7020,,,,,
7021,0,,,,,
7022,7023,,,,,
7024,0,,,,,
7025,4738,,,,,
7025,7026,,,,,
7025,7027,,,,,
7028,7029,,,,,
7028,7030,,,,,
7028,7031,,,,,
7032,0,,,,,
7033,7034,,,,,
7034,737,,,,,
7035,7036,,,,,
7035,7038,,,,,
7035,7039,,,,,
7035,7040,,,,,
7035,7041,,,,,
7036,7037,,,,,
7042,7043,,,,,
7042,7044,,,,,
7045,2563,,,,,
7045,5981,,,,,
7045,7046,,,,,
7045,7047,,,,,
7045,7048,,,,,
7049,0,,,,,
7050,7051,,,,,
7052,7053,,,,,
7052,7054,,,,,
7055,7056,,,,,
7055,7057,,,,,
7058,0,,,,,
7059,5831,,,,,
7059,7015,,,,,
7059,7060,,,,,
7059,7062,,,,,
7060,7061,,,,,
7063,4592,,,,,
7063,5925,,,,,
7063,7023,,,,,
7063,7064,,,,,
7065,6375,,,,,
7065,7066,,,,,
7065,7068,,,,,
7066,2377,,,,,
7066,7067,,,,,
7069,0,,,,,
7070,7015,,,,,
7070,7071,,,,,
7072,5800,,,,,
7072,7073,,,,,
7074,0,,,,,
7075,0,,,,,
7076,0,,,,,
7077,7078,,,,,
7077,7079,,,,,
7080,2386,,,,,
7080,7081,,,,,
7082,0,,,,,
7083,7027,,,,,
7083,7084,,,,,
7083,7085,,,,,
7086,5516,,,,,
7086,5910,,,,,
7087,7088,,,,,
7089,855,,,,,
7089,4613,,,,,
7089,7090,,,,,
7089,7091,,,,,
7092,7093,,,,,
7093,7094,,,,,
7093,7095,,,,,
7096,5318,,,,,
7096,5749,,,,,
7096,5792,,,,,
7096,5801,,,,,
7096,7046,,,,,
7096,7097,,,,,
7096,7099,,,,,
7096,7100,,,,,
7097,7098,,,,,
7101,7088,,,,,
7101,7102,,,,,
7101,7103,,,,,
7101,7104,,,,,
7105,7079,,,,,
7106,4626,,,,,
7106,7107,,,,,
7107,7108,,,,,
7109,7110,,,,,
7111,7112,,,,,
7113,3992,,,,,
7113,7114,,,,,
7115,7046,,,,,
7115,7116,,,,,
7115,7118,,,,,
7115,7119,,,,,
7115,7120,,,,,
7116,7117,,,,,
7121,2163,,,,,
7122,2877,,,,,
7123,7124,,,,,
7123,7125,,,,,
7123,7126,,,,,
7127,7128,,,,,
7127,7129,,,,,
7127,7130,,,,,
7131,2563,,,,,
7132,4519,,,,,
7132,4646,,,,,
7132,7133,,,,,
7132,7134,,,,,
7135,1834,,,,,
7135,2911,,,,,
7135,3109,,,,,
7135,7136,,,,,
7135,7138,,,,,
7135,7139,,,,,
7135,7140,,,,,
7135,7141,,,,,
7136,7137,,,,,
7142,7020,,,,,
7143,2602,,,,,
7143,3248,,,,,
7144,0,,,,,
7145,0,,,,,
7146,6864,,,,,
7146,7147,,,,,
7148,7149,,,,,
7150,7151,,,,,
7152,7153,,,,,
7154,5133,,,,,
7155,0,,,,,
7156,7157,,,,,
7158,7151,,,,,
7158,7159,,,,,
7158,7160,,,,,
7161,5351,,,,,
7161,7162,,,,,
7163,7164,,,,,
7165,5133,,,,,
7165,7166,,,,,
7165,7168,,,,,
7165,7169,,,,,
7165,7170,,,,,
7165,7171,,,,,
7166,7167,,,,,
7172,7173,,,,,
7172,7174,,,,,
7172,7175,,,,,
7176,5247,,,,,
7176,7177,,,,,
7176,7178,,,,,
7176,7179,,,,,
7180,7181,,,,,
7182,7183,,,,,
7184,5369,,,,,
7184,7185,,,,,
7184,7186,,,,,
7184,7187,,,,,
7188,0,,,,,
7189,5516,,,,,
7189,7057,,,,,
7190,7191,,,,,
7190,7192,,,,,
7190,7193,,,,,
7194,5346,,,,,
7194,5910,,,,,
7194,7195,,,,,
7194,7196,,,,,
7197,7198,,,,,
7199,0,,,,,
7200,7153,,,,,
7200,7201,,,,,
7200,7202,,,,,
7203,7204,,,,,
7203,7205,,,,,
7203,7206,,,,,
7207,7208,,,,,
7209,7210,,,,,
7209,7211,,,,,
7209,7212,,,,,
7213,7040,,,,,
7213,7195,,,,,
7213,7214,,,,,
7213,7215,,,,,
7213,7216,,,,,
7213,7217,,,,,
7214,3365,,,,,
7218,7219,,,,,
7220,0,,,,,
7221,0,,,,,
7222,6761,,,,,
7222,7223,,,,,
7222,7224,,,,,
7225,7226,,,,,
7225,7227,,,,,
7228,7229,,,,,
7230,0,,,,,
7231,0,,,,,
7232,5876,,,,,
7233,7234,,,,,
7234,7167,,,,,
7233,2078,,,,,
7233,2814,,,,,
7233,7234.1,,,,,
7233,7235,,,,,
7233,7236,,,,,
7237,7238,,,,,
7239,1232,,,,,
7240,7193,,,,,
7241,7242,,,,,
7242,2949,,,,,
7243,0,,,,,
7244,7245,,,,,
7246,7247,,,,,
7247,3739,,,,,
7246,5802,,,,,
7248,7249,,,,,
7249,3506,,,,,
7248,724911,,,,,
7248,7250,,,,,
7248,7251,,,,,
7252,3633,,,,,
7252,5181,,,,,
7252,7253,,,,,
7254,0,,,,,
7255,7256,,,,,
7256,3215,,,,,
7255,7257,,,,,
7258,7259,,,,,
7259,7260,,,,,
7258,7261,,,,,
7258,7262,,,,,
7258,7263,,,,,
7258,7264,,,,,
7258,7265,,,,,
7266,6118,,,,,
7266,7170,,,,,
7266,7267,,,,,
7268,6552,,,,,
7268,7269,,,,,
7270,7271,,,,,
7270,7272,,,,,
7273,6482,,,,,
7273,6763,,,,,
7273,2765,,,,,
7273,7274,,,,,
7275,7276,,,,,
7277,0,,,,,
7278,0,,,,,
7279,7280,,,,,
7281,7282,,,,,
7282,7283,,,,,
7282,7226,,,,,
7281,5913,,,,,
7284,7285,,,,,
7284,7286,,,,,
7284,7287,,,,,
7288,0,,,,,
7289,7290,,,,,
7290,2232,,,,,
7291,7198,,,,,
7292,7179,,,,,
7293,3321,,,,,
7293,7294,,,,,
7295,7124,,,,,
7295,7296,,,,,
7297,0,,,,,
7298,3612,,,,,
7298,7039,,,,,
7298,7299,,,,,
7300,7301,,,,,
7301,7302,,,,,
7300,6638,,,,,
7303,0,,,,,
7304,7305,,,,,
7304,7306,,,,,
7304,7307,,,,,
7308,6805,,,,,
7309,4082,,,,,
7309,7310,,,,,
7311,6587,,,,,
7312,7313,,,,,
7312,7314,,,,,
7315,6151,,,,,
7316,0,,,,,
7317,6763,,,,,
7318,6555,,,,,
7318,6700,,,,,
7318,7319,,,,,
7320,3577,,,,,
7321,7322,,,,,
7321,7323,,,,,
7321,6240,,,,,
7324,7325,,,,,
7325,7326,,,,,
7324,6996,,,,,
7327,6238,,,,,
7327,7328,,,,,
7329,0,,,,,
7330,7062,,,,,
7330,7331,,,,,
7330,7332,,,,,
7330,7333,,,,,
7334,7149,,,,,
7335,7336,,,,,
7336,2714,,,,,
7335,2637,,,,,
7337,6280,,,,,
7338,7339,,,,,
7340,7341,,,,,
7341,856,,,,,
7342,6248,,,,,
7342,7343,,,,,
7344,0,,,,,
7345,7346,,,,,
7346,4025,,,,,
7346,6302,,,,,
7346,7347,,,,,
7345,1492,,,,,
7345,7348,,,,,
7349,6833,,,,,
7349,7350,,,,,
7351,7352,,,,,
7352,7353,,,,,
7351,7354,,,,,
7355,6485,,,,,
7355,7356,,,,,
7357,3976,,,,,
7357,6373,,,,,
7358,6127,,,,,
7358,6185,,,,,
7358,7359,,,,,
7360,0,,,,,
7361,0,,,,,
7362,7363,,,,,
7362,7110,,,,,
7364,6095,,,,,
7364,7365,,,,,
7366,4606,,,,,
7366,6501,,,,,
7367,7253,,,,,
7368,3351,,,,,
7369,6718,,,,,
7370,0,,,,,
7371,5821,,,,,
7371,7372,,,,,
7371,7373,,,,,
7371,7374,,,,,
7375,7183,,,,,
7376,7140,,,,,
7376,7377,,,,,
7378,6804,,,,,
7378,7379,,,,,
7380,2793,,,,,
7380,7057,,,,,
7380,7381,,,,,
7380,7382,,,,,
7383,7382,,,,,
7383,7384,,,,,
7385,3957,,,,,
7386,7210,,,,,
7386,7387,,,,,
7388,7389,,,,,
7388,7390,,,,,
7391,7387,,,,,
7391,7392,,,,,
7392,2366,,,,,
7393,7394,,,,,
7395,6434,,,,,
7395,7396,,,,,
7397,7398,,,,,
7398,7399,,,,,
7397,6708,,,,,
7397,7400,,,,,
7401,7402,,,,,
7402,6381,,,,,
7401,7170,,,,,
7401,7403,,,,,
7401,7404,,,,,
7405,0,,,,,
7406,5910,,,,,
7406,7407,,,,,
7406,7408,,,,,
7409,7410,,,,,
7409,6540,,,,,
7411,0,,,,,
7412,7413,,,,,
7413,366,,,,,
7414,6598,,,,,
7414,6791,,,,,
7414,7415,,,,,
7414,7416,,,,,
7417,7099,,,,,
7417,7418,,,,,
7419,7420,,,,,
7420,6723,,,,,
7419,731,,,,,
7419,5576,,,,,
7421,6232,,,,,
7422,5516,,,,,
7422,7423,,,,,
7424,6112,,,,,
7424,7219,,,,,
7424,7425,,,,,
7424,7426,,,,,
7424,7427,,,,,
7424,7428,,,,,
7424,7429,,,,,
7430,5592,,,,,
7431,7432,,,,,
7432,7433,,,,,
7431,6096,,,,,
7434,4626,,,,,
7434,5850,,,,,
7434,7435,,,,,
7434,7436,,,,,
7434,7437,,,,,
7434,7438,,,,,
7439,6191,,,,,
7439,7440,,,,,
7441,5574,,,,,
7442,7390,,,,,
7443,7444,,,,,
7444,7445,,,,,
7443,1424,,,,,
7443,5719,,,,,
7443,6609,,,,,
7443,7394,,,,,
7446,6231,,,,,
7446,7447,,,,,
7448,7449,,,,,
7449,1741,,,,,
7449,1890,,,,,
7449,2061,,,,,
7448,3290,,,,,
7450,647,,,,,
7451,4613,,,,,
7452,7229,,,,,
7453,7454,,,,,
7454,6884,,,,,
7454,7181,,,,,
7453,7455,,,,,
7456,7384,,,,,
7456,7457,,,,,
7456,7458,,,,,
7459,2455,,,,,
7460,0,,,,,
7461,6118,,,,,
7462,7463,,,,,
7463,5791,,,,,
7462,7019,,,,,
7464,6878,,,,,
7465,0,,,,,
7466,6557,,,,,
7467,7068,,,,,
7468,4607,,,,,
7468,6884,,,,,
7469,5433,,,,,
7469,7470,,,,,
7469,7471,,,,,
7472,0,,,,,
7473,6884,,,,,
7473,7474,,,,,
7473,7475,,,,,
7473,7476,,,,,
7477,7470,,,,,
7478,7470,,,,,
6045,7470,,,,,
7479,6216,,,,,
7479,7480,,,,,
7479,7481,,,,,
7479,7482,,,,,
7483,0,,,,,
7484,7485,,,,,
7486,7482,,,,,
7487,7485,,,,,
7487,7488,,,,,
7487,7489,,,,,
7487,7490,,,,,
7491,0,,,,,
7492,7493,,,,,
7494,6205,,,,,
7494,7495,,,,,
7496,0,,,,,
7497,0,,,,,
7499,7500,,,,,
7500,3365,,,,,
7499,7354,,,,,
7499,7501,,,,,
7499,7502,,,,,
7499,7503,,,,,
7504,7481,,,,,
7504,7505,,,,,
7506,7507,,,,,
7508,7505,,,,,
7509,7038,,,,,
7509,7510,,,,,
7511,6577,,,,,
7511,7512,,,,,
7513,7511,,,,,
7514,7480,,,,,
7515,7516,,,,,
7516,7517,,,,,
7515,7518,,,,,
7515,6156,,,,,
7519,7339,,,,,
7519,7520,,,,,
7521,6339,,,,,
7521,6596,,,,,
7522,7175,,,,,
7523,6717,,,,,
7524,7525,,,,,
7525,7526,,,,,
7524,5226,,,,,
7527,4895,,,,,
7527,6258,,,,,
7528,7529,,,,,
7530,7323,,,,,
7530,7531,,,,,
7532,0,,,,,
7533,7534,,,,,
7534,5979,,,,,
7533,7535,,,,,
7533,7536,,,,,
7533,7537,,,,,
7538,6605,,,,,
7539,0,,,,,
7540,7541,,,,,
7541,7542,,,,,
7541,3533,,,,,
7543,7544,,,,,
7544,7545,,,,,
7544,7226,,,,,
7543,7015,,,,,
7543,7546,,,,,
7547,7548,,,,,
7548,7549,,,,,
7547,5816,,,,,
7550,0,,,,,
7551,7552,,,,,
7551,7307,,,,,
7553,7549,,,,,
7554,7555,,,,,
7554,7556,,,,,
7557,5847,,,,,
7558,7559,,,,,
7558,7001,,,,,
7558,7030,,,,,
7560,7561,,,,,
7561,7562,,,,,
7560,7563,,,,,
7560,3233,,,,,
7564,5444,,,,,
7565,7133,,,,,
7566,7567,,,,,
7567,7568,,,,,
7566,5698,,,,,
7566,7569,,,,,
7566,7570,,,,,
7571,4051,,,,,
7571,6387,,,,,
7571,7475,,,,,
7571,7572,,,,,
7571,7573,,,,,
7574,7575,,,,,
7574,7569,,,,,
7576,6865,,,,,
7576,7577,,,,,
7576,7578,,,,,
7576,7579,,,,,
7580,5428,,,,,
7581,7582,,,,,
7582,3732,,,,,
7581,6752,,,,,
7583,7584,,,,,
7583,7585,,,,,
7583,6651,,,,,
7586,7587,,,,,
7588,7589,,,,,
7589,7590,,,,,
7588,6542,,,,,
7591,7592,,,,,
7592,7593,,,,,
7594,7445,,,,,
7595,5796,,,,,
7595,6105,,,,,
7595,7596,,,,,
7597,7598,,,,,
7598,7599,,,,,
7598,1923,,,,,
7597,7348,,,,,
7600,5059,,,,,
7600,7474,,,,,
7600,7601,,,,,
7600,7602,,,,,
7603,0,,,,,
7604,0,,,,,
7605,7606,,,,,
7606,7607,,,,,
7606,7608,,,,,
7609,7610,,,,,
7609,5434,,,,,
7609,5441,,,,,
7611,7612,,,,,
7611,7613,,,,,
7611,7614,,,,,
7611,7615,,,,,
7616,7614,,,,,
7616,7617,,,,,
7616,7618,,,,,
7616,7619,,,,,
7620,7621,,,,,
7621,7379,,,,,
7621,7622,,,,,
7623,7624,,,,,
7624,3958,,,,,
7623,7410,,,,,
7625,7626,,,,,
7625,7627,,,,,
7625,7628,,,,,
7625,7629,,,,,
7625,6205,,,,,
7630,585,,,,,
7631,0,,,,,
7632,0,,,,,
7633,7628,,,,,
7633,7634,,,,,
7635,0,,,,,
7636,7637,,,,,
7637,4009,,,,,
7636,7407,,,,,
7636,7638,,,,,
7636,7639,,,,,
3756,7639,,,,,
7640,7641,,,,,
7640,7638,,,,,
7642,0,,,,,
7643,0,,,,,
7644,0,,,,,
7645,7646,,,,,
7646,7647,,,,,
7645,1236,,,,,
7645,2683,,,,,
7648,7634,,,,,
7649,7627,,,,,
7649,7650,,,,,
7651,7652,,,,,
7653,6438,,,,,
7653,7654,,,,,
7653,7655,,,,,
7653,7656,,,,,
7657,0,,,,,
7658,0,,,,,
7659,7403,,,,,
7660,7251,,,,,
7661,0,,,,,
7662,5112,,,,,
7662,7663,,,,,
7662,7664,,,,,
7665,6661,,,,,
7666,7211,,,,,
7666,7667,,,,,
7666,7668,,,,,
7666,7669,,,,,
7666,7670,,,,,
7671,7672,,,,,
7672,7067,,,,,
7673,0,,,,,
7674,7675,,,,,
7676,7669,,,,,
7677,7678,,,,,
7677,7615,,,,,
7679,0,,,,,
7680,0,,,,,
7681,0,,,,,
7682,5436,,,,,
7682,5690,,,,,
7682,7683,,,,,
7684,7685,,,,,
7684,7201,,,,,
7686,0,,,,,
7687,7688,,,,,
7688,7689,,,,,
7688,7690,,,,,
7687,2715,,,,,
7687,3133,,,,,
7687,4934,,,,,
7687,7691,,,,,
7692,7026,,,,,
7692,7693,,,,,
7694,7695,,,,,
7696,7697,,,,,
7697,6222,,,,,
7697,7698,,,,,
7697,7699,,,,,
7697,7700,,,,,
7697,7701,,,,,
7697,7501,,,,,
7702,7703,,,,,
7702,7704,,,,,
7702,7705,,,,,
7702,7706,,,,,
7707,7708,,,,,
7707,7709,,,,,
7707,7700,,,,,
7710,7711,,,,,
7711,7712,,,,,
7710,7713,,,,,
7710,7714,,,,,
7715,7716,,,,,
7715,7703,,,,,
7717,0,,,,,
7718,0,,,,,
7719,4455,,,,,
7720,7721,,,,,
7720,7722,,,,,
7723,7724,,,,,
7723,7725,,,,,
7723,7698,,,,,
7726,0,,,,,
7727,7728,,,,,
7727,7729,,,,,
7727,7730,,,,,
7731,0,,,,,
7732,7733,,,,,
7732,7734,,,,,
7732,7735,,,,,
7736,7737,,,,,
7736,7738,,,,,
7736,7703,,,,,
7739,0,,,,,
7740,7738,,,,,
7741,7742,,,,,
7741,7743,,,,,
7741,6760,,,,,
7744,7742,,,,,
7745,0,,,,,
7746,0,,,,,
7747,7748,,,,,
7749,7737,,,,,
7750,7751,,,,,
7750,7752,,,,,
7753,7754,,,,,
7753,7755,,,,,
7753,7752,,,,,
7756,6024,,,,,
7756,7757,,,,,
7760,7761,,,,,
7760,4492,,,,,
7767,0,,,,,
7768,7769,,,,,
7770,6477,,,,,
7770,7047,,,,,
7770,7771,,,,,
7771,5791,,,,,
7770,7772,,,,,
7773,0,,,,,
7774,2465,,,,,
7774,4739,,,,,
7774,5472,,,,,
7774,7775,,,,,
7776,7130,,,,,
7777,7693,,,,,
7777.1,7157,,,,,
7779,0,,,,,
7780,7781,,,,,
7782,6990,,,,,
7783,6120,,,,,
7783,7784,,,,,
7783,7785,,,,,
7783,7786,,,,,
7787,7788,,,,,
7788,5979,,,,,
7787,7641,,,,,
7789,7238,,,,,
7790,5471,,,,,
7790,5933,,,,,
7790,7664,,,,,
7790,7791,,,,,
7790,7792,,,,,
7793,7794,,,,,
7795,7785,,,,,
7795,7796,,,,,
7795,7797,,,,,
7798,6024,,,,,
7798,6048,,,,,
7799,0,,,,,
7800,7784,,,,,
7800,7801,,,,,
7802,6874,,,,,
7802,7139,,,,,
7803,6862,,,,,
7804,5672,,,,,
7805,7806,,,,,
7805,5371,,,,,
7807,0,,,,,
7808,0,,,,,
7809,0,,,,,
7810,0,,,,,
7811,7801,,,,,
7811,7812,,,,,
7813,7423,,,,,
7814,6146,,,,,
7815,7816,,,,,
7816,7817,,,,,
7815,7130,,,,,
7818,0,,,,,
7819,0,,,,,
7820,7821,,,,,
7821,7823,,,,,
7821,7822,,,,,
7820,6120,,,,,
7824,7825,,,,,
7824,7612,,,,,
7826,0,,,,,
7827,0,,,,,
7828,0,,,,,
7829,7830,,,,,
7829,7831,,,,,
7832,7833,,,,,
7833,5810,,,,,
7832,7834,,,,,
7832,7830,,,,,
7835,7836,,,,,
7837,7706,,,,,
7838,7714,,,,,
7839,7274,,,,,
7840,6181,,,,,
7841,7274,,,,,
7841,7842,,,,,
7843,7844,,,,,
7844,7845,,,,,
7843,7844,,,,,
7844,7845,,,,,
7843,4131,,,,,
7846,7847,,,,,
7848,5340,,,,,
7848,7849,,,,,
7848,7850,,,,,
7848,7851,,,,,
7852,0,,,,,
7853,0,,,,,
7854,7722,,,,,
7854,7781,,,,,
7855,0,,,,,
7856,7857,,,,,
7858,7859,,,,,
7858,7851,,,,,
7860,0,,,,,
7861,0,,,,,
7862,2621,,,,,
7862,7863,,,,,
7862,7863.1,,,,,
7862,7864,,,,,
7865,6574,,,,,
7865,7474,,,,,
7865,7866,,,,,
7867,0,,,,,
7868,0,,,,,
7869,0,,,,,
7870,0,,,,,
7871,7872,,,,,
7871,7873,,,,,
7874,6304,,,,,
7875,6383,,,,,
7876,5401,,,,,
7876,5425,,,,,
7876,7877,,,,,
7876,7878,,,,,
7879,0,,,,,
7880,0,,,,,
7881,0,,,,,
7882,0,,,,,
7883,0,,,,,
7884,0,,,,,
7885,0,,,,,
7886,7887,,,,,
7888,7889,,,,,
7890,5996,,,,,
7890,7891,,,,,
7892,0,,,,,
7893,0,,,,,
7894,0,,,,,
7895,7728,,,,,
7895,7896,,,,,
7897,7891,,,,,
7897,7898,,,,,
7899,7900,,,,,
7901,7902,,,,,
7901,7903,,,,,
7901,5428,,,,,
7904,0,,,,,
7905,0,,,,,
7906,0,,,,,
7907,0,,,,,
7908,7887,,,,,
7908,7909,,,,,
7910,7911,,,,,
7911,7912,,,,,
7910,7913,,,,,
7910,7914,,,,,
7910,7915,,,,,
7910,5639,,,,,
7916,0,,,,,
7917,7918,,,,,
7917,7919,,,,,
7917,7920,,,,,
7917,5913,,,,,
7921,7922,,,,,
7922,122,,,,,
7922,514,,,,,
7922,1970,,,,,
7923,7924,,,,,
7924,382,,,,,
7924,391,,,,,
7925,7926,,,,,
7926,220,,,,,
7927,7928,,,,,
7928,3202,,,,,
7929,7930,,,,,
7930,2255,,,,,
7931,7932,,,,,
7932,1606,,,,,
7933,7934,,,,,
7934,299,,,,,
7935,7936,,,,,
7936,492,,,,,
7936,153,,,,,
7936,823,,,,,
7937,7938,,,,,
7938,180,,,,,
7939,7940,,,,,
7940,1443,,,,,
7941,7942,,,,,
7941,7943,,,,,
7941,6218,,,,,
7944,7945,,,,,
7945,439,,,,,
7945,1960,,,,,
7946,7947,,,,,
7947,978,,,,,
7948,7949,,,,,
7949,3619,,,,,
7950,7951,,,,,
7951,963,,,,,
7952,7953,,,,,
7953,2510,,,,,
7954,7955,,,,,
7954,7942,,,,,
7956,7957,,,,,
7957,249,,,,,
7958,7959,,,,,
7959,7960,,,,,
7959,2184,,,,,
7961,7962,,,,,
7961,7943,,,,,
7963,7964,,,,,
7964,2165,,,,,
7965,7966,,,,,
7966,441,,,,,
7967,7968,,,,,
7968,254,,,,,
7968,824,,,,,
7969,7970,,,,,
7970,378,,,,,
7970,949,,,,,
7970,2016,,,,,
7971,7972,,,,,
7972,255,,,,,
7973,7898,,,,,
7973,7974,,,,,
7975,7976,,,,,
7976,367,,,,,
7976,395,,,,,
7977,7974,,,,,
7977,7978,,,,,
7979,7980,,,,,
7980,2461,,,,,
7981,5684,,,,,
7981,5686,,,,,
7981,6160,,,,,
7982,7983,,,,,
7982,7984,,,,,
7982,7326,,,,,
7985,7986,,,,,
7986,439,,,,,
7987,7983,,,,,
7987,7988,,,,,
7987,7989,,,,,
7990,7991,,,,,
7991,1117,,,,,
7992,6666,,,,,
7993,7994,,,,,
7993,5875,,,,,
7995,7996,,,,,
7996,670,,,,,
7997,5813,,,,,
7997,6168,,,,,
7997,7998,,,,,
7997,7999,,,,,
7997,8000,,,,,
8001,8002,,,,,
8002,240,,,,,
8002,4540,,,,,
8003,7998,,,,,
8004,8005,,,,,
8005,8006,,,,,
8004,7283,,,,,
8007,8008,,,,,
8008,809,,,,,
8009,6577,,,,,
8010,8011,,,,,
8011,1358,,,,,
8012,8013,,,,,
8013,8014,,,,,
8012,6707,,,,,
8015,8016,,,,,
8016,1738,,,,,
8017,8018,,,,,
8018,8019,,,,,
8017,8014,,,,,
8020,8021,,,,,
8021,1851,,,,,
8022,0,,,,,
8023,8024,,,,,
8024,506,,,,,
8025,6175,,,,,
8026,8027,,,,,
8027,378,,,,,
8027,1291,,,,,
8028,8029,,,,,
8029,8030,,,,,
8028,8031,,,,,
8028,7555,,,,,
8032,8033,,,,,
8033,670,,,,,
8033,798,,,,,
8034,8035,,,,,
8035,8036,,,,,
8035,8037,,,,,
8034,8030,,,,,
8038,8039,,,,,
8039,1598,,,,,
8040,8041,,,,,
8040,8042,,,,,
8040,5811,,,,,
8043,8044,,,,,
8044,2088,,,,,
8045,7455,,,,,
8046,8047,,,,,
8047,1960,,,,,
8048,8049,,,,,
8049,4698,,,,,
8048,6676,,,,,
8050,8051,,,,,
8051,8052,,,,,
8051,974,,,,,
8053,6191,,,,,
8053,8054,,,,,
8053,8055,,,,,
8056,8057,,,,,
8057,194,,,,,
8057,1411,,,,,
8058,8054,,,,,
8059,8060,,,,,
8060,4853,,,,,
8061,6991,,,,,
8062,8063,,,,,
8063,8064,,,,,
8063,1237,,,,,
8065,8066,,,,,
8065,7724,,,,,
8067,8068,,,,,
8068,366,,,,,
8069,8070,,,,,
8069,8071,,,,,
8072,8073,,,,,
8073,73,,,,,
8073,1358,,,,,
8074,8075,,,,,
8074,8076,,,,,
8074,7185,,,,,
8077,8078,,,,,
8078,2184,,,,,
8078,8079,,,,,
8080,8081,,,,,
8080,8075,,,,,
8082,8083,,,,,
8083,1638,,,,,
8083,1795,,,,,
8083,2774,,,,,
8084,8081,,,,,
8084,8085,,,,,
8086,8087,,,,,
8087,260,,,,,
8088,8089,,,,,
8088,8090,,,,,
8088,5799,,,,,
8088,6120,,,,,
8088,6142,,,,,
8091,8092,,,,,
8092,2232,,,,,
8092,1312,,,,,
8092,2016,,,,,
8093,7223,,,,,
8093,7654,,,,,
8093,8094,,,,,
8093,8095,,,,,
8093,8096,,,,,
8093,8097,,,,,
8093,8098,,,,,
8099,8100,,,,,
8100,411,,,,,
8101,5429,,,,,
8102,7506,,,,,
8103,8104,,,,,
8103,8105,,,,,
8103,5460,,,,,
8106,8107,,,,,
8107,8108,,,,,
8107,573,,,,,
8107,670,,,,,
8109,8104,,,,,
8110,8111,,,,,
8111,8112,,,,,
8111,54,,,,,
8111,73,,,,,
8113,8104,,,,,
8114,8115,,,,,
8115,3375,,,,,
8115,8116,,,,,
8117,5380,,,,,
8118,5444,,,,,
8119,100,,,,,
8119,2104,,,,,
8120,8121,,,,,
8121,633,,,,,
8121,670,,,,,
8122,6181,,,,,
8122,8124,,,,,
8122,8123,,,,,
8125,8126,,,,,
8126,1928,,,,,
8127,8128,,,,,
8127,8129,,,,,
8127,6991,,,,,
8130,8131,,,,,
8131,3619,,,,,
8132,8133,,,,,
8133,8134,,,,,
8132,5392,,,,,
8135,8136,,,,,
8136,1598,,,,,
8136,1704,,,,,
8137,8138,,,,,
8138,4620,,,,,
8137,5549,,,,,
8139,8140,,,,,
8140,1271,,,,,
8140,1599,,,,,
8140,2069,,,,,
8141,5664,,,,,
8141,7099,,,,,
8141,7226,,,,,
8141,8142,,,,,
8143,8144,,,,,
8144,1205,,,,,
8144,8145,,,,,
8146,8142,,,,,
8146,8147,,,,,
8146,8148,,,,,
8149,0,,,,,
8150,8151,,,,,
8151,2956,,,,,
8152,5468,,,,,
8153,8154,,,,,
8154,3679,,,,,
8155,8156,,,,,
8155,8157,,,,,
8158,8159,,,,,
8159,798,,,,,
8159,8160,,,,,
8161,6011,,,,,
8162,8163,,,,,
8163,8112,,,,,
8164,6206,,,,,
8165,8166,,,,,
8166,8116,,,,,
8167,6238,,,,,
8168,8169,,,,,
8169,7960,,,,,
8170,6540,,,,,
8170,8171,,,,,
8172,8173,,,,,
8173,7960,,,,,
8174,8171,,,,,
8175,8176,,,,,
8176,8145,,,,,
8176,8177,,,,,
8178,7510,,,,,
8178,8179,,,,,
8180,8181,,,,,
8181,8177,,,,,
8182,8183,,,,,
8182,8184,,,,,
8182,8185,,,,,
8182,6046,,,,,
8186,8187,,,,,
8187,8177,,,,,
8188,7704,,,,,
8189,8190,,,,,
8189,7751,,,,,
8191,7628,,,,,
8191,8192,,,,,
8191,8193,,,,,
8191,8194,,,,,
8195,8196,,,,,
8197,8193,,,,,
8197,8198,,,,,
8199,3013,,,,,
8199,190,,,,,
8200,0,,,,,
8201,0,,,,,
8202,8203,,,,,
8204,5809,,,,,
8204,6196,,,,,
8205,6171,,,,,
8205,7703,,,,,
8206,5084,,,,,
8206,6150,,,,,
8206,8207,,,,,
8208,0,,,,,
8209,0,,,,,
8210,0,,,,,
8211,0,,,,,
8212,7668,,,,,
8212,8214,,,,,
8212,8213,,,,,
8215,6220,,,,,
8215,8216,,,,,
8217,0,,,,,
8218,6160,,,,,
8218,8219,,,,,
8220,0,,,,,
8221,8184,,,,,
8221,8222,,,,,
8221,8223,,,,,
8224,8223,,,,,
8224,8225,,,,,
8224,8226,,,,,
8224,8227,,,,,
8224,8228,,,,,
8229,6173,,,,,
8229,7983,,,,,
8230,8190,,,,,
8231,8232,,,,,
8231,8233,,,,,
8234,7729,,,,,
8234,8235,,,,,
8234,8236,,,,,
8237,0,,,,,
8238,8239,,,,,
8239,81,,,,,
8240,6171,,,,,
8240,8241,,,,,
8240,8242,,,,,
8240,8243,,,,,
8240,8244,,,,,
8245,8242,,,,,
8245,8246,,,,,
8247,6217,,,,,
8247,8248,,,,,
8249,5466,,,,,
8249,8250,,,,,
8251,8250,,,,,
8251,8252,,,,,
8251,8253,,,,,
8251,8254,,,,,
8251,8255,,,,,
8251,8256,,,,,
8251,8257,,,,,
8258,6093,,,,,
8258,7751,,,,,
8258,8259,,,,,
8260,8254,,,,,
8260,8261,,,,,
8260,8262,,,,,
8263,8264,,,,,
8265,8266,,,,,
8266,8267,,,,,
8265,8261,,,,,
8268,7955,,,,,
8268,8269,,,,,
8268,8270,,,,,
8271,8272,,,,,
8272,8273,,,,,
8271,8267,,,,,
8271,8274,,,,,
8275,7955,,,,,
8276,8277,,,,,
8278,0,,,,,
8279,8280,,,,,
8280,6116,,,,,
8279,6135,,,,,
8279,8281,,,,,
8279,8280.1,,,,,
8279,8282,,,,,
8283,7738,,,,,
8284,8273,,,,,
8285,8183,,,,,
8285,8286,,,,,
8287,7738,,,,,
8287,8288,,,,,
8287,8289,,,,,
8290,0,,,,,
8291,8292,,,,,
8292,8293,,,,,
8291,1416,,,,,
8291,3250,,,,,
8294,6120,,,,,
8294,8214,,,,,
8295,8289,,,,,
8296,0,,,,,
8297,8298,,,,,
8299,8300,,,,,
8301,8190,,,,,
8302,8303,,,,,
8304,8286,,,,,
8305,8280.1,,,,,
8305,8306,,,,,
8305,8307,,,,,
8308,8309,,,,,
8310,8311,,,,,
8310,8312,,,,,
8313,8314,,,,,
8313,8315,,,,,
8316,7703,,,,,
8316,8317,,,,,
8318,0,,,,,
8319,8312,,,,,
8320,8306,,,,,
8320,8321,,,,,
8322,0,,,,,
8323,3194,,,,,
8323,3517,,,,,
8323,5244,,,,,
8323,7267,,,,,
8323,8324,,,,,
8323,8325,,,,,
8323,8326,,,,,
8327,8328,,,,,
8329,8330,,,,,
8331,7501,,,,,
8331,7784,,,,,
8331,8332,,,,,
8331,8333,,,,,
8334,8312,,,,,
8334,8335,,,,,
8336,8337,,,,,
8338,8339,,,,,
8339,6173,,,,,
8338,3553,,,,,
8338,8340,,,,,
8341,7714,,,,,
8341,8214,,,,,
8341,8342,,,,,
8343,2132,,,,,
8343,3241,,,,,
8343,5260,,,,,
8343,7866,,,,,
8344,6249,,,,,
8344,8242,,,,,
8344,8298,,,,,
8345,8274,,,,,
8345,8346,,,,,
8347,2762,,,,,
8347,3342,,,,,
8347,6120,,,,,
8347,6384,,,,,
8347,8348,,,,,
8347,8349,,,,,
8347,8350,,,,,
8351,0,,,,,
8352,8353,,,,,
8353,2050,,,,,
8353,2215,,,,,
8354,8355,,,,,
8354,8356,,,,,
8357,1295,,,,,
8357,2762,,,,,
8357,6833,,,,,
8357,8358,,,,,
8359,8360,,,,,
8361,8362,,,,,
8362,8363,,,,,
8361,5637,,,,,
8361,8364,,,,,
8361,8365,,,,,
8366,8356,,,,,
8366,8367,,,,,
8368,0,,,,,
8369,8370,,,,,
8371,8372,,,,,
8372,8373,,,,,
8371,2964,,,,,
8371,6232,,,,,
8371,8374,,,,,
8375,8376,,,,,
8375,8377,,,,,
8378,8248,,,,,
8378,8379,,,,,
8380,8379,,,,,
8380,7343,,,,,
8380,8381,,,,,
8382,3178,,,,,
8382,6012,,,,,
8382,6024,,,,,
8382,8383,,,,,
8384,8379,,,,,
8385,8386,,,,,
8385,8387,,,,,
8388,7713,,,,,
8388,7714,,,,,
8388,8389,,,,,
8388,8390,,,,,
8391,6238,,,,,
8391,7729,,,,,
8392,0,,,,,
9393,8394,,,,,
8395,8248,,,,,
8396,7847,,,,,
8396,8397,,,,,
8398,8399,,,,,
8400,5422,,,,,
8401,0,,,,,
8402,5809,,,,,
8402,8403,,,,,
8403,8404,,,,,
8405,0,,,,,
8406,8397,,,,,
8406,8407,,,,,
8408,8409,,,,,
8408,8410,,,,,
8411,8412,,,,,
8411,8413,,,,,
8411,8414,,,,,
8415,5900,,,,,
8415,8281,,,,,
8415,8416,,,,,
8417,5428,,,,,
8417,8219,,,,,
8418,2534,,,,,
8418,4606,,,,,
8418,5577,,,,,
8418,7668,,,,,
8418,8419,,,,,
8418,8420,,,,,
8421,8404,,,,,
8421,8422,,,,,
8421,8423,,,,,
8424,8425,,,,,
8424,8426,,,,,
8427,0,,,,,
8428,0,,,,,
8429,8430,,,,,
8431,0,,,,,
8432,8423,,,,,
8433,8422,,,,,
8434,8414,,,,,
8435,5284,,,,,
8435,1755,,,,,
8436,5428,,,,,
8436,6248,,,,,
8436,8437,,,,,
8436,8438,,,,,
8439,8440,,,,,
8440,1249,,,,,
8441,8442,,,,,
8442,8160,,,,,
8442,1605,,,,,
8443,8444,,,,,
8444,2681,,,,,
8445,8446,,,,,
8446,1246,,,,,
8447,8448,,,,,
8448,3955,,,,,
8449,8450,,,,,
8450,1400,,,,,
8451,8452,,,,,
8452,8453,,,,,
8452,1605,,,,,
8454,8455,,,,,
8455,565,,,,,
8455,1877,,,,,
8456,8457,,,,,
8457,2679,,,,,
8458,8459,,,,,
8459,3663,,,,,
8460,8461,,,,,
8461,917,,,,,
8462,8463,,,,,
8463,8108,,,,,
8464,8465,,,,,
8465,209,,,,,
8466,8467,,,,,
8467,177,,,,,
8468,8469,,,,,
8469,4478,,,,,
8470,8471,,,,,
8471,1928,,,,,
8472,8473,,,,,
8473,1552,,,,,
8473,8474,,,,,
8475,8476,,,,,
8476,8477,,,,,
8476,2165,,,,,
8478,8479,,,,,
8479,1011,,,,,
8480,8481,,,,,
8481,1247,,,,,
8482,1118,,,,,
8483,8484,,,,,
8484,2561,,,,,
8485,8486,,,,,
8486,8052,,,,,
8487,8488,,,,,
8488,166,,,,,
8488,573,,,,,
8489,8490,,,,,
8490,439,,,,,
8491,8492,,,,,
8492,1925,,,,,
8493,8494,,,,,
8494,378,,,,,
8495,8496,,,,,
8496,565,,,,,
8496,1218,,,,,
8497,8498,,,,,
8498,1113,,,,,
8498,1260,,,,,
8499,8500,,,,,
8500,1188,,,,,
8500,1784,,,,,
8501,8502,,,,,
8502,870,,,,,
8502,1784,,,,,
8503,8504,,,,,
8504,3112,,,,,
8504,8453,,,,,
8505,8506,,,,,
8506,820,,,,,
8507,8508,,,,,
8508,796,,,,,
8508,8108,,,,,
8509,8510,,,,,
8510,1232,,,,,
8511,8512,,,,,
8512,803,,,,,
8513,8514,,,,,
8514,247,,,,,
8514,249,,,,,
8515,8516,,,,,
8516,660,,,,,
8516,704,,,,,
8517,8518,,,,,
8518,1851,,,,,
8518,1925,,,,,
8519,8520,,,,,
8520,247,,,,,
8521,8522,,,,,
8522,4540,,,,,
8523,8524,,,,,
8524,1938,,,,,
8525,8526,,,,,
8526,1605,,,,,
8527,1264,,,,,
8527,2526,,,,,
8528,8529,,,,,
8529,4046,,,,,
8530,8531,,,,,
8531,2883,,,,,
8532,8533,,,,,
8533,1893,,,,,
8534,8535,,,,,
8535,8064,,,,,
8535,635,,,,,
8536,8537,,,,,
8537,904,,,,,
8537,8064,,,,,
8538,8539,,,,,
8539,913,,,,,
8539,8540,,,,,
8541,0,,,,,
8542,2184,,,,,
8543,8544,,,,,
8544,8453,,,,,
8545,571,,,,,
8546,8547,,,,,
8547,5834,,,,,
8548,8549,,,,,
8549,6118,,,,,
8550,8551,,,,,
8551,704,,,,,
8552,8553,,,,,
8553,322,,,,,
8554,8555,,,,,
8555,2173,,,,,
8556,8557,,,,,
8557,1481,,,,,
8558,8559,,,,,
8559,12,,,,,
8559,1188,,,,,
8560,8561,,,,,
8561,3795,,,,,
8562,8563,,,,,
8563,8564,,,,,
8563,763,,,,,
8563,2008,,,,,
8565,8566,,,,,
8566,832,,,,,
8567,8568,,,,,
8568,189,,,,,
8569,8570,,,,,
8570,904,,,,,
8571,8572,,,,,
8572,1163,,,,,
8573,8574,,,,,
8574,629,,,,,
8575,8576,,,,,
8576,2171,,,,,
8576,2827,,,,,
8577,8578,,,,,
8578,3201,,,,,
8579,8580,,,,,
8580,95,,,,,
8581,8582,,,,,
8582,8474,,,,,
8582,1772,,,,,
8582,4241,,,,,
8583,8584,,,,,
8584,4285,,,,,
8585,8586,,,,,
8586,4489,,,,,
8587,8588,,,,,
8588,1409,,,,,
8589,8590,,,,,
8590,576,,,,,
8590,925,,,,,
8590,1217,,,,,
8590,8591,,,,,
8592,8593,,,,,
8593,704,,,,,
8594,8595,,,,,
8595,2153,,,,,
8596,8597,,,,,
8597,8598,,,,,
8597,1737,,,,,
8597,1795,,,,,
8598,544,,,,,
8599,8600,,,,,
8600,8598,,,,,
8601,3,,,,,
8601,2282,,,,,
8602,8603,,,,,
8603,2215,,,,,
8604,8605,,,,,
8605,576,,,,,
8606,8607,,,,,
8607,779,,,,,
8608,8609,,,,,
8609,3201,,,,,
8610,8611,,,,,
8611,1552,,,,,
8611,2968,,,,,
8612,8613,,,,,
8613,410,,,,,
8614,8615,,,,,
8615,2694,,,,,
8615,1077,,,,,
8616,8617,,,,,
8617,360,,,,,
8617,506,,,,,
8618,8619,,,,,
8619,4224,,,,,
8620,8621,,,,,
8621,864,,,,,
8622,8623,,,,,
8623,757,,,,,
8624,8625,,,,,
8625,1398,,,,,
8626,8627,,,,,
8627,1227,,,,,
8628,8629,,,,,
8629,549,,,,,
8630,8631,,,,,
8631,1149,,,,,
8631,1322,,,,,
8631,1538,,,,,
8632,8633,,,,,
8633,8564,,,,,
8634,8635,,,,,
8635,4084,,,,,
8636,0,,,,,
8637,8638,,,,,
8638,904,,,,,
8639,8640,,,,,
8640,746,,,,,
8641,8642,,,,,
8642,1149,,,,,
8642,2856,,,,,
8643,8644,,,,,
8644,8540,,,,,
8644,967,,,,,
8645,8646,,,,,
8646,184,,,,,
8646,450,,,,,
8647,8648,,,,,
8648,611,,,,,
8649,8650,,,,,
8650,763,,,,,
8651,8652,,,,,
8652,961,,,,,
8652,2313,,,,,
8651,2827,,,,,
8653,8654,,,,,
8654,714,,,,,
8654,1670,,,,,
8654,4031,,,,,
8655,8656,,,,,
8656,7542,,,,,
8656,1420,,,,,
8657,8658,,,,,
8658,1966,,,,,
8658,8659,,,,,
8660,8661,,,,,
8661,1750,,,,,
8661,8659,,,,,
8662,1437,,,,,
8663,269,,,,,
8663,1931,,,,,
8663,2947,,,,,
8664,8665,,,,,
8665,602,,,,,
8666,8667,,,,,
8667,2824,,,,,
8668,8669,,,,,
8669,593,,,,,
8669,602,,,,,
8670,8671,,,,,
8671,2112,,,,,
8670,8672,,,,,
8673,8674,,,,,
8674,8672,,,,,
4118,2238,,,,,
8675,8676,,,,,
8676,2353,,,,,
8676,4165,,,,,
8677,8678,,,,,
8678,1874,,,,,
8678,2343,,,,,
8678,4244,,,,,
8678,6391,,,,,
8679,8680,,,,,
8680,234,,,,,
8680,748,,,,,
8680,2008,,,,,
8680,8681,,,,,
8682,8683,,,,,
8683,8681,,,,,
8684,8685,,,,,
8685,8681,,,,,
8685,621,,,,,
8686,1663,,,,,
8687,993,,,,,
8688,1053,,,,,
8688,1057,,,,,
8689,1570,,,,,
8690,0,,,,,
8691,8692,,,,,
8692,8693,,,,,
8692,1803,,,,,
8694,1399,,,,,
8694,1208,,,,,
8695,127,,,,,
8695,887,,,,,
8695,1052,,,,,
8701,1627,,,,,
8703,278,,,,,
8703,2942,,,,,
8703,2868,,,,,
8704,46,,,,,
8704,774,,,,,
8711,1653,,,,,
8711,4228,,,,,
8718,7498,,,,,
8719,8720,,,,,
8720,7559,,,,,
8719,8721,,,,,
8722,8723,,,,,
8723,1498,,,,,
8723,1490,,,,,
8723,8696,,,,,
8724,8725,,,,,
8725,1037,,,,,
8725,8694,,,,,
8726,8727,,,,,
8727,8694,,,,,
8728,8729,,,,,
8729,446,,,,,
8730,8731,,,,,
8731,997,,,,,
8732,8733,,,,,
8733,8697,,,,,
8734,8735,,,,,
8735,574,,,,,
8735,8696,,,,,
8736,8737,,,,,
8737,8697,,,,,
8737,1605,,,,,
8738,8739,,,,,
8739,8698,,,,,
8740,8741,,,,,
8741,254,,,,,
8742,8743,,,,,
8743,1533,,,,,
8743,2523,,,,,
8744,8745,,,,,
8745,8699,,,,,
8746,8747,,,,,
8747,1521,,,,,
8748,8749,,,,,
8749,8696,,,,,
8749,8698,,,,,
8750,8751,,,,,
8751,397,,,,,
8752,8753,,,,,
8753,8699,,,,,
8753,8700,,,,,
8754,8755,,,,,
8755,8702,,,,,
8756,8757,,,,,
8757,565,,,,,
8758,8759,,,,,
8759,8702,,,,,
8760,8761,,,,,
8761,8703,,,,,
8762,8763,,,,,
8763,21,,,,,
8764,8765,,,,,
8765,1354,,,,,
8765,366,,,,,
8765,2723,,,,,
8766,8767,,,,,
8767,298,,,,,
8767,8700,,,,,
8768,8769,,,,,
8769,573,,,,,
8769,8601,,,,,
8770,8771,,,,,
8771,1448,,,,,
8772,3176,,,,,
8772,1867,,,,,
8772,1878,,,,,
8773,8774,,,,,
8774,8700,,,,,
8775,8776,,,,,
8776,2321,,,,,
8776,2931,,,,,
8776,8777,,,,,
8776,8778,,,,,
8778,1417,,,,,
8779,8780,,,,,
8780,2256,,,,,
8780,8777,,,,,
8780,8709,,,,,
8781,8782,,,,,
8782,3070,,,,,
8783,8784,,,,,
8784,2328,,,,,
8784,3258,,,,,
8785,8786,,,,,
8786,1960,,,,,
8786,8705,,,,,
8787,8788,,,,,
8788,1606,,,,,
8789,8790,,,,,
8790,1115,,,,,
8790,1738,,,,,
8790,2982,,,,,
8790,8702,,,,,
8791,8792,,,,,
8792,8705,,,,,
8793,8794,,,,,
8794,3049,,,,,
8794,8698,,,,,
8795,8796,,,,,
8796,2025,,,,,
8796,3020,,,,,
8797,8798,,,,,
8798,1078,,,,,
8798,3055,,,,,
8799,8800,,,,,
8800,2828,,,,,
8800,8699,,,,,
8801,8802,,,,,
8802,2956,,,,,
8802,2016,,,,,
8803,8804,,,,,
8804,8112,,,,,
8805,8806,,,,,
8806,2523,,,,,
8806,3024,,,,,
8806,3027,,,,,
8807,8808,,,,,
8808,8809,,,,,
8808,1078,,,,,
8810,8811,,,,,
8811,8697,,,,,
8811,8701,,,,,
8811,8706,,,,,
8812,8813,,,,,
8813,8702,,,,,
8814,8815,,,,,
8815,8707,,,,,
8816,8817,,,,,
8817,1138,,,,,
8818,8819,,,,,
8819,1232,,,,,
8819,1243,,,,,
8820,8821,,,,,
8821,8708,,,,,
8822,2961,,,,,
8823,1789,,,,,
8824,0,,,,,
8825,8826,,,,,
8826,8695,,,,,
8827,8828,,,,,
8828,1095,,,,,
8828,8707,,,,,
8829,8830,,,,,
8830,1838,,,,,
8831,8832,,,,,
8832,8833,,,,,
1436,8833,,,,,
8834,8835,,,,,
8835,2275,,,,,
8835,8116,,,,,
8835,1949,,,,,
8836,8837,,,,,
8837,971,,,,,
8837,1533,,,,,
8837,2433,,,,,
8838,8839,,,,,
8839,697,,,,,
8840,8841,,,,,
8841,1117,,,,,
8841,8119,,,,,
8842,8843,,,,,
8843,1327,,,,,
8844,8845,,,,,
8845,1271,,,,,
8845,8709,,,,,
8846,8847,,,,,
8847,685,,,,,
8847,8710,,,,,
8848,8849,,,,,
8849,1355,,,,,
8850,8851,,,,,
8851,1261,,,,,
8851,8710,,,,,
8852,8853,,,,,
8853,3070,,,,,
8854,8855,,,,,
8855,3062,,,,,
8855,3076,,,,,
8856,8857,,,,,
8857,8435,,,,,
8858,8859,,,,,
8859,219,,,,,
8859,9,,,,,
8860,8861,,,,,
8861,8686,,,,,
8862,8863,,,,,
8863,31,,,,,
8863,8119,,,,,
8864,8865,,,,,
8865,1232,,,,,
8866,8867,,,,,
8867,1250,,,,,
8867,8707,,,,,
8867,8712,,,,,
8868,8869,,,,,
8869,8708,,,,,
8870,8871,,,,,
8871,1504,,,,,
8871,2723,,,,,
8872,8873,,,,,
8873,397,,,,,
8874,8875,,,,,
8875,1066,,,,,
8875,3058,,,,,
8876,8877,,,,,
8877,25,,,,,
8877,1116,,,,,
8878,8879,,,,,
8879,2259,,,,,
8879,1375,,,,,
8879,8662,,,,,
8880,8881,,,,,
8881,2982,,,,,
8882,8883,,,,,
8883,1925,,,,,
8884,8885,,,,,
8885,8705,,,,,
8886,8887,,,,,
8887,8711,,,,,
8888,8889,,,,,
8889,1085,,,,,
8889,1521,,,,,
8889,1445,,,,,
8890,8891,,,,,
8891,8706,,,,,
8892,3160,,,,,
8892,2846,,,,,
8893,1307,,,,,
8894,1939,,,,,
8894,1759,,,,,
8895,252,,,,,
8896,2312,,,,,
8897,2118,,,,,
8897,609,,,,,
8898,0,,,,,
8899,1998,,,,,
8899,2518,,,,,
8900,0,,,,,
8901,0,,,,,
8902,1902,,,,,
8903,0,,,,,
8904,0,,,,,
8905,0,,,,,
8906,0,,,,,
8907,0,,,,,
8908,0,,,,,
8909,0,,,,,
8910,2308,,,,,
8911,8912,,,,,
8912,1113,,,,,
8912,2149,,,,,
8912,8482,,,,,
8913,8914,,,,,
8914,1358,,,,,
8915,8916,,,,,
8916,1562,,,,,
8917,8918,,,,,
8918,254,,,,,
8918,1599,,,,,
8918,2329,,,,,
8919,8920,,,,,
8920,8713,,,,,
8921,8922,,,,,
8922,3075,,,,,
8923,8456,,,,,
8923,997,,,,,
8924,8925,,,,,
8925,2009,,,,,
8926,8927,,,,,
8927,2857,,,,,
8927,2134,,,,,
8928,8929,,,,,
8929,881,,,,,
8930,8931,,,,,
8931,8709,,,,,
8932,8933,,,,,
8933,4562,,,,,
8934,8935,,,,,
8935,1358,,,,,
8936,8937,,,,,
8937,8687,,,,,
8938,8939,,,,,
8939,2736,,,,,
8940,0,,,,,
8941,0,,,,,
8943,8944,,,,,
8944,8145,,,,,
8942,0,,,,,
8945,8946,,,,,
8946,1138,,,,,
8947,8948,,,,,
8948,8711,,,,,
8949,8950,,,,,
8950,909,,,,,
8950,8714,,,,,
8951,8952,,,,,
8952,4450,,,,,
8953,8954,,,,,
8954,8955,,,,,
8956,8957,,,,,
8957,8700,,,,,
8958,8959,,,,,
8959,1205,,,,,
8960,8961,,,,,
8961,1463,,,,,
8962,8963,,,,,
8963,3050,,,,,
8964,8965,,,,,
8965,8199,,,,,
8965,8715,,,,,
8966,8967,,,,,
8967,8716,,,,,
8968,8969,,,,,
8969,8716,,,,,
8970,8971,,,,,
8971,1099,,,,,
8972,8973,,,,,
8973,939,,,,,
8974,8975,,,,,
8975,2740,,,,,
8975,8717,,,,,
8976,8977,,,,,
8977,1269,,,,,
8978,8979,,,,,
8979,1285,,,,,
8979,8716,,,,,
8980,8981,,,,,
8981,8477,,,,,
8981,497,,,,,
8982,8983,,,,,
8983,8955,,,,,
8984,0,,,,,
8985,8986,,,,,
8986,8809,,,,,
8987,8721,,,,,
8988,8989,,,,,
8989,8693,,,,,
8989,2495,,,,,
8989,4310,,,,,
8988,1695,,,,,
8990,8991,,,,,
8991,2625,,,,,
8991,8992,,,,,
8993,8994,,,,,
8994,8992,,,,,
8995,8996,,,,,
8996,8992,,,,,
8996,746,,,,,
8997,8998,,,,,
8998,239,,,,,
8999,9000,,,,,
9000,692,,,,,
9001,9002,,,,,
9002,67,,,,,
9002,767,,,,,
9002,8591,,,,,
9003,9004,,,,,
9004,632,,,,,
9005,9006,,,,,
9006,1813,,,,,
9007,9008,,,,,
9008,651,,,,,
9009,9010,,,,,
9010,926,,,,,
9011,9012,,,,,
9012,2127,,,,,
9013,9014,,,,,
9014,1009,,,,,
9015,9016,,,,,
9016,4029,,,,,
9017,9018,,,,,
9018,7542,,,,,
9019,9020,,,,,
9020,4283,,,,,
9021,9022,,,,,
9022,1757,,,,,
9022,9023,,,,,
9024,9025,,,,,
9025,9023,,,,,
9026,9027,,,,,
9027,4245,,,,,
9027,9023,,,,,
9028,9029,,,,,
9029,1010,,,,,
9029,2403,,,,,
9028,9,,,,,
9030,9031,,,,,
9031,4413,,,,,
9032,9033,,,,,
9033,481,,,,,
9033,1568,,,,,
9033,1675,,,,,
9034,0,,,,,
9035,9036,,,,,
9036,3705,,,,,
9037,9038,,,,,
9038,1813,,,,,
9037,1925,,,,,
9039,9040,,,,,
9040,1267,,,,,
9040,1442,,,,,
9041,9042,,,,,
9042,621,,,,,
9043,9044,,,,,
9044,2340,,,,,
9045,9046,,,,,
9046,1441,,,,,
9047,9048,,,,,
9048,678,,,,,
9049,9050,,,,,
9050,1649,,,,,
9051,9052,,,,,
9052,1314,,,,,
9053,9054,,,,,
9054,1428,,,,,
9054,9055,,,,,
9056,9057,,,,,
9057,9055,,,,,
9058,9059,,,,,
9059,9055,,,,,
9060,9061,,,,,
9061,1706,,,,,
9062,9063,,,,,
9063,339,,,,,
9064,9065,,,,,
9065,6321,,,,,
9064,1260,,,,,
9066,9067,,,,,
9067,3187,,,,,
9067,1916,,,,,
9068,9069,,,,,
9069,1721,,,,,
9069,1652,,,,,
9069,1692,,,,,
9070,9071,,,,,
9071,393,,,,,
9072,9073,,,,,
9073,2198,,,,,
9074,9075,,,,,
9075,2024,,,,,
9075,1649,,,,,
781,1694,,,,,
9076,9077,,,,,
9077,4114,,,,,
9078,9079,,,,,
9079,228,,,,,
9080,9081,,,,,
9081,4576,,,,,
9081,3145,,,,,
9082,9083,,,,,
9083,3974,,,,,
9084,9085,,,,,
9085,3974,,,,,
9085,1157,,,,,
9086,9087,,,,,
9087,542,,,,,
9088,9089,,,,,
9089,6277,,,,,
9090,9091,,,,,
9091,5026,,,,,
9091,9092,,,,,
9093,9092,,,,,
9094,9095,,,,,
9095,1043,,,,,
9096,9097,,,,,
9097,1892,,,,,
9098,9099,,,,,
9099,6340,,,,,
9100,9101,,,,,
9101,399,,,,,
9102,9103,,,,,
9103,542,,,,,
9104,9105,,,,,
9105,393,,,,,
9105,291,,,,,
9105,9106,,,,,
9107,9106,,,,,
9108,9109,,,,,
9109,1363,,,,,
9110,9111,,,,,
9111,318,,,,,
9112,9113,,,,,
9113,2917,,,,,
9114,9115,,,,,
9115,2917,,,,,
9116,9117,,,,,
9117,340,,,,,
9117,782,,,,,
9118,9119,,,,,
9119,4576,,,,,
9120,9121,,,,,
9121,4208,,,,,
9121,654,,,,,
9122,9123,,,,,
9123,1597,,,,,
9123,651,,,,,
9124,9125,,,,,
9125,1283,,,,,
9125,340,,,,,
9124,1146,,,,,
9126,9127,,,,,
9127,1652,,,,,
9128,9129,,,,,
9129,4275,,,,,
9130,9131,,,,,
9131,5157,,,,,
9132,9133,,,,,
9133,5148,,,,,
9134,9135,,,,,
9135,1805,,,,,
9136,9137,,,,,
9137,319,,,,,
9137,271,,,,,
9138,0,,,,,
9139,9140,,,,,
9140,4531,,,,,
9141,0,,,,,
9142,0,,,,,
9143,0,,,,,
9144,0,,,,,
9145,9146,,,,,
9147,0,,,,,
9148,9146,,,,,
9148,4478,,,,,
9149,9150,,,,,
9150,3800,,,,,
9150,128,,,,,
9150,204,,,,,
9149,9151,,,,,
9152,9153,,,,,
9153,4220,,,,,
9154,9155,,,,,
9155,6342,,,,,
9156,9157,,,,,
9157,1826,,,,,
9157,3188,,,,,
9157,3277,,,,,
9158,9159,,,,,
9159,4249,,,,,
9159,736,,,,,
9159,1955,,,,,
9160,9161,,,,,
9161,3800,,,,,
9162,9163,,,,,
9163,1112,,,,,
9164,9165,,,,,
9165,4196,,,,,
9165,3277,,,,,
9164,298,,,,,
9166,9167,,,,,
9167,1502,,,,,
9167,961,,,,,
9168,9169,,,,,
9169,2495,,,,,
9169,624,,,,,
9169,2005,,,,,
9168,9170,,,,,
9171,9172,,,,,
9172,9170,,,,,
9173,9174,,,,,
9174,2485,,,,,
9175,9176,,,,,
9176,1725,,,,,
9176,9177,,,,,
9178,9179,,,,,
9179,9177,,,,,
9180,9181,,,,,
9181,9177,,,,,
9182,9183,,,,,
9183,1989,,,,,
9184,9185,,,,,
9185,1805,,,,,
9186,9187,,,,,
9187,6321,,,,,
9188,9189,,,,,
9189,3467,,,,,
9190,9191,,,,,
9191,1207,,,,,
9192,9193,,,,,
9193,1422,,,,,
9194,9195,,,,,
9195,4399,,,,,
9196,9197,,,,,
9197,453,,,,,
9198,9199,,,,,
9199,4033,,,,,
9200,9201,,,,,
9201,3416,,,,,
9201,9202,,,,,
9200,336,,,,,
9203,9204,,,,,
9204,9202,,,,,
9205,9206,,,,,
9206,1438,,,,,
9206,9202,,,,,
9207,9208,,,,,
9208,4439,,,,,
9209,9210,,,,,
9210,1567,,,,,
9210,9211,,,,,
9212,9211,,,,,
9212,1349,,,,,
9213,9214,,,,,
9214,3655,,,,,
9214,9215,,,,,
9216,9217,,,,,
9217,9215,,,,,
9218,9219,,,,,
9219,9215,,,,,
9219,2837,,,,,
9220,9221,,,,,
9221,6367,,,,,
9222,9223,,,,,
9223,4412,,,,,
9223,163,,,,,
9223,2227,,,,,
9224,9225,,,,,
9225,27,,,,,
9226,9227,,,,,
9227,2320,,,,,
9228,9229,,,,,
9229,1641,,,,,
9230,9231,,,,,
9231,3596,,,,,
9232,9233,,,,,
9233,4412,,,,,
9233,9234,,,,,
9235,8077,,,,,
9235,9236,,,,,
9237,0,,,,,
9238,9239,,,,,
9239,9234,,,,,
9239,6849,,,,,
9240,9241,,,,,
9241,3278,,,,,
9242,9243,,,,,
9243,1210,,,,,
9244,9245,,,,,
9245,529,,,,,
9246,9247,,,,,
9247,4033,,,,,
9247,444,,,,,
9247,1001,,,,,
9247,1002,,,,,
9247,2554,,,,,
9247,2555,,,,,
9248,0,,,,,
9249,0,,,,,
9250,9251,,,,,
9252,9253,,,,,
9254,0,,,,,
9255,9256,,,,,
9256,5056,,,,,
9255,9257,,,,,
9255,9258,,,,,
9259,4582,,,,,
9259,9260,,,,,
9261,4167,,,,,
9262,0,,,,,
9263,2242,,,,,
9264,9265,,,,,
9265,1005,,,,,
9265,1320,,,,,
9265,9266,,,,,
9267,0,,,,,
9268,0,,,,,
9269,0,,,,,
9270,9271,,,,,
9272,0,,,,,
9273,0,,,,,
9274,0,,,,,
9275,0,,,,,
9276,0,,,,,
9277,9278,,,,,
9278,1160,,,,,
9279,4480,,,,,
9279,9280,,,,,
9281,0,,,,,
9282,0,,,,,
9283,9284,,,,,
9284,9285,,,,,
9284,826,,,,,
9286,0,,,,,
9287,9288,,,,,
9288,2542,,,,,
9287,2788,,,,,
9287,3159,,,,,
9287,5128,,,,,
9289,0,,,,,
9290,0,,,,,
9291,0,,,,,
9292,9293,,,,,
9293,4815,,,,,
9292,9294,,,,,
9295,9296,,,,,
9296,6610,,,,,
9295,4892,,,,,
9297,2411,,,,,
9297,2855,,,,,
9298,1098,,,,,
9298,1926,,,,,
9299,0,,,,,
9300,0,,,,,
9301,0,,,,,
9302,0,,,,,
9303,9304,,,,,
9304,9305,,,,,
9306,9307,,,,,
9307,390,,,,,
9308,0,,,,,
9309,9310,,,,,
9310,9311,,,,,
9310,9312,,,,,
9313,9314,,,,,
9314,6283,,,,,
9313,9315,,,,,
9315,1462,,,,,
9316,9317,,,,,
9317,3350,,,,,
9318,9319,,,,,
9319,1701,,,,,
9320,9321,,,,,
9321,2133,,,,,
9321,2495,,,,,
9321,4310,,,,,
9322,9323,,,,,
9323,3164,,,,,
9324,9325,,,,,
9325,1021,,,,,
9326,9327,,,,,
9327,6309,,,,,
9328,9329,,,,,
9329,982,,,,,
9330,9331,,,,,
9331,908,,,,,
9332,9333,,,,,
9333,3928,,,,,
9334,9335,,,,,
9335,1156,,,,,
9335,1791,,,,,
9336,9337,,,,,
9337,1183,,,,,
9338,9339,,,,,
9339,2495,,,,,
9340,9341,,,,,
9341,2362,,,,,
9342,9343,,,,,
9343,2161,,,,,
9343,4565,,,,,
9344,9345,,,,,
9345,3285,,,,,
9344,654,,,,,
9346,9347,,,,,
9347,2908,,,,,
9348,9349,,,,,
9349,1380,,,,,
9350,9351,,,,,
9351,2120,,,,,
9351,5144,,,,,
9352,9353,,,,,
9353,3159,,,,,
9354,9355,,,,,
9355,197,,,,,
9355,4406,,,,,
9356,9357,,,,,
9357,1357,,,,,
9358,9359,,,,,
9359,775,,,,,
9360,9361,,,,,
9361,290,,,,,
9362,9363,,,,,
9363,3164,,,,,
9364,9365,,,,,
9365,1720,,,,,
9366,9367,,,,,
9367,546,,,,,
9368,9369,,,,,
9369,6499,,,,,
9369,2463,,,,,
9370,9371,,,,,
9371,9251,,,,,
9372,9373,,,,,
9373,9260,,,,,
9374,9375,,,,,
9375,9285,,,,,
9376,9377,,,,,
9377,9285,,,,,
9377,2551,,,,,
9378,9379,,,,,
9379,4160,,,,,
9378,1298,,,,,
9378,1472,,,,,
9378,1558,,,,,
9378,2033,,,,,
9380,1346,,,,,
9381,0,,,,,
9382,9383,,,,,
9384,9385,,,,,
9385,559,,,,,
9386,2503,,,,,
9387,0,,,,,
9388,9389,,,,,
9389,695,,,,,
9390,9391,,,,,
9392,9393,,,,,
9393,2115,,,,,
9394,2352,,,,,
9395,9396,,,,,
9397,5182,,,,,
9397,2175,,,,,
9398,0,,,,,
9399,0,,,,,
9400,9401,,,,,
9402,9403,,,,,
9403,9404,,,,,
9402,3250,,,,,
9405,6339,,,,,
9406,9407,,,,,
9407,6784,,,,,
9406,9408,,,,,
9409,0,,,,,
9410,0,,,,,
9411,9412,,,,,
9412,7006,,,,,
9412,1468,,,,,
9412,1579,,,,,
9413,3495,,,,,
9414,9415,,,,,
9415,9416,,,,,
9417,0,,,,,
9418,0,,,,,
9419,9420,,,,,
9420,9421,,,,,
9419,6734,,,,,
9422,9423,,,,,
9423,7008,,,,,
9422,9424,,,,,
9422,9425,,,,,
9426,9427,,,,,
9427,4663,,,,,
9426,9428,,,,,
9426,9429,,,,,
9430,9431,,,,,
2240,9432,,,,,
2251,9432,,,,,
9433,9294,,,,,
9434,0,,,,,
9435,0,,,,,
9436,0,,,,,
9437,0,,,,,
9438,0,,,,,
9439,9440,,,,,
9440,9441,,,,,
9442,0,,,,,
9443,0,,,,,
9444,0,,,,,
9445,0,,,,,
9446,9447,,,,,
9447,5877,,,,,
9448,0,,,,,
9449,2242,,,,,
9449,9450,,,,,
9451,9450,,,,,
9452,9453,,,,,
9454,9455,,,,,
9456,0,,,,,
9457,3007,,,,,
9457,4309,,,,,
9457,9458,,,,,
9459,9460,,,,,
9460,1836,,,,,
9460,2305,,,,,
9461,2917,,,,,
9461,9462,,,,,
9463,9464,,,,,
9464,3582,,,,,
9465,9466,,,,,
9466,4091,,,,,
9467,9468,,,,,
9468,6318,,,,,
9468,1384,,,,,
9468,2430,,,,,
9469,9470,,,,,
9470,6339,,,,,
9471,9472,,,,,
9472,1407,,,,,
9472,6998,,,,,
9473,9474,,,,,
9474,2548,,,,,
9474,4643,,,,,
9475,9476,,,,,
9476,4297,,,,,
9476,9477,,,,,
9475,4467,,,,,
9255,9477,,,,,
9478,9479,,,,,
9479,9462,,,,,
9480,9481,,,,,
9481,6451,,,,,
9481,1478,,,,,
9482,9483,,,,,
9483,6823,,,,,
9484,9485,,,,,
9485,807,,,,,
9486,9487,,,,,
9487,6512,,,,,
9488,9489,,,,,
9489,2381,,,,,
9490,9491,,,,,
9491,2548,,,,,
9492,9493,,,,,
9493,7348,,,,,
9494,9495,,,,,
9495,4149,,,,,
9496,9497,,,,,
9497,3589,,,,,
9497,4149,,,,,
9498,9499,,,,,
9499,6589,,,,,
9500,9501,,,,,
9501,4293,,,,,
9502,9503,,,,,
9503,1288,,,,,
9504,9505,,,,,
9505,3735,,,,,
9506,9507,,,,,
9507,2327,,,,,
9508,9509,,,,,
9509,2502,,,,,
9510,9511,,,,,
9511,2908,,,,,
9512,9513,,,,,
9513,3415,,,,,
9514,9515,,,,,
9515,283,,,,,
9516,9517,,,,,
9517,2552,,,,,
9518,9519,,,,,
9519,4293,,,,,
9518,445,,,,,
9518,3773,,,,,
9518,4158,,,,,
9520,0,,,,,
9521,9522,,,,,
9522,1132,,,,,
9523,9524,,,,,
9524,4812,,,,,
9524,4643,,,,,
9524,687,,,,,
9525,9526,,,,,
9526,4063,,,,,
9526,6795,,,,,
9527,0,,,,,
9528,0,,,,,
9530,2860,,,,,
9531,0,,,,,
9532,0,,,,,
9533,0,,,,,
9534,0,,,,,
9535,9536,,,,,
9536,1379,,,,,
9537,9538,,,,,
9537,6283,,,,,
9539,2502,,,,,
9540,0,,,,,
9541,0,,,,,
9542,9543,,,,,
9543,6689,,,,,
9543,556,,,,,
9543,2541,,,,,
9547,9548,,,,,
9549,0,,,,,
9550,1754,,,,,
9551,9552,,,,,
9552,390,,,,,
9553,9554,,,,,
9554,6598,,,,,
9555,9408,,,,,
9556,0,,,,,
9557,0,,,,,
9558,0,,,,,
9559,0,,,,,
9560,0,,,,,
9561,0,,,,,
9562,9563,,,,,
9563,6649,,,,,
9564,0,,,,,
9565,0,,,,,
9566,0,,,,,
9567,9568,,,,,
9568,2642,,,,,
9569,0,,,,,
9570,9571,,,,,
9571,9416,,,,,
9571,3232,,,,,
9572,0,,,,,
9573,0,,,,,
9574,9280,,,,,
9575,9576,,,,,
9576,9577,,,,,
9578,0,,,,,
9579,0,,,,,
9580,0,,,,,
9581,0,,,,,
9582,0,,,,,
9583,0,,,,,
9584,9585,,,,,
9585,7141,,,,,
9586,0,,,,,
9587,3491,,,,,
9587,9258,,,,,
9588,9589,,,,,
9590,0,,,,,
9591,2126,,,,,
9591,2633,,,,,
9591,4033,,,,,
9591,9592,,,,,
9591,9593,,,,,
9594,1542,,,,,
9595,0,,,,,
9596,0,,,,,
9597,1556,,,,,
9597,3672,,,,,
9598,9599,,,,,
9599,9600,,,,,
9598,3515,,,,,
9598,9601,,,,,
9602,9603,,,,,
9603,9604,,,,,
9602,1499,,,,,
9602,9605,,,,,
9606,0,,,,,
9607,9608,,,,,
9608,2959,,,,,
9609,9610,,,,,
9610,1731,,,,,
9611,9612,,,,,
9612,6454,,,,,
9613,9614,,,,,
9614,1331,,,,,
9615,9616,,,,,
9616,1007,,,,,
9616,9617,,,,,
9618,9619,,,,,
9619,427,,,,,
9619,9620,,,,,
9618,5152,,,,,
9621,0,,,,,
9622,0,,,,,
9623,9624,,,,,
9624,4610,,,,,
9625,9626,,,,,
9626,3602,,,,,
9627,9628,,,,,
9628,2783,,,,,
9629,9630,,,,,
9630,1841,,,,,
9631,9632,,,,,
9632,3082,,,,,
9633,9634,,,,,
9634,843,,,,,
9635,9636,,,,,
9636,6581,,,,,1+A9961
9636,9637,,,,,
9638,9639,,,,,
9639,2087,,,,,
9640,9641,,,,,
9641,3394,,,,,
9642,9643,,,,,
9643,6451,,,,,
9643,1478,,,,,
9644,9645,,,,,
9645,6394,,,,,
9645,1213,,,,,
9645,1395,,,,,
9644,4357,,,,,
9646,9647,,,,,
9647,687,,,,,
9647,3735,,,,,
9648,9649,,,,,
9649,501,,,,,
9650,9651,,,,,
9651,4688,,,,,
9652,9653,,,,,
9653,1136,,,,,
9653,9654,,,,,
9655,9654,,,,,
9656,9657,,,,,
9657,6543,,,,,
9657,6614,,,,,
9658,9659,,,,,
9659,3394,,,,,
9660,9661,,,,,
9661,2567,,,,,
9662,9663,,,,,
9663,552,,,,,
9663,1462,,,,,
9664,9665,,,,,
9665,2610,,,,,
9666,9667,,,,,
9667,735,,,,,
9666,4241,,,,,
9666,5171,,,,,
9668,9669,,,,,
9669,1007,,,,,
9670,9671,,,,,
9671,1346,,,,,
9671,3710,,,,,
9672,9673,,,,,
9673,9601,,,,,
9674,9675,,,,,
9675,9605,,,,,
9675,9676,,,,,
9677,9678,,,,,
9678,2911,,,,,
9679,9680,,,,,
9680,6630,,,,,
9681,0,,,,,
9682,9683,,,,,
9683,9684,,,,,
9682,163,,,,,
9685,0,,,,,
9686,9687,,,,,
9687,9688,,,,,
9686,1171,,,,,
9686,1555,,,,,
9689,9690,,,,,
9690,4608,,,,,
9689,2652,,,,,
9691,0,,,,,
9692,9693,,,,,
9693,2614,,,,,
9694,0,,,,,
9695,0,,,,,
9696,9257,,,,,
9697,0,,,,,
9698,3671,,,,,
9698,9699,,,,,
9700,9701,,,,,
9701,2704,,,,,
9700,640,,,,,
9702,9703,,,,,
9702,9704,,,,,
9705,1385,,,,,
9706,0,,,,,
9707,9708,,,,,
9708,9709,,,,,
9710,9711,,,,,
9711,4051,,,,,
9712,0,,,,,
9713,0,,,,,
9714,0,,,,,
9715,9716,,,,,
9716,4513,,,,,
9717,9718,,,,,
9719,0,,,,,
9720,9721,,,,,
9721,834,,,,,
9722,0,,,,,
9723,9724,,,,,
9724,7593,,,,,
9725,0,,,,,
9726,3569,,,,,
9728,0,,,,,
9729,0,,,,,
9730,3159,,,,,
9730,6765,,,,,
9731,9704,,,,,
9731,9732,,,,,
9732,3651,,,,,
9733,9734,,,,,
9734,6458,,,,,
9733,2958,,,,,
9735,9736,,,,,
9737,1969,,,,,
9737,9738,,,,,
9739,1875,,,,,
9739,9740,,,,,
9739,9253,,,,,
9741,0,,,,,
9742,9743,,,,,
9743,1345,,,,,
9742,1346,,,,,
9744,0,,,,,
9745,0,,,,,
9746,1458,,,,,
9747,0,,,,,
9748,9749,,,,,
9749,3744,,,,,
9748,9750,,,,,
9751,0,,,,,
9752,0,,,,,
9753,9754,,,,,
9755,0,,,,,
9756,9757,,,,,
9757,4037,,,,,
9758,0,,,,,
9759,9760,,,,,
9760,6389,,,,,
9759,9396,,,,,
9759,9548,,,,,
9761,0,,,,,
9762,9763,,,,,
9763,2396,,,,,
9763,9764,,,,,
9763,9765,,,,,
9766,0,,,,,
9767,0,,,,,
9768,0,,,,,
9769,1319,,,,,
9769,2960,,,,,
9769,9266,,,,,
9770,9771,,,,,
9771,732,,,,,
9770,1870,,,,,
9770,3515,,,,,
9772,0,,,,,
9773,0,,,,,
9774,0,,,,,
9779,553,,,,,
9775,9776,,,,,
9776,9777,,,,,
9776,9778,,,,,
9775,3273,,,,,
9775,9780,,,,,
9781,9782,,,,,
9782,3296,,,,,
9781,4065,,,,,
9781,9783,,,,,
9784,9785,,,,,
9785,1981,,,,,
9784,1242,,,,,
9784,1734,,,,,
9786,9787,,,,,
9787,4410,,,,,
9788,9789,,,,,
9789,4088,,,,,
9790,9791,,,,,
9791,5057,,,,,
9792,9793,,,,,
9793,6563,,,,,
9793,9617,,,,,
9794,9795,,,,,
9795,943,,,,,
9796,9797,,,,,
9797,6642,,,,,
9798,9799,,,,,
9799,6521,,,,,
9799,9800,,,,,
9801,9802,,,,,
9802,4219,,,,,
9803,9804,,,,,
9804,9453,,,,,
9805,9806,,,,,
9806,2301,,,,,
9806,3011,,,,,
9807,9808,,,,,
9808,1487,,,,,
9808,6862,,,,,
9809,9810,,,,,
9810,4410,,,,,
9810,9637,,,,,
9811,9812,,,,,
9812,826,,,,,
9812,1256,,,,,
9812,4532,,,,,
9813,9814,,,,,
9814,9815,,,,,
9814,9816,,,,,
9814,3965,,,,,
9817,9818,,,,,
9818,150,,,,,
9818,1478,,,,,
9819,9820,,,,,
9820,773,,,,,
9819,9429,,,,,
9821,9822,,,,,
9822,844,,,,,
9822,845,,,,,
9822,4219,,,,,
9823,9824,,,,,
9824,814,,,,,
9823,9825,,,,,
9826,9827,,,,,
9827,4219,,,,,
9828,9829,,,,,
9829,1963,,,,,
9829,2290,,,,,
9830,9831,,,,,
9831,1981,,,,,
9831,3672,,,,,
9832,9833,,,,,
9833,6502,,,,,
9833,7675,,,,,
9834,9835,,,,,
9835,1321,,,,,
9835,2633,,,,,
9834,782,,,,,
9836,9837,,,,,
9837,1005,,,,,
9837,1575,,,,,
9838,9839,,,,,
9839,890,,,,,
9839,1880,,,,,
9840,9841,,,,,
9841,2164,,,,,
9842,9843,,,,,
9843,9844,,,,,
9843,1296,,,,,
9845,9844,,,,,
9846,9847,,,,,
9847,2481,,,,,
9848,9849,,,,,
9849,33,,,,,
9850,9851,,,,,
9851,2536,,,,,
9851,3671,,,,,
9852,9853,,,,,
9853,1296,,,,,
9854,9855,,,,,
9855,9620,,,,,
9856,9857,,,,,
9857,9676,,,,,
9858,9859,,,,,
9859,9676,,,,,
9860,0,,,,,
9861,0,,,,,
9862,0,,,,,
9863,936,,,,,
9864,0,,,,,
9865,9866,,,,,
9866,2641,,,,,
9866,3332,,,,,
9867,0,,,,,
9868,9869,,,,,
9870,9871,,,,,
9870,9589,,,,,
9872,9700,,,,,
9873,9874,,,,,
9874,6844,,,,,
9875,9876,,,,,
9876,9877,,,,,
9876,7141,,,,,
9876,7271,,,,,
9875,290,,,,,
9875,1222,,,,,
9875,1346,,,,,
9875,2543,,,,,
9875,2649,,,,,
9875,3205,,,,,
9878,9382,,,,,
9878,9879,,,,,
9879,9880,,,,,
9881,9882,,,,,
9882,9416,,,,,
9881,6854,,,,,
9881,9883,,,,,
9884,9885,,,,,
9885,6477,,,,,
9886,9887,,,,,
9888,9889,,,,,
9890,9891,,,,,
9892,0,,,,,
9893,0,,,,,
9894,0,,,,,
9895,1130,,,,,
9895,1111130,,,,,
9896,9897,,,,,
9897,7573,,,,,
9897,2603,,,,,
9898,9899,,,,,
9899,560,,,,,
9900,4846,,,,,
9901,9902,,,,,
9903,9904,,,,,
9904,9765,,,,,
9903,3491,,,,,
9903,9905,,,,,
7309,9905,,,,,
9906,9907,,,,,
9907,1748,,,,,
9907,9908,,,,,
9907,9312,,,,,
9909,0,,,,,
9910,3491,,,,,
9911,9912,,,,,
9912,9913,,,,,
9912,9914,,,,,
9915,0,,,,,
9916,0,,,,,
9917,9918,,,,,
9918,9919,,,,,
9920,6885,,,,,
9920,9869,,,,,
9921,0,,,,,
9922,9923,,,,,
9924,9736,,,,,
9924,9925,,,,,
9926,0,,,,,
9927,6801,,,,,
9928,2203,,,,,
9928,4356,,,,,
9929,0,,,,,
9930,0,,,,,
9931,0,,,,,
9932,0,,,,,
9933,1391,,,,,
9933,6678,,,,,
9934,0,,,,,
9935,0,,,,,
9936,0,,,,,
9937,9938,,,,,
9938,3604,,,,,
9938,3647,,,,,
9939,0,,,,,
9940,9941,,,,,
9941,3493,,,,,
9942,0,,,,,
9943,9944,,,,,
9944,9945,,,,,
9946,9947,,,,,
9948,0,,,,,
9949,9950,,,,,
9950,9951,,,,,
9952,0,,,,,
9953,0,,,,,
9954,0,,,,,
9955,0,,,,,
9956,3918,,,,,
9957,9871,,,,,
9957,9958,,,,,
9959,9960,,,,,
9960,2702,,,,,
9959,7257,,,,,
9961,7577,,,,,
9962,0,,,,,
9963,9964,,,,,
9964,6529,,,,,
9964,9965,,,,,
9963,9966,,,,,
9966,9967,,,,,
9968,0,,,,,
9969,9970,,,,,
9970,885,,,,,
9970,1741,,,,,
9969,149,,,,,
9971,0,,,,,
9972,0,,,,,
9973,0,,,,,
9974,0,,,,,
9975,0,,,,,
9976,0,,,,,
4159,4161,,,,,
9977,9978,,,,,
9978,429,,,,,
9979,9980,,,,,
9980,2110,,,,,
9981,9982,,,,,
9982,6559,,,,,
9983,9984,,,,,
9984,6584,,,,,
9984,6658,,,,,
9984,4386,,,,,
9985,9986,,,,,
9986,7675,,,,,
9987,9988,,,,,
9988,4349,,,,,
9989,9990,,,,,
9990,2551,,,,,
9991,9992,,,,,
9992,6426,,,,,
9992,6571,,,,,
9993,9994,,,,,
9994,3096,,,,,
9995,9996,,,,,
9996,4531,,,,,
9996,942,,,,,
9997,9998,,,,,
9998,1832,,,,,
2583,9999,,,,,
9999,6290,,,,,
10000,10001,,,,,
10001,6862,,,,,
10000,736,,,,,
10002,10003,,,,,
10003,6779,,,,,
10004,10005,,,,,
10005,6588,,,,,
10006,10007,,,,,
10007,428,,,,,
10007,10008,,,,,
10009,10010,,,,,
10010,432,,,,,
10010,6669,,,,,
10011,10012,,,,,
10012,9815,,,,,
10013,10014,,,,,
10014,9800,,,,,
10015,10016,,,,,
10016,7009,,,,,
10017,10018,,,,,
10018,9815,,,,,
10019,10020,,,,,
10020,6643,,,,,
10019,10021,,,,,
10022,10023,,,,,
10023,6450,,,,,
10024,10025,,,,,
10025,1396,,,,,
10026,10027,,,,,
10027,1901,,,,,
10027,2875,,,,,
10026,318,,,,,
10026,1097,,,,,
10026,6321,,,,,
10028,10029,,,,,
10029,149,,,,,
10030,10031,,,,,
10031,1901,,,,,
10030,9431,,,,,
10032,10033,,,,,
10033,712,,,,,
10034,10035,,,,,
10035,4594,,,,,
10036,10037,,,,,
10037,1457,,,,,
10037,2745,,,,,
10038,10039,,,,,
10039,429,,,,,
10040,10041,,,,,
10041,1396,,,,,
10042,10043,,,,,
10043,4845,,,,,
10043,6619,,,,,
10042,10021,,,,,
10044,10045,,,,,
10045,2164,,,,,
10045,6371,,,,,
10046,10047,,,,,
10047,695,,,,,
10048,10049,,,,,
10049,6558,,,,,
10049,6735,,,,,
10050,10051,,,,,
10051,3713,,,,,
10052,10053,,,,,
10053,10054,,,,,
10055,10056,,,,,
10056,10057,,,,,
10055,9883,,,,,
10058,0,,,,,
10059,6805,,,,,
10059,10060,,,,,
10061,10008,,,,,
10061,10062,,,,,
10063,0,,,,,
10064,10065,,,,,
10066,0,,,,,
10067,0,,,,,
10068,0,,,,,
10069,10008,,,,,
10070,9305,,,,,
10070,10071,,,,,
10072,9425,,,,,
10072,10073,,,,,
10074,9902,,,,,
10075,10076,,,,,
10076,2598,,,,,
10075,9740,,,,,
10075,10077,,,,,
10078,9887,,,,,
10079,8223,,,,,
10080,10081,,,,,
10081,8256,,,,,
10080,6202,,,,,
10082,6048,,,,,
10083,2397,,,,,
10083,929,,,,,
10084,5960,,,,,
10084,10085,,,,,
10086,10085,,,,,
10087,7614,,,,,
10087,8094,,,,,
10087,10088,,,,,
10087,10089,,,,,
10087,10090,,,,,
10091,10092,,,,,
10091,10093,,,,,
10091,10094,,,,,
10091,10090,,,,,
10095,10096,,,,,
10095,10097,,,,,
10095,10098,,,,,
10095,8094,,,,,
10099,5380,,,,,
10099,7634,,,,,
10100,7481,,,,,
10101,6333,,,,,
10102,7751,,,,,
10102,10103,,,,,
10102,10104,,,,,
10105,5685,,,,,
10105,10106,,,,,
10105,10107,,,,,
10108,5182,,,,,
10108,6523,,,,,
10108,10109,,,,,
10110,5183,,,,,
10110,6669,,,,,
10111,6175,,,,,
10111,10112,,,,,
10113,8379,,,,,
10114,6248,,,,,
10114,10115,,,,,
10116,10115,,,,,
10117,7683,,,,,
10117,10118,,,,,
10119,7381,,,,,
10119,10120,,,,,
10119,10121,,,,,
10119,10122,,,,,
10122,10123,,,,,
10124,0,,,,,
10125,10123,,,,,
10125,10126,,,,,
10127,6652,,,,,
10128,7743,,,,,
10129,8333,,,,,
10129,10130,,,,,
10129,10131,,,,,
10129,10132,,,,,
10129,10133,,,,,
10129,10134,,,,,
10135,5830,,,,,
10135,10136,,,,,
10135,10137,,,,,
10137,10138,,,,,
10137,10139,,,,,
10140,10139,,,,,
10141,10142,,,,,
10142,10138,,,,,
10143,10144,,,,,
10143,10145,,,,,
10143,8129,,,,,
10146,7830,,,,,
10146,10147,,,,,
10146,10148,,,,,
10148,10149,,,,,
10150,6739,,,,,
10150,7656,,,,,
10151,6700,,,,,
10152,10126,,,,,
10152,10153,,,,,
10154,10153,,,,,
10154,10155,,,,,
10156,10126,,,,,
10156,10157,,,,,
10157,7755,,,,,
7777.1,7777,,,,,
10158,6601,,,,,
10159,6355,,,,,
10160,5404,,,,,
10160,10161,,,,,
10160,10162,,,,,
10163,10126,,,,,
10163,10164,,,,,
10163,10165,,,,,
10166,8216,,,,,
10166,10167,,,,,
10168,7728,,,,,
10168,10167,,,,,
10168,10169,,,,,
10170,5645,,,,,
10170,10171,,,,,
10170,10172,,,,,
10173,8148,,,,,
10173,10174,,,,,
10175,8394,,,,,
10175,10176,,,,,
10177,10176,,,,,
10178,6761,,,,,
10178,10179,,,,,
10179,3345,,,,,
10180,6077,,,,,
10180,7274,,,,,
10180,10181,,,,,
10180,10182,,,,,
10182,4724,,,,,
10182,10183,,,,,
10182,10184,,,,,
10185,10186,,,,,
10185,10187,,,,,
10188,7099,,,,,
10188,7572,,,,,
10188,10189,,,,,
10188,10190,,,,,
10190,10191,,,,,
10191,10192,,,,,
10193,6148,,,,,
10193,10194,,,,,
10193,10195,,,,,
10196,5346,,,,,
10196,10197,,,,,
10196,10198,,,,,
10198,4673,,,,,
10199,8262,,,,,
10200,0,,,,,
10201,5702,,,,,
10201,5812,,,,,
10201,10202,,,,,
10203,10201,,,,,
10204,10202,,,,,
10205,10097,,,,,
10205,10206,,,,,
10205,10207,,,,,
10205,10208,,,,,
10205,10209,,,,,
10209,10210,,,,,
10211,10210,,,,,
10211,10212,,,,,
10211,10213,,,,,
10214,10213,,,,,
10215,10208,,,,,
10216,10212,,,,,
10217,5651,,,,,
10217,10218,,,,,
10217,10219,,,,,
10217,10220,,,,,
10220,2974,,,,,
10221,0,,,,,
10222,10219,,,,,
10223,3281,,,,,
10224,6124,,,,,
10224,10225,,,,,
10226,5404,,,,,
10227,0,,,,,
10228,8363,,,,,
10228,10229,,,,,
10230,7699,,,,,
10230,8374,,,,,
10230,10231,,,,,
10232,10231,,,,,
10232,10233,,,,,
10232,10234,,,,,
10234,4010,,,,,
10235,7712,,,,,
10236,6018,,,,,
10236,10237,,,,,
10236,10238,,,,,
10238,3419,,,,,
10239,3970,,,,,
10239,8037,,,,,
10240,10237,,,,,
10240,10241,,,,,
10242,6002,,,,,
10242,10243,,,,,
10242,10244,,,,,
10245,10244,,,,,
10245,10246,,,,,
10246,10247,,,,,
10248,7037,,,,,
10248,10249,,,,,
10248,10250,,,,,
10251,10243,,,,,
10251,10252,,,,,
10251,10253,,,,,
10251,10254,,,,,
10254,8006,,,,,
10255,8374,,,,,
10256,0,,,,,
10257,10253,,,,,
10257,10258,,,,,
10257,10259,,,,,
10260,6181,,,,,
10260,10261,,,,,
10262,10252,,,,,
10262,10263,,,,,
10264,5413,,,,,
10264,10265,,,,,
10266,10259,,,,,
10267,10268,,,,,
10267,10269,,,,,
10267,10270,,,,,
10271,10272,,,,,
10271,10273,,,,,
10271,10274,,,,,
10271,10275,,,,,
10271,10276,,,,,
10276,10123,,,,,
10277,10269,,,,,
10278,6006,,,,,
10278,6124,,,,,
10278,10279,,,,,
10280,5640,,,,,
10280,10281,,,,,
10280,10282,,,,,
10280,10283,,,,,
10280,10284,,,,,
10280,10285,,,,,
10286,0,,,,,
10287,6124,,,,,
10287,10288,,,,,
10287,10289,,,,,
10287,10290,,,,,
10291,10292,,,,,
10291,10293,,,,,
10291,8194,,,,,
10294,10295,,,,,
10296,7001,,,,,
10297,8412,,,,,
10297,10131,,,,,
10297,10298,,,,,
10299,9441,,,,,
10299,10300,,,,,
10300,4473,,,,,
10300,10184,,,,,
10301,10302,,,,,
10301,10303,,,,,
10301,10304,,,,,
10301,10305,,,,,
10305,10272,,,,,
10306,5813,,,,,
10306,5824,,,,,
10306,6135,,,,,
10306,8332,,,,,
10306,10307,,,,,
10308,7850,,,,,
10308,10309,,,,,
10310,10307,,,,,
10310,10311,,,,,
10311,10312,,,,,
10312,7998,,,,,
10312,10313,,,,,
10314,2929,,,,,
10314,4572,,,,,
10314,10316,,,,,
10314,10303,,,,,
10314,10315,,,,,
10317,10309,,,,,
10318,10319,,,,,
10318,10320,,,,,
10318,10321,,,,,
10318,10322,,,,,
10323,6471,,,,,
10324,10325,,,,,
10324,10326,,,,,
10324,10327,,,,,
10328,9925,,,,,
10328,10329,,,,,
10330,10331,,,,,
10331,10332,,,,,
10330,5346,,,,,
10330,7234.1,,,,,
10330,10303,,,,,
10330,10333,,,,,
10330,10334,,,,,
10335,10336,,,,,
10336,10337,,,,,
10335,10333,,,,,
10335,10338,,,,,
10335,10339,,,,,
10340,4572,,,,,
10340,10341,,,,,
10342,10341,,,,,
10342,10343,,,,,
10344,10345,,,,,
10345,2674,,,,,
10344,6263,,,,,
10344,10346,,,,,
10347,10338,,,,,
10348,5862,,,,,
10348,10349,,,,,
10350,9816,,,,,
10351,10352,,,,,
10353,7177,,,,,
10353,7193,,,,,
10353,10354,,,,,
10355,10356,,,,,
10357,6181,,,,,
10357,10358,,,,,
10357,10359,,,,,
10360,4807,,,,,
10360,10361,,,,,
10362,10362,,,,,
10363,0,,,,,
10364,10362,,,,,
10365,10366,,,,,
10366,5359,,,,,
10366,10367,,,,,
10365,6547,,,,,
10368,5913,,,,,
10369,0,,,,,
10370,7877,,,,,
10371,7495,,,,,
10371,8036,,,,,
10371,10372,,,,,
10373,5413,,,,,
10373,10374,,,,,
10373,10375,,,,,
10373,10376,,,,,
10373,10377,,,,,
10377,10378,,,,,
10379,10378,,,,,
10380,0,,,,,
10381,10382,,,,,
10381,10383,,,,,
10384,10374,,,,,
10384,10385,,,,,
10385,5451,,,,,
10385,10386,,,,,
10387,10388,,,,,
10389,2721,,,,,
10390,10391,,,,,
10391,2751,,,,,
10390,2073,,,,,
10392,0,,,,,
10393,5996,,,,,
10393,10394,,,,,
10395,10374,,,,,
10395,10396,,,,,
10395,10397,,,,,
10398,7607,,,,,
10398,10399,,,,,
10398,10400,,,,,
10401,10396,,,,,
10401,10402,,,,,
10403,10404,,,,,
10403,10405,,,,,
10403,10406,,,,,
10403,10407,,,,,
10403,10408,,,,,
10409,7575,,,,,
10409,10410,,,,,
10409,10411,,,,,
10409,10412,,,,,
10413,8381,,,,,
10414,5673,,,,,
10414,10415,,,,,
10414,10416,,,,,
10417,0,,,,,
10418,10419,,,,,
10418,10420,,,,,
10421,10415,,,,,
10421,10422,,,,,
10423,10424,,,,,
10241.1,0,,,,,
10425,10416,,,,,
10426,10415,,,,,
10427,10096,,,,,
10427,10410,,,,,
10427,10411,,,,,
10427,10428,,,,,
10427,10429,,,,,
10430,0,,,,,
10431,10432,,,,,
10433,10432,,,,,
10434,10432,,,,,
10435,0,,,,,
10436,10437,,,,,
10438,10428,,,,,
10438,10439,,,,,
10439,7845,,,,,
10440,5643,,,,,
10440,6240,,,,,
10440,8105,,,,,
10440,10441,,,,,
10440,10442,,,,,
10443,8233,,,,,
10443,10444,,,,,
10445,10442,,,,,
10446,10349,,,,,
10447,8328,,,,,
10447,10448,,,,,
10449,10450,,,,,
10450,10451,,,,,
10449,10452,,,,,
10449,10268,,,,,
10453,8330,,,,,
10453,10454,,,,,
10455,10456,,,,,
10455,10457,,,,,
10458,10103,,,,,
10459,5749,,,,,
10460,6349,,,,,
10460,7168,,,,,
10461,6689,,,,,
10462,7877,,,,,
10463,8423,,,,,
10463,10419,,,,,
10464,6757,,,,,
10458,10465,,,,,
10466,10467,,,,,
10467,10468,,,,,
10467,8014,,,,,
10469,10465,,,,,
10469,10470,,,,,
10469,10471,,,,,
10472,0,,,,,
10473,7909,,,,,
10473,10474,,,,,
10473,10475,,,,,
10476,10244,,,,,
10476,10477,,,,,
10478,10474,,,,,
10479,6689,,,,,
10479,7670,,,,,
10480,10477,,,,,
10481,10482,,,,,
10483,10477,,,,,
10484,0,,,,,
10485,5404,,,,,
10486,10487,,,,,
10488,8259,,,,,
10488,10489,,,,,
10490,7436,,,,,
10490,10491,,,,,
10490,10492,,,,,
10493,7703,,,,,
10493,10494,,,,,
10493,10495,,,,,
10496,0,,,,,
10497,3593,,,,,
10497,5918,,,,,
10497,10498,,,,,
10499,6014,,,,,
10499,10500,,,,,
10499,10501,,,,,
10502,0,,,,,
10503,10504,,,,,
10505,10506,,,,,
10505,10507,,,,,
10505,10504,,,,,
10508,10509,,,,,
10509,10279,,,,,
10510,8255,,,,,
10511,10507,,,,,
10511,10512,,,,,
10511,6090,,,,,
6090,10513,,,,,
10514,407,,,,,
10515,10512,,,,,
10516,0,,,,,
10517,10501,,,,,
10517,10518,,,,,
10519,0,,,,,
10520,5433,,,,,
10520,6160,,,,,
10520,8198,,,,,
10520,10270,,,,,
10520,10521,,,,,
10522,10523,,,,,
10523,10524,,,,,
10522,7169,,,,,
10522,10525,,,,,
10522,10526,,,,,
10527,1784,,,,,
10528,10529,,,,,
10530,10529,,,,,
10531,10532,,,,,
10532,6236,,,,,
10531,10356,,,,,
10533,10534,,,,,
10535,10529,,,,,
10536,6090,,,,,
10536,10537,,,,,
10536,10538,,,,,
10536,10539,,,,,
10536,10540,,,,,
10536,10541,,,,,
10542,5829,,,,,
10542,10131,,,,,
10543,10544,,,,,
10545,10538,,,,,
10545,10539,,,,,
10546,3232,,,,,
10546,10547,,,,,
10548,10549,,,,,
10548,10550,,,,,
10548,10551,,,,,
10552,10553,,,,,
10553,2674,,,,,
10553,7830,,,,,
10552,4807,,,,,
10552,10054,,,,,
10552,10555,,,,,
10552,10556,,,,,
10557,10558,,,,,
10558,10559,,,,,
10557,5791,,,,,
10557,6532,,,,,
10557,10120,,,,,
10557,10660,,,,,
10661,10555,,,,,
10661,10662,,,,,
10663,0,,,,,
10664,6377,,,,,
10665,1117,,,,,
76,77,,,,,
10666,636,,,,,
10667,0,,,,,
10668,0,,,,,
10669,54,,,,,
10670,1925,,,,,
10671,0,,,,,
10672,0,,,,,
10673,10674,,,,,
10674,166,,,,,
10675,4345,,,,,
4345,10676,,,,,
10677,10077,,,,,
10677,163,,,,,
10678,10679,,,,,
10679,2316,,,,,
10680,2005,,,,,
10680,2485,,,,,
10681,10682,,,,,
10682,2095,,,,,
10682,2169,,,,,
10683,10684,,,,,
10683,2212,,,,,
10685,10686,,,,,
10686,7415,,,,,
10686,7416,,,,,
10686,2212,,,,,
10686,2394,,,,,
10687,4525,,,,,
10687,6262,,,,,
10687,724911,,,,,
10687,7791,,,,,
10687,10688,,,,,
10687,10689,,,,,
10690,10691,,,,,
10691,4525,,,,,
10690,6878,,,,,
10692,10693,,,,,
10693,2366,,,,,
10693,10694,,,,,
10692,10695,,,,,
2366,6099,,,,,
10696,10697,,,,,
10697,6191,,,,,
10696,1946,,,,,
10696,10698,,,,,
10699,10700,,,,,
10700,2762,,,,,
10699,6103,,,,,
10701,10702,,,,,
10702,2533,,,,,
10701,4827,,,,,
10701,6103,,,,,
10703,786,,,,,
10703,10704,,,,,
10704,1611,,,,,
10705,10706,,,,,
10706,2169,,,,,
10707,318,,,,,
10707,2502,,,,,
10708,1413,,,,,
10708,10709,,,,,
10708,10710,,,,,
10710,7712,,,,,
10708,10711,,,,,
10712,6604,,,,,
10712,10713,,,,,
10713,1413,,,,,
10714,794,,,,,
10714,1413,,,,,
10714,2531,,,,,
10714,3567,,,,,
10714,4154,,,,,
10714,5519,,,,,
10715,4493,,,,,
10716,10717,,,,,
10717,2824,,,,,
10718,3246,,,,,
10718,10719,,,,,
10719,2717,,,,,
10720,3246,,,,,
10720,10721,,,,,
10721,10722,,,,,
10720,10723,,,,,
1001534,1534,,,,,
10724,1541,,,,,
10725,2590,,,,,
10726,766,,,,,
10726,819,,,,,
10726,5139,,,,,
10727,9783,,,,,
10727,5152,,,,,
10727,5170,,,,,
10727,10728,,,,,
10729,806,,,,,
10730,4082,,,,,
10730,5008,,,,,
10730,10731,,,,,
10732,10733,,,,,
10733,4082,,,,,
10732,10734,,,,,
10735,10736,,,,,
10736,6874,,,,,
10736,9684,,,,,
10737,10738,,,,,
10738,1717,,,,,
10738,9684,,,,,
10739,0,,,,,
10740,5110,,,,,
10740,6383,,,,,
10740,10098,,,,,
10740,10741,,,,,
10742,2073,,,,,
10742,6383,,,,,
10742,10743,,,,,
10744,6383,,,,,
10744,10745,,,,,
10745,10746,,,,,
10747,723,,,,,
10747,10748,,,,,
10747,10749,,,,,
10749,10750,,,,,
10751,723,,,,,
10752,2060,,,,,
10752,4818,,,,,
10752,10753,,,,,
10753,10754,,,,,
10753,10755,,,,,
10756,2060,,,,,
10756,4827,,,,,
10756,5933,,,,,
10756,10757,,,,,
10756,10758,,,,,
10758,10186,,,,,
10758,10759,,,,,
10760,2060,,,,,
10760,5981,,,,,
10760,6651,,,,,
10760,10761,,,,,
10760,10762,,,,,
10760,10763,,,,,
10760,10764,,,,,
10765,2059,,,,,
10765,3207,,,,,
10765,5131,,,,,
10766,10767,,,,,
10767,2058,,,,,
10768,2058,,,,,
10768,5613,,,,,
10768,6471,,,,,
10768,6760,,,,,
10768,6761,,,,,
10768,10769,,,,,
10768,10770,,,,,
10771,3289,,,,,
10772,10772,,,,,
10773,10774,,,,,
10774,3289,,,,,
10775,10776,,,,,
10776,4736,,,,,
10777,10778,,,,,
10778,4736,,,,,
10779,10780,,,,,
10780,2114,,,,,
10781,795,,,,,
10781,6418,,,,,
10782,10783,,,,,
10783,6418,,,,,
10783,4180,,,,,
10784,10785,,,,,
10785,6418,,,,,
10784,4731,,,,,
10784,9923,,,,,
10784,10316,,,,,
637,3040,,,,,
10786,1344,,,,,
10786,3696,,,,,
10787,10788,,,,,
10788,1344,,,,,
10789,10790,,,,,
10790,6638,,,,,
10789,10791,,,,,
10792,6638,,,,,
10792,10688,,,,,
10793,10794,,,,,
10794,6638,,,,,
10795,1414,,,,,
10795,7296,,,,,
10795,10093,,,,,
10795,10796,,,,,
10797,8554,,,,,
10797,10798,,,,,
10799,10709,,,,,
10799,4749,,,,,
10799,5550,,,,,
10799,7287,,,,,
10799,10800,,,,,
10799,10801,,,,,
10799,10802,,,,,
5803,7757,,,,,
10803,6124,,,,,
10803,7712,,,,,
10804,10261,,,,,
10804,3752,,,,,
10804,7712,,,,,
10804,10805,,,,,
10804,10806,,,,,
10807,10711,,,,,
10808,3912,,,,,
10808,4606,,,,,
10808,6604,,,,,
10808,7159,,,,,
10808,10809,,,,,
10809,7445,,,,,
10810,10811,,,,,
10811,6604,,,,,
10811,10812,,,,,
10811,2722,,,,,
10813,10814,,,,,
10814,2531,,,,,
10814,2532,,,,,
10813,6121,,,,,
10813,10815,,,,,
10816,10817,,,,,
10817,6261,,,,,
10817,4154,,,,,
10818,2370,,,,,
10818,4844,,,,,
10818,5263,,,,,
10818,5519,,,,,
10819,2532,,,,,
10819,5519,,,,,
10819,8090,,,,,
10819,10820,,,,,
10819,10821,,,,,
10821,10822,,,,,
10823,6601,,,,,
10823,7389,,,,,
10824,4217,,,,,
10824,10825,,,,,
10826,294,,,,,
10826,6753,,,,,
10826,7761,,,,,
10826,10827,,,,,
10826,10828,,,,,
10829,10830,,,,,
10830,2220,,,,,
10829,7761,,,,,
10831,7761,,,,,
10832,10833,,,,,
10833,6827,,,,,
10832,2340,,,,,
8749,8079,,,,,
10834,1011,,,,,
10835,2535,,,,,
10835,4643,,,,,
10835,10836,,,,,
10836,10837,,,,,
10835,10838,,,,,
10839,4643,,,,,
10840,1263,,,,,
10840,1578,,,,,
10840,1794,,,,,
10841,2326,,,,,
10841,10842,,,,,
10842,2325,,,,,
10843,444,,,,,
10844,3243,,,,,
10844,6651,,,,,
10844,10845,,,,,
10845,7742,,,,,
10846,3248,,,,,
10846,4700,,,,,
10846,6707,,,,,
10847,10848,,,,,
10848,6462,,,,,
10848,3250,,,,,
10849,10850,,,,,
10850,6542,,,,,
10850,6648,,,,,
10851,2717,,,,,
10851,5484,,,,,
10851,6139,,,,,
10851,10852,,,,,
5739,10852,,,,,
10853,453,,,,,
10854,10723,,,,,
10854,10855,,,,,
10854,10856,,,,,
10856,8373,,,,,
10857,7488,,,,,
10857,10858,,,,,
10857,10859,,,,,
10859,10723,,,,,
10860,10722,,,,,
10860,10861,,,,,
10860,10862,,,,,
10860,10863,,,,,
10864,4171,,,,,
10865,0,,,,,
10866,0,,,,,
10867,0,,,,,
10868,10869,,,,,
10869,125,,,,,
10870,10871,,,,,
10871,126,,,,,
10871,10872,,,,,
10873,10874,,,,,
10874,126,,,,,
10874,3545,,,,,
10874,10875,,,,,
10874,10876,,,,,
10877,10878,,,,,
10878,570,,,,,
10879,10880,,,,,
10880,6362,,,,,
10881,1958,,,,,
10882,1958,,,,,
10882,3254,,,,,
10882,10883,,,,,
10884,6874,,,,,
10884,10885,,,,,
10886,6874,,,,,
10886,10887,,,,,
10887,6672,,,,,
10888,10889,,,,,
10889,6306,,,,,
10890,6873,,,,,
10890,10891,,,,,
10891,10892,,,,,
10892,6873,,,,,
10893,156,,,,,
10894,1616,,,,,
10895,10896,,,,,
10896,1309,,,,,
10897,10898,,,,,
10898,802,,,,,
10899,10900,,,,,
10900,244,,,,,
10901,243,,,,,
10901,2703,,,,,
10901,5263,,,,,
10902,243,,,,,
10902,10750,,,,,
10903,2869,,,,,
10905,10906,,,,,
10906,407,,,,,
1268,10907,,,,,
10907,407,,,,,
10908,5928,,,,,
10908,10909,,,,,
10907,10909,,,,,
10908,10910,,,,,
10910,3506,,,,,
10911,10912,,,,,
10912,407,,,,,
10913,10914,,,,,
10914,408,,,,,
10913,10915,,,,,
10916,10917,,,,,
10917,6779,,,,,
10917,559,,,,,
10918,10919,,,,,
10919,560,,,,,
10919,942,,,,,
10920,10921,,,,,
10921,560,,,,,
10922,568,,,,,
10923,10924,,,,,
10924,580,,,,,
10924,2505,,,,,
10925,10926,,,,,
10926,579,,,,,
10927,1568,,,,,
10928,393,,,,,
10928,4381,,,,,
10928,4813,,,,,
10929,10930,,,,,
10930,2039,,,,,
10931,931,,,,,
10932,10933,,,,,
10933,1129,,,,,
10933,1345,,,,,
10933,4282,,,,,
10933,10934,,,,,
10935,1104,,,,,
10935,10936,,,,,
10936,6757,,,,,
10937,10938,,,,,
10938,1072,,,,,
10938,9764,,,,,
10939,10940,,,,,
10940,1072,,,,,
10941,10942,,,,,
10942,1072,,,,,
10942,10943,,,,,
10944,10945,,,,,
10945,803,,,,,
10946,801,,,,,
10946,5602,,,,,
10946,10947,,,,,
10947,10948,,,,,
10948,10949,,,,,
1110,2149,,,,,
10950,1125,,,,,
10950,6630,,,,,
10951,1125,,,,,
10951,10952,,,,,
10952,2644,,,,,
10953,1124,,,,,
10953,10954,,,,,
10955,1124,,,,,
10955,10956,,,,,
10956,7139,,,,,
10956,8342,,,,,
10957,10958,,,,,
10958,1077,,,,,
10959,10960,,,,,
10960,1187,,,,,
10960,1336,,,,,
10959,10961,,,,,
10962,10963,,,,,
10963,7652,,,,,
10963,1187,,,,,
10964,10965,,,,,
10965,1186,,,,,
10965,4182,,,,,
10966,1222,,,,,
10966,1717,,,,,
10966,7245,,,,,
10966,10968,,,,,
10966,10967,,,,,
10969,10915,,,,,
10969,1222,,,,,
10969,10970,,,,,
10970,8420,,,,,
10971,1221,,,,,
10971,7147,,,,,
9529,1643,,,,,
9529,1363,,,,,
9529,2830,,,,,
10972,1363,,,,,
10973,1365,,,,,
10973,1883,,,,,
1473,10974,,,,,
10974,10975,,,,,
10976,10977,,,,,
10977,1611,,,,,
10977,4405,,,,,
10977,6803,,,,,
10976,10978,,,,,
10979,0,,,,,
10980,971,,,,,
10981,10982,,,,,
10982,1923,,,,,
10983,1922,,,,,
10983,10984,,,,,
10983,10985,,,,,
10985,8390,,,,,
10985,10986,,,,,
10987,10988,,,,,
10988,1922,,,,,
10989,10990,,,,,
10990,690,,,,,
10991,1949,,,,,
10992,1090,,,,,
10993,1090,,,,,
10993,10994,,,,,
10993,10995,,,,,
10995,2843,,,,,
10996,1090,,,,,
10997,10998,,,,,
10998,2042,,,,,
10998,3580,,,,,
10999,0,,,,,
11000,0,,,,,
11001,0,,,,,
11002,0,,,,,
11003,1422,,,,,
11004,1294,,,,,
11005,1294,,,,,
11006,1295,,,,,
11007,6705,,,,,
11007,11008,,,,,
11008,731,,,,,
11008,2325,,,,,
11009,1549,,,,,
11010,11011,,,,,
11011,1549,,,,,
11012,1457,,,,,
11013,11014,,,,,
11014,1748,,,,,
11014,2395,,,,,
11015,0,,,,,
11016,11017,,,,,
11017,1372,,,,,
11017,9421,,,,,
11018,1742,,,,,
11019,1742,,,,,
11019,6077,,,,,
11020,11021,,,,,
11021,1379,,,,,
11022,1378,,,,,
11022,11023,,,,,
11023,11024,,,,,
11025,11026,,,,,
11026,1378,,,,,
11026,10057,,,,,
11027,2683,,,,,
11027,11028,,,,,
11029,2684,,,,,
11029,11030,,,,,
11031,0,,,,,
11032,0,,,,,
11033,2259,,,,,
11034,2665,,,,,
11034,11035,,,,,
11035,2566,,,,,
11035,9312,,,,,
11036,11037,,,,,
11037,701,,,,,
11038,1959,,,,,
11039,0,,,,,
11040,1458,,,,,
11040,4406,,,,,
11041,2160,,,,,
11041,9703,,,,,
11042,0,,,,,
11043,0,,,,,
11044,2853,,,,,
11044,4609,,,,,
11044,7347,,,,,
11045,482,,,,,
11046,1174,,,,,
11047,293,,,,,
11047,11048,,,,,
11049,11050,,,,,
11050,4592,,,,,
11050,294,,,,,
11051,294,,,,,
11051,6678,,,,,
11052,11053,,,,,
11053,295,,,,,
11054,2151,,,,,
11055,5160,,,,,
11055,11056,,,,,
11056,2395,,,,,
11057,11058,,,,,
11058,3132,,,,,
11059,1870,,,,,
11059,7051,,,,,
11060,11061,,,,,
11061,1870,,,,,
11062,2580,,,,,
11062,4724,,,,,
11062,6603,,,,,
1879,1880,,,,,
11063,3237,,,,,
11064,11065,,,,,
11065,3236,,,,,
11065,7023,,,,,
11065,11066,,,,,
11067,11068,,,,,
11068,3229,,,,,
11069,3241,,,,,
11069,11070,,,,,
11070,10065,,,,,
11071,2066,,,,,
11071,11072,,,,,
11072,6542,,,,,
11072,2081,,,,,
11073,1419,,,,,
11073,1441,,,,,
789,11074,,,,,
11074,10734,,,,,
11075,2922,,,,,
11076,817,,,,,
11076,11077,,,,,
11076,11078,,,,,
11078,6369,,,,,
11079,0,,,,,
11080,0,,,,,
11081,0,,,,,
11082,0,,,,,
11083,0,,,,,
11084,972,,,,,
11084,1067,,,,,
11085,347,,,,,
11086,395,,,,,
11087,4165,,,,,
11088,1151,,,,,
11089,1151,,,,,
11089,3772,,,,,
11090,1150,,,,,
11090,11092,,,,,
11092,11091,,,,,
11093,0,,,,,
11094,2740,,,,,
11095,2885,,,,,
11095,11096,,,,,
11095,1633,,,,,
11097,7526,,,,,
11097,9441,,,,,
11097,9764,,,,,
11097,11098,,,,,
11097,11099,,,,,
11100,9764,,,,,
11100,11101,,,,,
11101,5520,,,,,
11102,11103,,,,,
11103,9764,,,,,
11104,11105,,,,,
11105,9764,,,,,
11106,4670,,,,,
11106,9764,,,,,
11107,9764,,,,,
11108,11109,,,,,
11109,9764,,,,,
11110,0,,,,,
11111,0,,,,,
11112,0,,,,,
11113,0,,,,,
11114,0,,,,,
11115,0,,,,,
11116,0,,,,,
11117,0,,,,,
11118,0,,,,,
11119,0,,,,,
11120,0,,,,,
11121,0,,,,,
11122,0,,,,,
11123,0,,,,,
11124,0,,,,,
11125,0,,,,,
11126,0,,,,,
11127,0,,,,,
11128,0,,,,,
11129,0,,,,,
11130,0,,,,,
11131,0,,,,,
11132,2165,,,,,
11132,11133,,,,,
11133,11134,,,,,
11135,0,,,,,
11136,1400,,,,,
11137,0,,,,,
11138,0,,,,,
11139,0,,,,,
11140,0,,,,,
11141,0,,,,,
11142,0,,,,,
11143,0,,,,,
11144,0,,,,,
11145,0,,,,,
11146,0,,,,,
11148,0,,,,,
11149,0,,,,,
11150,0,,,,,
11151,0,,,,,
11152,0,,,,,
11153,0,,,,,
11154,0,,,,,
8542,11155,,,,,
11155,2184,,,,,
11156,0,,,,,
11157,0,,,,,
11158,0,,,,,
11159,0,,,,,
11161,0,,,,,
11162,0,,,,,
11163,0,,,,,
11164,0,,,,,
11165,0,,,,,
11166,0,,,,,
11167,0,,,,,
11168,11169,,,,,
11169,11170,,,,,
11171,11172,,,,,
11172,11170,,,,,
11173,11174,,,,,
11174,11170,,,,,
11175,0,,,,,
11176,0,,,,,
11177,0,,,,,
11178,0,,,,,
11179,0,,,,,
11180,0,,,,,
11181,0,,,,,
11182,0,,,,,
11184,737,,,,,
11184,1306,,,,,
11183,0,,,,,
11186,2831,,,,,
11185,0,,,,,
11187,11188,,,,,
11188,11186,,,,,
11189,0,,,,,
11190,0,,,,,
11191,0,,,,,
11192,0,,,,,
11193,11194,,,,,
11194,2346,,,,,
11195,11196,,,,,
11196,2346,,,,,
11195,9396,,,,,
11197,0,,,,,
11198,0,,,,,
11199,0,,,,,
11200,0,,,,,
11201,0,,,,,
11202,0,,,,,
11203,11204,,,,,
11204,4258,,,,,
11205,11206,,,,,
11206,11207,,,,,
11208,0,,,,,
11209,565,,,,,
11210,0,,,,,
11211,0,,,,,
11212,0,,,,,
11213,0,,,,,
11214,0,,,,,
11215,769,,,,,
11216,2168,,,,,
11216,5928,,,,,
11217,3506,,,,,
11217,5305,,,,,
11217,11218,,,,,
11218,11219,,,,,
11220,2612,,,,,
11220,11221,,,,,
11222,11223,,,,,
11223,2163,,,,,
11222,11224,,,,,
11222,11225,,,,,
11226,11227,,,,,
11228,3273,,,,,
11229,11228,,,,,
11229,3272,,,,,
11229,5189,,,,,
11230,11231,,,,,
11231,6514,,,,,
11232,4050,,,,,
11232,4613,,,,,
11232,7162,,,,,
11232,11233,,,,,
11234,11235,,,,,
11235,5160,,,,,
11236,7415,,,,,
11236,9945,,,,,
11236,10967,,,,,
11237,11238,,,,,
11238,9765,,,,,
11237,4810,,,,,
11237,11239,,,,,
11240,1587,,,,,
11241,11242,,,,,
11242,2751,,,,,
11242,10231,,,,,
11241,5112,,,,,
11241,11243,,,,,
11241,11244,,,,,
11241,11245,,,,,
11246,11247,,,,,
11247,5110,,,,,
11246,11248,,,,,
11249,5110,,,,,
11249,7217,,,,,
11249,7267,,,,,
11249,10273,,,,,
11249,11250,,,,,
11251,11252,,,,,
11252,4569,,,,,
11252,5110,,,,,
11252,11253,,,,,
11254,3508,,,,,
11254,5111,,,,,
11254,7698,,,,,
11254,10098,,,,,
11254,11255,,,,,
11256,11257,,,,,
11257,4569,,,,,
11257,5111,,,,,
11258,11259,,,,,
11259,2475,,,,,
11260,3562,,,,,
11261,1799,,,,,
11262,11263,,,,,
11263,3608,,,,,
11264,11265,,,,,
11265,3608,,,,,
11266,4065,,,,,
11267,9455,,,,,
11267,4160,,,,,
11268,11269,,,,,
11269,7599,,,,,
11269,4607,,,,,
11269,5264,,,,,
11268,2125,,,,,
11270,11271,,,,,
11271,5055,,,,,
11272,11273,,,,,
11273,5055,,,,,
11274,11275,,,,,
11275,2654,,,,,
11276,11277,,,,,
11277,2654,,,,,
11276,6856,,,,,
11278,2929,,,,,
11278,6438,,,,,
11279,11280,,,,,
11280,6438,,,,,
11280,2521,,,,,
11281,10728,,,,,
11282,2497,,,,,
11283,11284,,,,,
11284,11285,,,,,
11283,2499,,,,,
11286,2499,,,,,
11286,11287,,,,,
11288,11289,,,,,
11289,8340,,,,,
11289,4163,,,,,
11290,11291,,,,,
11291,4163,,,,,
11290,5221,,,,,
11292,11293,,,,,
11293,2704,,,,,
6792,2994,,,,,
6792,4608,,,,,
6792,11294,,,,,
6792,11295,,,,,
6789,11295,,,,,
6792,11296,,,,,
11296,11297,,,,,
11298,2994,,,,,
2880,11299,,,,,
929,11299,,,,,
11300,2890,,,,,
11300,5247,,,,,
11300,6991,,,,,
11300,11301,,,,,
11302,11303,,,,,
11303,7579,,,,,
11303,2039,,,,,
11303,5583,,,,,
11302,1743,,,,,
11304,5925,,,,,
11305,11306,,,,,
11306,2224,,,,,
11306,7056,,,,,
11305,5925,,,,,
11307,5918,,,,,
11307,6417,,,,,
11308,5933,,,,,
11308,11309,,,,,
11309,5587,,,,,
11309,11310,,,,,
11311,2605,,,,,
11312,9877,,,,,
11312,11287,,,,,
11313,11314,,,,,
11314,7141,,,,,
11315,11316,,,,,
11316,7120,,,,,
11316,10968,,,,,
11317,10967,,,,,
11317,11318,,,,,
11318,7139,,,,,
11319,3107,,,,,
11319,5568,,,,,
11319,10967,,,,,
11320,6652,,,,,
11320,7245,,,,,
11321,11322,,,,,
11322,7245,,,,,
11322,11323,,,,,
11324,11325,,,,,
11325,6365,,,,,
11324,5583,,,,,
11326,11327,,,,,
11327,5583,,,,,
11328,5588,,,,,
11329,11330,,,,,
11330,2305,,,,,
11329,2085,,,,,
11329,11331,,,,,
11332,742,,,,,
11332,6263,,,,,
11333,11334,,,,,
11334,6446,,,,,
11335,6450,,,,,
11335,11336,,,,,
11336,11337,,,,,
11338,11339,,,,,
11339,6365,,,,,
11339,10695,,,,,
11340,11341,,,,,
11341,7743,,,,,
11340,6630,,,,,
11342,3007,,,,,
11342,6256,,,,,
11342,11343,,,,,
11343,6629,,,,,
11344,11345,,,,,
11345,6629,,,,,
11345,7119,,,,,
11345,7235,,,,,
11346,11347,,,,,
11347,10748,,,,,
11348,10750,,,,,
11348,11349,,,,,
11350,2155,,,,,
11351,4373,,,,,
11351,10132,,,,,
11351,11352,,,,,
11351,11353,,,,,
11352,7823,,,,,
11354,5854,,,,,
11354,6331,,,,,
11354,6729,,,,,
11354,7170,,,,,
11355,6333,,,,,
11355,11356,,,,,
11355,11357,,,,,
11358,11359,,,,,
11359,2644,,,,,
11360,4359,,,,,
11361,6369,,,,,
11361,6861,,,,,
11362,2441,,,,,
11362,11363,,,,,
11364,6380,,,,,
4550,11365,,,,,
11365,6381,,,,,
11366,5260,,,,,
11366,6077,,,,,
11366,7363,,,,,
11366,11367,,,,,
11366,11368,,,,,
11366,11369,,,,,
11370,10872,,,,,
11371,3330,,,,,
11371,4647,,,,,
11371,10875,,,,,
11371,11372,,,,,
11371,11373,,,,,
11373,11374,,,,,
11375,11376,,,,,
11376,10876,,,,,
11376,11377,,,,,
11378,11379,,,,,
11379,10876,,,,,
11380,2710,,,,,
11380,7733,,,,,
11381,2710,,,,,
11381,3997,,,,,
11381,11382,,,,,
11383,2710,,,,,
11384,7191,,,,,
11384,2710,,,,,
11384,11385,,,,,
11386,10698,,,,,
11386,1834,,,,,
11386,3729,,,,,
11386,2710,,,,,
11386,11387,,,,,
11388,11389,,,,,
11388,11390,,,,,
11388,2710,,,,,
11391,9825,,,,,
11392,11393,,,,,
11393,3365,,,,,
11393,10123,,,,,
11392,3758,,,,,
11392,5799,,,,,
11392,11395,,,,,
11392,11394,,,,,
11396,11397,,,,,
11397,3758,,,,,
11397,5799,,,,,
11396,11398,,,,,
11399,5799,,,,,
11399,11400,,,,,
11401,4010,,,,,
11401,5799,,,,,
11401,5800,,,,,
11402,2721,,,,,
11402,4795,,,,,
11402,6068,,,,,
11402,11403,,,,,
11403,11404,,,,,
11405,11406,,,,,
11406,6067,,,,,
11407,6067,,,,,
11408,6067,,,,,
11409,11410,,,,,
11410,8006,,,,,
11409,6067,,,,,
11411,4806,,,,,
11411,11412,,,,,
11412,11413,,,,,
5543,11413,,,,,
11414,4806,,,,,
11414,10181,,,,,
11415,10954,,,,,
11416,10954,,,,,
11417,11418,,,,,
11418,8342,,,,,
11418,5877,,,,,
11419,11420,,,,,
11420,11421,,,,,
11420,8342,,,,,
11422,7139,,,,,
11423,2472,,,,,
11423,3557,,,,,
11423,11424,,,,,
11423,11425,,,,,
11423,11426,,,,,
11426,2077,,,,,
11426,11427,,,,,
11428,10932,,,,,
11428,10877,,,,,
3915,3917,,,,,
11429,9600,,,,,
11430,11431,,,,,
11431,7067,,,,,
11431,3723,,,,,
11432,11433,,,,,
11433,3723,,,,,
11434,2465,,,,,
11434,6350,,,,,
11434,11435,,,,,
11436,2465,,,,,
11436,11437,,,,,
11437,3553,,,,,
11438,6420,,,,,
11439,4122,,,,,
11439,7302,,,,,
11440,7302,,,,,
11440,7617,,,,,
11440,11441,,,,,
11440,11442,,,,,
11443,7302,,,,,
11443,10089,,,,,
11444,2977,,,,,
11444,7302,,,,,
11444,7373,,,,,
11444,11445,,,,,
11447,7302,,,,,
11447,10491,,,,,
11447,11448,,,,,
11447,11449,,,,,
11450,3960,,,,,
11450,7215,,,,,
11450,10171,,,,,
11450,7302,,,,,
11450,11451,,,,,
11452,10791,,,,,
11452,11453,,,,,
11452,11454,,,,,
11455,10688,,,,,
11456,11457,,,,,
11457,10688,,,,,
11457,2621,,,,,
11458,11459,,,,,
11459,11253,,,,,
11459,10688,,,,,
11459,11460,,,,,
11461,1621,,,,,
11461,2416,,,,,
11461,10688,,,,,
11462,11463,,,,,
11463,2405,,,,,
11464,2912,,,,,
11464,3332,,,,,
11465,11466,,,,,
11466,7714,,,,,
11466,11467,,,,,
11468,11469,,,,,
11469,4019,,,,,
11469,11470,,,,,
11471,11472,,,,,
11472,7713,,,,,
11472,11473,,,,,
11474,11475,,,,,
11475,7713,,,,,
11474,11476,,,,,
11477,3752,,,,,
11477,4649,,,,,
11477,11478,,,,,
11477,11479,,,,,
11480,10477,,,,,
11480,11481,,,,,
11480,11482,,,,,
11483,3752,,,,,
11484,11485,,,,,
11485,10805,,,,,
11486,11487,,,,,
11487,10806,,,,,
11488,11489,,,,,
11489,11490,,,,,
6152,11490,,,,,
11491,11492,,,,,
11492,6131,,,,,
11491,11048,,,,,
11493,5855,,,,,
11493,11494,,,,,
11493,11495,,,,,
11495,5370,,,,,
11496,2897,,,,,
11496,11497,,,,,
11497,4025,,,,,
11498,11499,,,,,
11499,2533,,,,,
11499,5911,,,,,
11500,2532,,,,,
11500,7399,,,,,
11500,10121,,,,,
11501,11502,,,,,
11502,2563,,,,,
11503,11504,,,,,
11504,7374,,,,,
11504,2563,,,,,
11504,11505,,,,,
11506,11507,,,,,
11507,4612,,,,,
11508,4613,,,,,
11508,7162,,,,,
11509,11510,,,,,
11510,11511,,,,,
11510,7489,,,,,
11509,4613,,,,,
6659,11512,,,,,
11513,11514,,,,,
11514,5850,,,,,
11513,11512,,,,,
11515,6661,,,,,
11515,11516,,,,,
11515,7178,,,,,
11515,7445,,,,,
11515,7918,,,,,
11517,6661,,,,,
11517,11518,,,,,
11519,6661,,,,,
11519,11520,,,,,
11521,6661,,,,,
11522,6661,,,,,
11523,11524,,,,,
11524,6697,,,,,
11524,6771,,,,,
11524,2512,,,,,