ID,Label,Team,,,,,,
0,No Trade,No Team,a,,,,,
1,Troy Terry,ANA,a,,,,,
2,Alex Killorn,ANA,a,,,,,
3,Trevor Zegras,PHI,a,,,,,
4,Ryan Strome,ANA,a,,,,,
5,Trade EDM/NYI 6/22/2017,Trade,a,,,,,
6,Trade NYR/EDM 11/16/2018,Trade,a,,,,,
7,Robby Fabbri,Unsigned,a,,,,,
8,Trade STL/DET 11/6/2019,Trade,a,,,,,
9,Trade ANA/DET 7/3/2024,Trade,a,,,,,
10,Frank Vatrano,ANA,a,,,,,
11,Trade BOS/FLA 2/22/2018,Trade,a,,,,,
12,Trade FLA/NYR 3/16/2022,Trade,a,,,,,
13,Brock McGinn,Unsigned,a,,,,,
14,Trade SJS/CAR 2/18/2011,Trade,a,,,,,
15,Trade PIT/ANA 3/3/2023,Trade,a,,,,,
16,2012 47th Overall,Draft Pick,a,,,,,
17,Isac Lundestrom,CBJ,a,,,,,
18,Ross Johnston,ANA,a,,,,,
19,Brett Leason,Unsigned,a,,,,,
20,Cutter Gauthier,ANA,a,,,,,
21,Trade PHI/ANA 1/28/2024,Trade,a,,,,,
22,Leo Carlsson,ANA,a,,,,,
23,Mason McTavish,ANA,a,,,,,
24,Nikita Nesterenko,ANA,a,,,,,
25,Trade ANA/MIN 3/3/2023,Trade,a,,,,,
26,2019 172nd Overall,Draft Pick,a,,,,,
27,Trade VGK/MIN 1/21/2019,Trade,a,,,,,
28,Jansen Harkins,ANA,a,,,,,
29,Jacob Trouba,ANA,a,,,,,
30,Trade WPG/NYR 6/17/2019,Trade,a,,,,,
31,Trade ANA/NYR 12/6/2024,Trade,a,,,,,
32,Radko Gudas,ANA,a,,,,,
33,Trade TBL/PHI 3/2/2015,Trade,a,,,,,
34,Trade PHI/WSH 6/14/2019,Trade,a,,,,,
35,Brian Dumoulin,LAK,a,,,,,
36,Trade CAR/PIT 6/22/2012,Trade,a,,,,,
37,Trade ANA/SEA 7/2/2024,Trade,a,,,,,
38,Jackson LaCombe,ANA,a,,,,,
39,2009 51st Overall,Draft Pick,a,,,,,
40,Trade LAK/CGY 6/20/2008,Trade,a,,,,,
41,Trade LAK/CAR 3/4/2009,Trade,a,,,,,
42,Drew Helleson,ANA,a,,,,,
43,Trade COL/ANA 3/14/2022,Trade,a,,,,,
44,Pavel Mintyukov,ANA,a,,,,,
45,Olen Zellweger,ANA,a,,,,,
46,John Gibson (1993),DET,a,,,,,
47,2011 39th Overall,Draft Pick,a,,,,,
48,Trade ANA/TOR 6/24/2011,Trade,a,,,,,
49,Lukas Dostal,ANA,a,,,,,
50,Beckett Sennecke,ANA,a,,,,,
51,Sam Colangelo,ANA,a,,,,,
52,Nico Myatovic,ANA,a,,,,,
53,Nathan Gaucher,ANA,a,,,,,
54,Trade ANA/BOS 3/19/2022,Trade,a,,,,,
55,2022 22nd Overall,Draft Pick,a,,,,,
56,Josh Lopina,Unsigned,a,,,,,
57,Yegor Sidorov,ANA,a,,,,,
58,2023 85th Overall,Draft Pick,a,,,,,
59,Trade MIN/ANA 3/19/2022,Trade,a,,,,,
60,Coulson Pitre,ANA,a,,,,,
61,Jaxsen Wiebe,ANA,a,,,,,
62,Judd Caulfield,ANA,a,,,,,
63,Trade PIT/ANA 3/31/2023,Trade,a,,,,,
64,Jan Mysak,ANA,a,,,,,
65,Trade MTL/ANA 3/7/2024,Trade,a,,,,,
66,2020 48th Overall,Draft Pick,a,,,,,
67,Trade CHI/MTL 6/30/2019,Trade,a,,,,,
68,Sasha Pastujov,ANA,a,,,,,
69,Carson Meyer,BUF,a,,,,,
70,Pavol Regenda,SJS,a,,,,,
71,Stian Solberg,ANA,a,,,,,
72,2024 23rd Overall,Draft Pick,a,,,,,
73,Trade TOR/ANA 6/28/2024,Trade,a,,,,,
74,Rodwin Dionicio,ANA,a,,,,,
75,Tristan Luneau,ANA,a,,,,,**
76,2022 53rd Overall,Draft Pick,a,,,,,
77,Trade PIT/ANA 3/21/2022,Trade,a,,,,,
78,Noah Warren,ANA,a,,,,,
79,Tyson Hinds,ANA,a,,,,,
80,2021 76th Overall,Draft Pick,a,,,,,
81,Trade MTL/ANA 7/24/2021,Trade,a,,,,,
82,Jeremie Biakabutuka,ANA,a,,,,,
83,Trade STL/ANA 12/14/2024,Trade,a,,,,,
84,Calle Clang,ANA,a,,,,,
85,Damian Clara,ANA,a,,,,,
86,2023 60th Overall,Draft Pick,a,,,,,
87,Tomas Suchanek,ANA,a,,,,,
88,Vyacheslav Buteyets,ANA,a,,,,,
89,2022 178th Overall,Draft Pick,a,,,,,
90,Trade ANA/NSH 2/24/2020,Trade,a,,,,,
91,Oscar Dansk,Unsigned,a,,,,,
92,Artyom Galimov,ANA,a,,,,,
93,Ethan Bowen,ANA,a,,,,,
94,2020 207th Overall,Draft Pick,a,,,,,
95,Trade CBJ/ANA 10/7/2020,Trade,a,,,,,
96,Kyle Kukkonen,ANA,a,,,,,
97,Michael Callow,ANA,a,,,,,
98,2022 154th Overall,Draft Pick,a,,,,,
99,Trade TOR/ANA 4/12/2021,Trade,a,,,,,
100,Carey Terrance,NYR,a,,,,,
101,2023 59th Overall,Draft Pick,a,,,,,
102,Maxim Masse,ANA,a,,,,,
103,2024 66th Overall,Draft Pick,a,,,,,
104,Trade SJS/ANA 2/28/2023,Trade,a,,,,,
105,Ethan Procyszyn,ANA,a,,,,,
106,Lucas Pettersson,ANA,a,,,,,
107,Alexandre Blais,ANA,a,,,,,
108,Austin Burnevik,ANA,a,,,,,
109,2024 182nd Overall,Draft Pick,a,,,,,
110,Trade LAK/ANA 6/29/2024,Trade,a,,,,,
111,William Francis,ANA,a,,,,,
112,Ian Moore,ANA,a,,,,,
113,Konnor Smith,ANA,a,,,,,
114,Vojtech Port,Unsigned,a,,,,,
115,Tarin Smith,ANA,a,,,,,
116,2024 79th Overall,Draft Pick,a,,,,,
117,Darels Uljanskis,ANA,a,,,,,
118,2024 214th Overall,Draft Pick,a,,,,,
119,David Pastrnak,BOS,a,,,,,
120,Elias Lindholm,BOS,a,,,,,
121,Trade CAR/CGY 6/23/2018,Trade,a,,,,,
122,Trade VAN/CGY 1/31/2024,Trade,a,,,,,
123,Brad Marchand,FLA,a,,,,,
124,2006 71st Overall,Draft Pick,a,,,,,
125,Trade NYI/PHX 3/9/2006,Trade,a,,,,,
126,Trade BOS/NYI 6/24/2006,Trade,a,,,,,
127,Charlie Coyle,CBJ,a,,,,,
128,Trade MIN/BOS 2/20/2019,Trade,a,,,,,
129,2010 28th Overall,Draft Pick,a,,,,,
130,Pavel Zacha,BOS,a,,,,,
131,Trade NJD/BOS 7/13/2022,Trade,a,,,,,
132,Trent Frederic,EDM,a,,,,,
133,Trade BOS/SJS 6/30/2015,Trade,a,,,,,
134,2016 29th Overall,Draft Pick,a,,,,,
135,Morgan Geekie,BOS,a,,,,,
136,2017 67th Overall,Draft Pick,a,,,,,
137,Trade CAR/NJD 3/5/2014,Trade,a,,,,,
138,Oliver Wahlstrom,Unsigned,a,,,,,
139,John Beecher,BOS,a,,,,,
140,Mark Kastelic,BOS,a,,,,,
141,Trade OTT/BOS 6/24/2024,Trade,a,,,,,
142,Cole Koepke,WPG,a,,,,,
143,Justin Brazeau,PIT,a,,,,,
144,Marc McLaughlin,NJD,a,,,,,
145,Charlie McAvoy,BOS,a,,,,,
146,Hampus Lindholm,BOS,a,,,,,
147,Nikita Zadorov,BOS,a,,,,,
148,2013 16th Overall,Draft Pick,a,,,,,
149,Trade BUF/MIN 4/3/2013,Trade,a,,,,,
150,Trade COL/BUF 6/26/2015,Trade,a,,,,,
151,Trade COL/CHI 10/10/2020,Trade,a,,,,,
152,Trade CHI/CGY 7/28/2021,Trade,a,,,,,
153,Trade CGY/VAN 11/30/2023,Trade,a,,,,,
154,Brandon Carlo,TOR,a,,,,,
155,2015 37th Overall,Draft Pick,a,,,,,
156,Trade NYI/PHI 3/4/2014,Trade,a,,,,,
157,Trade NYI/BOS 10/4/2014,Trade,a,,,,,
158,Andrew Peeke,BOS,a,,,,,
159,Trade CBJ/BOS 3/8/2024,Trade,a,,,,,
160,Mason Lohrei,BOS,a,,,,,
161,Parker Wotherspoon,PIT,a,,,,,
162,Jordan Oesterle,NSH,a,,,,,
163,Trade ARI/CHI 7/12/2018,Trade,a,,,,,
164,Jeremy Swayman,BOS,a,,,,,
165,Joonas Korpisalo,BOS,a,,,,,
166,Trade CBJ/LAK 3/1/2023,Trade,a,,,,,
167,Max Jones,EDM,a,,,,,
168,Georgii Merkulov,BOS,a,,,,,
169,John Farinacci,BOS,a,,,,,
170,Matthew Poitras,BOS,a,,,,,
171,Jaxon Nelson,BOS,a,,,,,
172,Trevor Kuntar,BOS,a,,,,,
173,Riley Duran,BOS,a,,,,,
174,Fabian Lysell,BOS,a,,,,,
175,Brett Harrison,BOS,a,,,,,
176,Patrick Brown,BOS,a,,,,,
177,Trade PHI/OTT 3/3/2023,Trade,a,,,,,
178,Riley Tufte,BOS,a,,,,,
179,Vinni Lettieri,TOR,a,,,,,
180,Trade BOS/MIN 6/29/2024,Trade,a,,,,,
181,Jeffrey Viel,BOS,a,,,,,
182,Drew Bavaro,Unsigned,a,,,,,
183,Frederic Brunet,BOS,a,,,,,
184,Trade BOS/SEA 7/8/2022,Trade,a,,,,,
185,2022 132nd Overall,Draft Pick,a,,,,,
186,Loke Johansson,BOS,a,,,,,
187,Jackson Edward,BOS,a,,,,,
188,2022 200th Overall,Draft Pick,a,,,,,
189,Trade BOS/OTT 3/21/2022,Trade,a,,,,,
190,Ryan Mast,CHI,a,,,,,
191,Ian Mitchell,DET,a,,,,,
192,Trade CHI/BOS 6/26/2022,Trade,a,,,,,
193,Michael Callahan,BOS,a,,,,,
194,Trade ARI/BOS 2/22/2022,Trade,a,,,,,
195,2018 142nd Overall,Draft Pick,a,,,,,
196,Trade CHI/CBJ 6/23/2017,Trade,a,,,,,
197,Trade CHI/ARI 6/23/2018,Trade,a,,,,,
198,Billy Sweezey,BOS,a,,,,,
199,Michael DiPietro,BOS,a,,,,,
200,Trade VAN/BOS 10/27/2022,Trade,a,,,,,
201,Brandon Bussi,CAR,a,,,,,
202,Jake Schmaltz,Unsigned,a,,,,,
203,2019 192nd Overall,Draft Pick,a,,,,,
204,Trade NYR/BOS 9/11/2018,Trade,a,,,,,
205,Oskar Jellvik,BOS,a,,,,,
206,Andre Gasseau,BOS,a,,,,,
207,Cole Spicer,BOS,a,,,,,
208,2022 117th Overall,Draft Pick,a,,,,,
209,Trade WSH/SEA 3/21/2022,Trade,a,,,,,
210,Dans Locmelis,BOS,a,,,,,
211,Christopher Pelosi,BOS,a,,,,,
212,Beckett Hendrickson,BOS,a,,,,,
213,Ryan Walsh,BOS,a,,,,,
214,Casper Nassen,BOS,a,,,,,
215,2023 214th Overall,Draft Pick,a,,,,,
216,Trade LAK/BOS 7/8/2022,Trade,a,,,,,
217,Dean Letourneau,BOS,a,,,,,
218,2024 25th Overall,Draft Pick,a,,,,,
219,Trade DET/BOS 3/2/2023,Trade,a,,,,,
220,Trade DET/OTT 7/9/2023,Trade,a,,,,,
221,Jonathan Morello,BOS,a,,,,,
222,Roman Bychkov,BOS,a,,,,,
223,Mason Langenbrunner,BOS,a,,,,,
224,Jonathan Myrenberg,Unsigned,a,,,,,
225,2021 140th Overall,Draft Pick,a,,,,,
226,Trade CHI/VAN 4/12/2021,Trade,a,,,,,
227,Ty Gallagher,BOS,a,,,,,
227.1,2021 217th Overall,Draft Pick,a,,,,,
228,Trade TOR/BOS 10/7/2020,Trade,a,,,,,
229,Kristian Kostadinski,BOS,a,,,,,
230,Elliott Groenewold,BOS,a,,,,,
231,2024 110th Overall,Draft Pick,a,,,,,
232,Philip Svedeback,BOS,a,,,,,
233,Tage Thompson,BUF,a,,,,,
234,Trade STL/BUF 7/1/2018,Trade,a,,,,,
235,2016 26th Overall,Draft Pick,a,,,,,
236,Trade STL/WSH 6/25/2016,Trade,a,,,,,
237,Dylan Cozens,OTT,a,,,,,
238,Jason Zucker,BUF,a,,,,,
239,Trade PIT/MIN 2/10/2020,Trade,a,,,,,
240,Trade ARI/NSH 3/8/2024,Trade,a,,,,,
241,2010 59th Overall,Draft Pick,a,,,,,
242,Trade LAK/FLA 6/25/2010,Trade,a,,,,,
243,Trade PHI/LAK 7/1/2008,Trade,a,,,,,
244,Trade FLA/MIN 6/26/2010,Trade,a,,,,,
245,Alex Tuch,BUF,a,,,,,
246,Trade MIN/VGK 6/21/2017,Trade,a,,,,,
247,Trade VGK/BUF 11/4/2021,Trade,a,,,,,
248,Jordan Greenway,BUF,a,,,,,
249,Trade MIN/BUF 3/3/2023,Trade,a,,,,,
250,Ryan McLeod,BUF,a,,,,,
251,Trade BUF/EDM 7/5/2024,Trade,a,,,,,
252,Sam Lafferty,CHI,a,,,,,
253,Trade CHI/PIT 1/5/2022,Trade,a,,,,,
254,Trade TOR/CHI 2/27/2023,Trade,a,,,,,
255,Trade TOR/VAN 10/8/2023,Trade,a,,,,,
256,Trade CHI/VAN 6/6/2024,Trade,a,,,,,
257,Nicolas Aube-Kubel,MIN,a,,,,,
258,Peyton Krebs,BUF,a,,,,,
259,Beck Malenstyn,BUF,a,,,,,
260,Trade WSH/BUF 6/29/2024,Trade,a,,,,,
261,2016 145th Overall,Draft Pick,a,,,,,
262,Trade ANA/TOR 3/2/2015,Trade,a,,,,,
263,Trade TOR/WSH 2/28/2016,Trade,a,,,,,
264,Zach Benson,BUF,a,,,,,
265,Jiri Kulich,BUF,a,,,,,
266,2022 28th Overall,Draft Pick,a,,,,,
267,Trade BUF/FLA 7/24/2021,Trade,a,,,,,
268,Jack Quinn,BUF,a,,,,,
269,JJ Peterka,UTH,a,,,,,
270,2020 34th Overall,Draft Pick,a,,,,,
271,Trade BUF/SJS 10/7/2020,Trade,a,,,,,
272,Rasmus Dahlin,BUF,a,,,,,
273,Owen Power,BUF,a,,,,,
274,Mattias Samuelsson,BUF,a,,,,,
275,Bowen Byram,BUF,a,,,,,
276,Trade BUF/COL 3/6/2024,Trade,a,,,,,
277,2019 4th Overall,Draft Pick,a,,,,,
278,Connor Clifton,PIT,a,,,,,
279,Henri Jokiharju,BOS,a,,,,,
280,Trade BUF/CHI 7/9/2019,Trade,a,,,,,
281,2017 29th Overall,Draft Pick,a,,,,,
282,Trade ANA/DAL 2/24/2017,Trade,a,,,,,
283,Trade CHI/DAL 6/23/2017,Trade,a,,,,,
284,Jacob Bryson,BUF,a,,,,,
285,Dennis Gilbert,PHI,a,,,,,
286,Ukko-Pekka Luukkonen,BUF,a,,,,,
287,2017 54th Overall,Draft Pick,a,,,,,
288,Trade MIN/BUF 3/2/2015,Trade,a,,,,,
289,James Reimer,Unsigned,a,,,,,
290,Trade TOR/SJS 2/27/2016,Trade,a,,,,,
291,Trade FLA/CAR 6/30/2019,Trade,a,,,,,
292,2006 99th Overall,Draft Pick,a,,,,,
293,Trade CAR/CBJ 7/30/2005,Trade,a,,,,,
294,Trade CHI/CAR 1/20/2006,Trade,a,,,,,
295,Trade TOR/CHI 6/24/2006,Trade,a,,,,,
296,Konsta Helenius,BUF,a,,,,,
297,2024 14th Overall,Draft Pick,a,,,,,
298,Trade PIT/SJS/MTL 8/6/2023,Trade,a,,,,,
299,Trade BUF/SJS 6/27/2024,Trade,a,,,,,
300,Isak Rosen,BUF,a,,,,,
301,2021 14th Overall,Draft Pick,a,,,,,
302,Trade BUF/PHI 7/23/2021,Trade,a,,,,,
303,Noah Ostlund,BUF,a,,,,,
304,2022 16th Overall,Draft Pick,a,,,,,
305,Viktor Neuchev,BUF,a,,,,,
306,Anton Wahlberg,BUF,a,,,,,
307,2023 39th Overall,Draft Pick,a,,,,,
308,Alexander Kisakov,Unsigned,a,,,,,
309,2021 53rd Overall,Draft Pick,a,,,,,
310,Trade BUF/BOS 4/12/2021,Trade,a,,,,,
311,Bennett MacArthur,Unsigned,,,,,,
312,Trade TBL/PIT 6/30/2024,Trade,,,,,,
313,Trade PIT/BUF 1/3/2025,Trade,,,,,,
314,Tyson Kozak,BUF,a,,,,,
315,Olivier Nadeau,BUF,a,,,,,
316,Tyler Tullio,BUF,a,,,,,
317,2020 126th Overall,Draft Pick,a,,,,,
318,Trade OTT/SJS 6/19/2018,Trade,a,,,,,
319,Trade SJS/EDM 10/7/2020,Trade,a,,,,,
320,Brett Murray,Unsigned,a,,,,,
321,Mason Jobst,Unsigned,,,,,,
322,Trade NJD/NYI 4/7/2021,Trade,,,,,,
323,Lukas Rousek,Unsigned,,,,,,
324,Josh Dunne,BUF,a,,,,,
325,Arttu Ruotsalainen,Unsigned,,,,,,
326,Ryan Johnson,BUF,a,,,,,
327,2019 31st Overall,Draft Pick,a,,,,,
328,Nikita Novikov,BUF,a,,,,,
329,2021 188th Overall,Draft Pick,a,,,,,
330,Trade BUF/COL 3/20/2021,Trade,a,,,,,
331,Vsevolod Komarov,BUF,a,,,,,
332,2022 134th Overall,Draft Pick,a,,,,,
333,Trade BUF/NJD 7/28/2021,Trade,a,,,,,
334,Kale Clague,WPG,a,,,,,
335,Jack Rathbone,BUF,a,,,,,
336,Trade VAN/PIT 10/17/2023,Trade,a,,,,,
337,Devon Levi,BUF,a,,,,,
338,2020 212th Overall,Draft Pick,a,,,,,
339,Trade STL/TOR 6/22/2019,Trade,a,,,,,
340,Trade TOR/FLA 10/7/2020,Trade,a,,,,,
341,Scott Ratzlaff,BUF,a,,,,,
342,Felix Sandstrom,Unsigned,,,,,,
343,2015 70th Overall,Draft Pick,,,,,,
344,Trade PHI/SJS 7/2/2014,Trade,,,,,,
345,Vasili Glotov,BUF,a,,,,,
346,2016 190th Overall,Draft Pick,,,,,,
347,Trade BUF/MTL 3/2/2015,Trade,,,,,,
348,Matteo Costantini,Unsigned,,,,,,
349,Prokhor Poltapov,BUF,a,,,,,
350,Stiven Saradryan,Unsigned,a,,,,,
351,2021 88th Overall,Draft Pick,a,,,,,
352,Trade BUF/FLA 4/10/2021,Trade,a,,,,,
353,Viljami Marjala,EDM,a,,,,,
354,2021 159th Overall,Draft Pick,a,,,,,
355,Trade MTL/BUF 3/26/2021,Trade,a,,,,,
356,William von Barnekow,Unsigned,a,,,,,
357,Jake Richard,BUF,a,,,,,
358,Gustav Karlsson,BUF,a,,,,,
359,2022 187th Overall,Draft Pick,a,,,,,
360,Trade CGY/FLA 4/12/2021,Trade,a,,,,,
361,Trade FLA/BUF 3/20/2022,Trade,a,,,,,
362,Joel Ratkovic Berndtsson,BUF,a,,,,,
363,Ethan Miedema,Unsigned,a,,,,,
364,Brodie Ziemer,BUF,a,,,,,
365,2024 71st Overall,Draft Pick,,,,,,
366,Trade COL/UTH 6/28/2024,Trade,,,,,,
367,Trade COL/BUF 6/29/2024,Trade,,,,,,
368,Vasili Zelenov,BUF,a,,,,,
369,Artyom Kriukov,BUF,a,,,,,
370,Maxim Strbak,BUF,a,,,,,
371,Gavin McCarthy,BUF,a,,,,,
372,2023 86th Overall,Draft Pick,,,,,,
373,Trade BUF/LAK 3/1/2023,Trade,,,,,,
374,Sean Keohane,BUF,a,,,,,
375,Norwin Panocha,BUF,a,,,,,
376,Adam Kleber,BUF,a,,,,,
377,2024 42nd Overall,Draft Pick,,,,,,
378,Trade NJD/SJS 2/26/2023,Trade,,,,,,
379,Luke Osburn,BUF,a,,,,,
380,Simon-Pier Brunet,BUF,a,,,,,
381,2024 132rd Overall,Draft Pick,a,,,,,
382,Trade BUF/WPG 6/29/2024,Trade,a,,,,,
383,Patrick Geary,BUF,a,,,,,
384,Topias Leinonen,BUF,a,,,,,
385,Ryerson Leenders,BUF,a,,,,,
386,2024 119th Overall,Draft Pick,a,,,,,
387,Eric Robinson,CAR,a,,,,,
388,Trade BUF/CBJ 12/6/2023,Trade,a,,,,,
389,Erik Johnson,Unsigned,a,,,,,
390,Trade STL/COL 2/19/2011,Trade,a,,,,,
391,Trade BUF/PHI 3/8/2024,Trade,a,,,,,
392,Jeff Skinner,SJS,a,,,,,
393,Trade CAR/BUF 8/2/2018,Trade,a,,,,,
394,Kyle Okposo,Unsigned,a,,,,,
395,Trade FLA/BUF 3/8/2024,Trade,a,,,,,
396,Jonathan Huberdeau,CGY,a,,,,,
397,Trade CGY/FLA 7/22/2022,Trade,a,,,,,
398,Nazem Kadri,CGY,a,,,,,
399,Trade TOR/COL 7/1/2019,Trade,a,,,,,
400,Andrei Kuzmenko,LAK,a,,,,,
401,Blake Coleman,CGY,a,,,,,
402,Trade NJD/TBL 2/16/2020,Trade,a,,,,,
403,2011 75th Overall,Draft Pick,a,,,,,
404,Trade DAL/NJD 1/7/2011,Trade,a,,,,,
405,Mikael Backlund,CGY,a,,,,,
406,2007 24th Overall,Draft Pick,a,,,,,
407,Trade 2/25/2007 ATL/STL,Trade,a,,,,,
408,Trade STL/CGY 6/22/2007,Trade,a,,,,,
409,Anthony Mantha,PIT,a,,,,,
410,Trade DET/WSH 4/12/2021,Trade,a,,,,,
411,Trade WSH/VGK 3/5/2024,Trade,a,,,,,
412,2013 20th Overall,Draft Pick,a,,,,,
413,Trade SJS/DET 6/30/2013,Trade,a,,,,,
414,Yegor Sharangovich,CGY,a,,,,,
415,Trade CGY/NJD 6/27/2023,Trade,a,,,,,
416,Ryan Lomberg,CGY,a,,,,,
417,Kevin Rooney,UTH,a,,,,,
418,Martin Pospisil,CGY,a,,,,,
419,Matt Coronato,CGY,a,,,,,
420,Connor Zary,CGY,a,,,,,
421,2020 24th Overall,Draft Pick,a,,,,,
422,Trade CGY/WSH 10/6/2020,Trade,a,,,,,
423,Walker Duehr,WPG,a,,,,,
424,Jakob Pelletier,TBL,a,,,,,
425,Justin Kirkland,CGY,a,,,,,
426,2014 62nd Overall,Draft Pick,a,,,,,
427,Trade FLA/CHI 3/2/2014,Trade,a,,,,,
428,Trade CHI/SJS 6/27/2014,Trade,a,,,,,
429,Trade NSH/SJS 6/28/2014,Trade,a,,,,,
430,MacKenzie Weegar,CGY,a,,,,,
431,2013 206th Overall,Draft Pick,a,,,,,
432,Trade MTL/FLA 6/30/2013,Trade,a,,,,,
433,Rasmus Andersson,CGY,a,,,,,
434,2015 53rd Overall,Draft Pick,a,,,,,
435,Trade VAN/CGY 3/2/2015,Trade,a,,,,,
436,Jake Bean,CGY,a,,,,,
437,Trade CBJ/CAR 7/23/2021,Trade,a,,,,,
438,Tyson Barrie,Unsigned,,,,,,
439,Trade EDM/NSH 2/28/2023,Trade,a,,,,,
440,Daniil Miromanov,CGY,a,,,,,
441,Trade VGK/CGY/PHI 3/6/2024,Trade,a,,,,,
442,Kevin Bahl,CGY,a,,,,,
443,2018 55th Overall,Draft Pick,a,,,,,
444,Trade MIN/ARI 2/26/2017,Trade,a,,,,,
445,Trade ARI/NJD 12/16/2019,Trade,a,,,,,
446,Trade CGY/NJD 6/19/2024,Trade,a,,,,,
447,Joel Hanley,CGY,a,,,,,
448,Brayden Pachal,CGY,a,,,,,
449,Dan Vladar,PHI,a,,,,,
450,Trade BOS/CGY 7/28/2021,Trade,a,,,,,
451,Dustin Wolf,CGY,a,,,,,
452,2019 214th Overall,Draft Pick,a,,,,,
453,Trade CAR/CGY 6/29/2017,Trade,a,,,,,
454,Matvei Gridin,CGY,a,,,,,
455,2024 28th Overall,Draft Pick,a,,,,,
456,Samuel Honzek,CGY,a,,,,,
457,William Stromgren,CGY,a,,,,,
458,Andrew Basha,CGY,a,,,,,
459,Sam Morton,CGY,a,,,,,
460,Parker Bell,CGY,a,,,,,
461,Rory Kerins,CGY,a,,,,,
462,Lucas Ciona,CGY,a,,,,,
463,Martin Frk,Unsigned,a,,,,,
464,Clark Bishop,CGY,a,,,,,
465,Trade CAR/OTT 1/12/2021,Trade,a,,,,,
466,Dryden Hunt,CGY,a,,,,,
467,Trade CGY/TOR 3/3/2023,Trade,a,,,,,
468,Trade TOR/COL 12/19/2022,Trade,a,,,,,
469,Adam Klapka,CGY,a,,,,,
470,Eetu Tuulola,Unsigned,a,,,,,
471,Zayne Parekh,CGY,a,,,,,
472,Hunter Brzustewicz,CGY,a,,,,,
473,Etienne Morin,CGY,a,,,,,
474,Joni Jurmo,Unsigned,a,,,,,
475,Jeremie Poirier,CGY,a,,,,,
476,2020 72nd Overall,Draft Pick,a,,,,,
477,Trade CGY/NYR 10/6/2020,Trade,a,,,,,
478,Artyom Grushnikov,CGY,a,,,,,
479,2021 48th Overall,Draft Pick,,,,,,
480,Trade DET/NYR 9/26/2020,Trade,,,,,,
481,Trade DET/DAL 7/23/2021,Trade,,,,,,
482,Trade CGY/NJD/DAL 2/28/2024,Trade,,,,,,
483,Jarred Tinordi,Unsigned,,,,,,
484,Trade MTL/NSH/ARI 1/15/2016,Trade,,,,,,
485,2010 22nd Overall,Draft Pick,,,,,,
486,Trade MTL/PHX 6/25/2010,Trade,,,,,,
487,Jonathan Aspirot,BOS,a,,,,,
488,Yan Kuznetsov,CGY,a,,,,,
489,Ilya Solovyov,COL,a,,,,,
490,Carl-Johan Lerby,CGY,a,,,,,
491,Nikita Okhotiuk,CGY,a,,,,,
492,Trade CGY/SJS 3/8/2024,Trade,,,,,,
493,2019 61st Overall,Draft Pick,,,,,,
494,Trade BOS/NJD 2/25/2019,Trade,,,,,,
495,Waltteri Ignatjew,Unsigned,a,,,,,
496,Devin Cooley,CGY,a,,,,,
497,Trade BUF/SJS 3/8/2024,Trade,a,,,,,
498,Pavel Karnaukhov,CGY,a,,,,,
499,Demetrios Koumontzis,CGY,a,,,,,
500,2018 108th Overall,Draft Pick,,,,,,
501,Trade FLA/CGY 2/27/2016,Trade,,,,,,
502,Cade Littler,CGY,a,,,,,
503,Jaden Lipinski,CGY,a,,,,,
504,Aydar Suniev,CGY,a,,,,,
505,2023 80th Overall ,Draft Pick,,,,,,
506,Trade CGY/SEA 3/16/2022,Trade,,,,,,
507,Trade SEA/CBJ 7/22/2022,Trade,,,,,,
508,Trade CBJ/NJD 6/9/2023,Trade,,,,,,
509,Jacob Battaglia,CGY,a,,,,,
510,2024 62nd Overall,Draft Pick,,,,,,
511,Luke Misa,CGY,a,,,,,
512,2024 150th Overall,Draft Pick,,,,,,
513,Trade LAK/PHI 3/3/2023,Trade,,,,,,
514,Trade PHI/CGY 6/29/2024,Trade,,,,,,
515,Trevor Hoskin,CGY,a,,,,,
516,Hunter Laing,CGY,a,,,,,
517,Rushan Rafikov,CGY,a,,,,,
518,Jake Boltmann,Unsigned,a,,,,,
519,2020 80th Overall,Draft Pick,,,,,,
520,Trade ARI/COL 6/25/2019,Trade,,,,,,
521,Trade COL/WSH 6/28/2019,Trade,,,,,,
522,Axel Hurtig,CGY,a,,,,,
523,Henry Mews,CGY,a,,,,,
524,Eric Jamieson,CGY,a,,,,,
525,2024 177th Overall,Draft Pick,,,,,,
526,Trade PHI/STL 6/27/2023,Trade,,,,,,
527,Daniil Chechelev,CGY,a,,,,,
528,2020 96th Overall,Draft Pick,,,,,,
529,Trade SJS/MTL 6/22/2019,Trade,,,,,,
530,Trade BUF/CGY 1/1/2020,Trade,,,,,,
531,Trade MTL/BUF 1/2/2020,Trade,,,,,,
532,Arseny Sergeyev,CGY,a,,,,,
533,Yegor Yegorov,CGY,a,,,,,
534,Kirill Zarubin,CGY,a,,,,,
535,2024 84th Overall,Draft Pick,a,,,,,
536,Trade VGK/PIT 3/1/2023,Trade,a,,,,,
537,Trade PIT/VGK 6/28/2023,Trade,a,,,,,
538,Sebastian Aho b.1997,CAR,a,,,,,
539,Andrei Svechnikov,CAR,a,,,,,
540,Seth Jarvis,CAR,a,,,,,
541,2020 13th Overall,Draft Pick,a,,,,,
542,Trade CAR/TOR 6/22/2019,Trade,a,,,,,
543,Martin Necas,COL,a,,,,,
544,Jesperi Kotkaniemi,CAR,a,,,,,
545,Jordan Martinook,CAR,a,,,,,
546,Trade ARI/CAR 5/3/2018,Trade,a,,,,,
547,Jordan Staal,CAR,a,,,,,
548,Jack Roslovic,EDM,a,,,,,
549,Trade CBJ/WPG 1/23/2021,Trade,a,,,,,
550,Trade NYR/CBJ 3/8/2024,Trade,a,,,,,
551,2015 25th Overall,Draft Pick,a,,,,,
552,Trade STL/BUF 2/28/2014,Trade,a,,,,,
553,Trade BUF/WPG 2/11/2015,Trade,a,,,,,
554,Jesper Fast,Unsigned,,,,,,
555,2010 157th Overall,Draft Pick,a,,,,,
556,Trade NYR/CGY 6/26/2010,Trade,a,,,,,
557,William Carrier,CAR,a,,,,,
558,2013 57th Overall,Draft Pick,a,,,,,
559,Trade LAK/EDM 6/30/2013,Trade,a,,,,,
560,Trade STL/EDM 6/30/2013,Trade,a,,,,,
561,Jack Drury,COL,a,,,,,
562,Tyson Jost,NSH,a,,,,,
563,Trade COL/MIN 3/15/2022,Trade,a,,,,,
564,Dmitry Orlov,SJS,a,,,,,
565,Trade BOS/WSH/MIN 2/23/2023,Trade,a,,,,,
566,Jaccob Slavin,CAR,a,,,,,
567,2012 120th Overall,Draft Pick,a,,,,,
568,Trade NJD/CAR 1/20/2012,Trade,a,,,,,
569,Brent Burns,COL,a,,,,,
570,Trade MIN/SJS 6/24/2011,Trade,a,,,,,
571,Trade SJS/CAR 7/13/2022,Trade,a,,,,,
572,Sean Walker,CAR,a,,,,,
573,Trade LAK/PHI/CBJ 6/6/2023,Trade,a,,,,,
574,Trade COL/PHI 3/6/2024,Trade,a,,,,,
575,Shayne Gostisbehere,CAR,a,,,,,
576,Trade ARI/PHI 7/22/2021,Trade,a,,,,,
577,Trade ARI/CAR 3/1/2023,Trade,a,,,,,
578,2012 78th Overall,Draft Pick,a,,,,,
579,Trade FLA/SJS 6/25/2011,Trade,a,,,,,
580,Trade FLA/PHI 7/1/2011,Trade,a,,,,,
581,Jalen Chatfield,CAR,a,,,,,
582,Frederik Andersen,CAR,a,,,,,
583,2010 187th Overall,Draft Pick,a,,,,,
584,2012 87th Overall,Draft Pick,a,,,,,
585,Trade VAN/ANA 2/28/2011,Trade,a,,,,,
586,Trade TOR/ANA 6/20/2016,Trade,a,,,,,
587,Pyotr Kochetkov,CAR,a,,,,,
588,2019 36th Overall,Draft Pick,a,,,,,
589,Bradly Nadeau,CAR,a,,,,,
590,Jackson Blake,CAR,a,,,,,
591,2021 109th Overall,Draft Pick,a,,,,,
592,Trade CGY/LAK 2/24/2020,Trade,a,,,,,
593,Trade LAK/CAR 7/24/2021,Trade,a,,,,,
594,Noel Gunler,CAR,a,,,,,
595,2020 41st Overall,Draft Pick,a,,,,,
596,Trade CAR/NYR 4/30/2019,Trade,a,,,,,
597,Gleb Trikozov,CAR,a,,,,,
598,Juha Jaaska,CAR,a,,,,,
599,Felix Unger Sorum,CAR,a,,,,,
600,Justin Robidas,CAR,a,,,,,
601,2021 147th Overall,Draft Pick,a,,,,,
602,Trade CAR/NSH 7/24/2021,Trade,a,,,,,
603,Skyler Brind'Amour,CAR,a,,,,,
604,Josiah Slavin,CAR,a,,,,,
605,Trade ANA/CHI 2/23/2023,Trade,a,,,,,
606,Ryan Suzuki,CAR,a,,,,,
607,Domenick Fensore,CAR,a,,,,,
608,Joel Nystrom,CAR,a,,,,,
609,Scott Morrow (2002),NYR,a,,,,,
610,2021 40th Overall,Draft Pick,a,,,,,
611,Trade LAK/NSH 7/1/2021,Trade,a,,,,,
612,Trade NSH/CAR 7/23/2021,Trade,a,,,,,
613,Charles-Alexis Legault,CAR,a,,,,,
614,2023 139th Overall,Draft Pick,a,,,,,
615,Trade VAN/CAR 10/28/2022,Trade,a,,,,,
616,Dominik Badinka,CAR,a,,,,,
617,2024 34th Overall,Draft Pick,a,,,,,
618,Trade CHI/CAR 6/28/2024,Trade,a,,,,,
619,Bryce Montgomery,CAR,a,,,,,
620,2021 170th Overall,Draft Pick,a,,,,,
621,Trade OTT/CAR 7/24/2021,Trade,a,,,,,
622,Anttoni Honka,Unsigned,a,,,,,
623,2019 83rd Overall,Draft Pick,a,,,,,
624,Trade CAR/OTT 6/22/2019,Trade,a,,,,,
625,Trade PIT/OTT/VGK 2/23/2018,Trade,a,,,,,
626,Ronan Seeley,CAR,a,,,,,
627,Aleksi Heimosalmi,CAR,a,,,,,
628,2021 44th Overall,Draft Pick,,,,,,
629,Trade CHI/CBJ 7/23/2021,Trade,,,,,,
630,Joakim Ryan,Unsigned,a,,,,,
631,Riley Stillman,EDM,a,,,,,
632,Trade FLA/CHI 4/8/2021,Trade,,,,,,
633,Trade VAN/CHI 10/7/2022,Trade,,,,,,
634,Ty Smith,Unsigned,,,,,,
635,Trade NJD/PIT 7/16/2022,Trade,a,,,,,
636,Trade PIT/CAR 3/7/2024,Trade,a,,,,,
637,Trade VAN/BUF 2/27/2023,Trade,a,,,,,
638,Tarmo Reunanen,Unsigned,a,,,,,
639,2016 98th Overall,Draft Pick,a,,,,,
640,Trade ARI/NYR 3/1/2015,Trade,a,,,,,
641,Trade NYR/CAR 3/28/2022,Trade,a,,,,,
642,Jesper Sellgren,Unsigned,a,,,,,
643,Ruslan Khazheyev,CAR,a,,,,,
644,Yaniv Perets,Unsigned,a,,,,,
645,Dustin Tokarski,Unsigned,,,,,,
646,Trade MTL/TBL 2/14/2013,Trade,,,,,,
647,Trade MTL/ANA 1/7/2016,Trade,,,,,,
648,Spencer Martin,Unsigned,a,,,,,
649,Lucas Mercuri,TBL,a,,,,,
650,2020 159th Overall,Draft Pick,,,,,,
651,Trade LAK/CAR 10/7/2020,Trade,,,,,,
652,Nikita Guslistov,CAR,a,,,,,
653,2021 209th Overall,Draft Pick,,,,,,
654,Trade STL/CAR 9/24/2019,Trade,,,,,,
655,Alexander Perevalov,CAR,a,,,,,
656,2022 71st Overall,Draft Pick,,,,,,
657,Trade CHI/CAR 7/24/2021,Trade,,,,,,
658,Jayden Perron,CAR,a,,,,,
659,2023 94th Overall,Draft Pick,,,,,,
660,Trade SJS/CAR 6/29/2023,Trade,,,,,,
661,Alexander Rykov,CAR,a,,,,,
662,2023 100th Overall,Draft Pick,,,,,,
663,Stanislav Yarovoy,CAR,a,,,,,
664,Timur Mukhanov,CAR,a,,,,,
665,2023 163rd Overall,Draft Pick,,,,,,
666,Trade CHI/CAR 7/8/2022,Trade,,,,,,
667,Michael Emerson,CAR,a,,,,,
668,Nikita Artamonov,CAR,a,,,,,
669,2024 50th Overall,Draft Pick,,,,,,
670,Trade NYI/CHI 5/24/2024,Trade,,,,,,
671,Antti Raanta,Unsigned,,,,,,
672,Trade CHI/NYR 6/27/2015,Trade,a,,,,,
673,Trade NYR/ARI 6/23/2017,Trade,a,,,,,
674,Brady Skjei,NSH,a,,,,,
675,Trade NYR/CAR 2/24/2020,Trade,a,,,,,
676,Brendan Lemieux,Unsigned,a,,,,,
677,Trade WPG/NYR 2/25/2019,Trade,a,,,,,
678,Trade NYR/LAK 3/27/2021,Trade,a,,,,,
679,Brett Pesce,NJD,a,,,,,
680,Callahan Burke,Unsigned,a,,,,,
681,Trade COL/CAR 10/10/2023,Trade,a,,,,,
682,Dylan Coghlan,VGK,a,,,,,
683,Trade VGK/CAR 7/13/2022,Trade,a,,,,,
684,Evgeny Kuznetsov,Unsigned,,,,,,
685,Trade WSH/OTT 3/8/2024,Trade,a,,,,,
686,Teuvo Teravainen,CHI,a,,,,,
687,Trade CHI/CAR 6/15/2016,Trade,a,,,,,
688,Stefan Noesen,NJD,a,,,,,
689,2011 21st Overall,Draft Pick,a,,,,,
690,Trade NSH/OTT 2/10/2011,Trade,a,,,,,
691,Trade OTT/ANA 7/5/2013,Trade,a,,,,,
692,Trade CBJ/SJS/TOR 4/11/2021,Trade,a,,,,,
693,Michael Bunting,NSH,a,,,,,
694,2014 117th Overall,Draft Pick,a,,,,,
695,Trade MTL/PHX 6/28/2014,Trade,a,,,,,
696,Jake Guentzel,TBL,a,,,,,
697,Trade CAR/TBL 6/30/2024,Trade,a,,,,,
698,2013 77th Overall,Draft Pick,a,,,,,
699,Trade MIN/PHI 6/27/2011,Trade,a,,,,,
700,Trade PHI/DAL 2/16/2012,Trade,a,,,,,
701,Trade DAL/PIT 3/24/2013,Trade,a,,,,,
702,Anthony DeAngelo,NYI,a,,,,,
703,Trade ARI/TBL 6/25/2016,Trade,a,,,,,
704,Trade PHI/CAR 7/8/2022,Trade,a,,,,,
705,Vasily Ponomarev,PIT,a,,,,,
706,Maxime Comtois,Unsigned,,,,,,
707,2017 50th Overall,Draft Pick,a,,,,,
708,Trade SJS/TOR 2/22/2016,Trade,a,,,,,
709,Connor Bedard,CHI,a,,,,,
710,Tyler Bertuzzi,CHI,a,,,,,
711,2013 58th Overall,Draft Pick,a,,,,,
712,Trade PIT/SJS 3/25/2013,Trade,a,,,,,
713,Ryan Donato,CHI,a,,,,,
714,Trade SJS/MIN 10/5/2020,Trade,a,,,,,
715,Taylor Hall,CAR,a,,,,,
716,Trade NJD/EDM 6/29/2016,Trade,a,,,,,
717,Nick Foligno,CHI,a,,,,,
718,Alex Vlasic,CHI,a,,,,,
719,Seth Jones,FLA,a,,,,,
720,Trade CBJ/NSH 1/6/2016,Trade,a,,,,,
721,Jason Dickinson,CHI,a,,,,,
722,2013 29th Overall,Draft Pick,a,,,,,
723,Trade BOS/DAL 4/2/2013,Trade,a,,,,,
724,Trade DAL/VAN 7/17/2021,Trade,a,,,,,
725,Ilya Mikheyev,CHI,a,,,,,
726,Connor Murphy,CGY,a,,,,,
727,Trade CHI/ARI 6/23/2017,Trade,a,,,,,
728,Lukas Reichel,VAN,a,,,,,
729,Craig Smith,Unsigned,a,,,,,
730,2009 98th Overall,Draft Pick,a,,,,,
731,Trade TOR/SJS 6/22/2007,Trade,a,,,,,
732,Trade NSH/SJS 6/21/2008,Trade,a,,,,,
733,Patrick Maroon,Unsigned,,,,,,
734,Trade PHI/ANA 11/21/2010,Trade,,,,,,
735,Trade ANA/EDM 2/29/2016,Trade,,,,,,
736,Trade NJD/EDM 2/26/2018,Trade,,,,,,
737,Trade TBL/MIN 7/2/2023,Trade,,,,,,
738,Trade BOS/MIN 3/8/2024,Trade,,,,,,
739,2007 161st Overall,Draft Pick,,,,,,
740,TJ Brodie,Unsigned,,,,,,
741,2008 141st Overall,Draft Pick,a,,,,,
742,Trade BOS/WSH 2/1/2007,Trade,a,,,,,
743,Trade BOS/CGY 2/10/2007,Trade,a,,,,,
744,Nolan Allan,CHI,a,,,,,
745,2021 32nd Overall,Draft Pick,a,,,,,
746,Trade CBJ/TBL/DET 4/10/2021,Trade,a,,,,,
747,Alec Martinez,Unsigned,,,,,,
748,Trade LAK/VGK 2/19/2020,Trade,a,,,,,
749,2007 95th Overall,Draft Pick,a,,,,,
750,Trade LAK/WSH 6/23/2007,Trade,a,,,,,
751,Philipp Kurashev,SJS,a,,,,,
752,2018 120th Overall,Draft Pick,a,,,,,
753,Trade NSH/CHI 2/26/2018,Trade,a,,,,,
754,Frank Nazar,CHI,a,,,,,
755,2022 13th Overall,Draft Pick,a,,,,,
756,Trade NYI/MTL 7/7/2022,Trade,a,,,,,
757,Trade CHI/MTL 7/7/2022,Trade,a,,,,,
758,Wyatt Kaiser,CHI,a,,,,,
759,2020 81st Overall,Draft Pick,a,,,,,
760,Trade CGY/CHI 2/24/2020,Trade,a,,,,,
761,Colton Dach,CHI,a,,,,,
762,2021 62nd Overall,Draft Pick,a,,,,,
763,Trade VGK/SJS/CHI 4/12/2021,Trade,a,,,,,
764,Louis Crevier,CHI,a,,,,,
765,2020 188th Overall,Draft Pick,a,,,,,
766,Trade OTT/MTL 2/24/2020,Trade,a,,,,,
767,Trade MTL/CHI 10/7/2020,Trade,a,,,,,
768,Isaak Phillips,WPG,a,,,,,
769,Trade WPG/CHI 1/15/2025,Trade,a,,,,,
770,Joey Anderson,CHI,a,,,,,
771,Trade TOR/NJD 10/10/2020,Trade,a,,,,,
772,2016 73rd Overall,Draft Pick,a,,,,,
773,Trade NJD/OTT 6/27/2015,Trade,a,,,,,
774,Petr Mrazek,ANA,a,,,,,
775,Trade PHI/DET 2/19/2018,Trade,a,,,,,
776,Trade CHI/TOR 7/7/2022,Trade,a,,,,,
777,Kevin Korchinski,CHI,a,,,,,
778,2022 7th Overall,Draft Pick,a,,,,,
779,Trade OTT/CHI 7/7/2022,Trade,a,,,,,
780,Drew Commesso,CHI,a,,,,,
781,2020 46th Overall,Draft Pick,a,,,,,
782,Trade CHI/VGK/TOR 2/24/2020,Trade,a,,,,,
783,Andreas Athanasiou,Unsigned,a,,,,,
784,Trade DET/EDM 2/24/2020,Trade,,,,,,
785,Laurent Brossoit,CHI,a,,,,,
786,Trade CGY/EDM 11/8/2013,Trade,a,,,,,
787,Arvid Soderblom,CHI,a,,,,,
788,Linus Ullmark,OTT,a,,,,,
789,Eric Comrie,WPG,a,,,,,
790,Trade ARI/DET 11/30/2019,Trade,a,,,,,
791,Jacob Markstrom,NJD,a,,,,,
792,Trade VAN/FLA 3/4/2014,Trade,a,,,,,
793,2008 31st Overall,Draft Pick,a,,,,,
794,Trade FLA/TBL 6/13/2007,Trade,a,,,,,
795,Tyler Johnson,Unsigned,a,,,,,
796,Trade TBL/CHI 7/27/2021,Trade,a,,,,,
797,Taylor Raddysh,NYR,a,,,,,
798,Trade TBL/CHI 3/18/2022,Trade,a,,,,,
799,Colin Blackwell,DAL,a,,,,,
800,2011 194th Overall,Draft Pick,a,,,,,
801,Trade CGY/ATL 2/28/2011,Trade,a,,,,,
802,Trade WPG/SJS 6/25/2011,Trade,a,,,,,
803,Trade SEA/TOR 3/20/2022,Trade,a,,,,,
804,MacKenzie Entwistle,FLA,a,,,,,
805,2017 69th Overall,Draft Pick,a,,,,,
806,Trade DET/SJS 5/26/2016,Trade,a,,,,,
807,Trade SJS/ARI 6/20/2016,Trade,a,,,,,
808,Corey Perry,LAK,a,,,,,
809,Trade TBL/CHI 6/29/2023,Trade,a,,,,,
810,2003 28th Overall,Draft Pick,a,,,,,
811,Trade ANA/DAL 6/21/2003,Trade,a,,,,,
812,Boris Katchouk,TBL,a,,,,,
813,2016 44th Overall,Draft Pick,a,,,,,
814,Trade BOS/TBL 3/1/2015,Trade,a,,,,,
815,Cole Guttman,LAK,a,,,,,
816,2017 180th Overall,Draft Pick,a,,,,,
817,Trade MTL/TBL 1/26/2017,Trade,a,,,,,
818,Nikita Zaitsev,Unsigned,a,,,,,
819,Trade OTT/TOR 7/1/2019,Trade,a,,,,,
820,Trade OTT/CHI 2/22/2023,Trade,a,,,,,
821,Anthony Beauvillier,WSH,a,,,,,
822,Trade NYI/VAN 1/30/2023,Trade,a,,,,,
823,Trade VAN/CHI 11/28/2023,Trade,a,,,,,
824,Trade CHI/NSH 3/7/2024,Trade,a,,,,,
825,2015 28th Overall,Draft Pick,a,,,,,
826,Trade NYR/TBL 3/5/2014,Trade,a,,,,,
827,Trade TBL/NYI 6/26/2015,Trade,a,,,,,
828,Reese Johnson,Unsigned,a,,,,,
829,Zachary Sanford,Unsigned,,,,,,
830,Trade WSH/STL 2/27/2017,Trade,a,,,,,
831,Trade STL/OTT 9/25/2021,Trade,a,,,,,
832,Trade OTT/WPG 3/21/2022,Trade,a,,,,,
833,2013 61st Overall,Draft Pick,a,,,,,
834,Trade WPJ/CHI 2/27/2012,Trade,a,,,,,
835,Trade WSH/WPG 6/30/2013,Trade,a,,,,,
836,Landon Slaggert,CHI,a,,,,,
837,Jaycob Megna,VGK,a,,,,,
838,Trade SEA/SJS 2/5/2023,Trade,a,,,,,
839,2012 210th Overall,Draft Pick,a,,,,,
840,Trade NJD/ANA 12/12/2011,Trade,a,,,,,
841,Rem Pitlick,Unsigned,a,,,,,
842,2016 76th Overall,Draft Pick,a,,,,,
843,Trade MIN/FLA 2/24/2015,Trade,a,,,,,
844,Trade FLA/NJD 2/26/2015,Trade,a,,,,,
845,Trade NJD/ANA 6/26/2015,Trade,a,,,,,
846,Trade ANA/BUF 2/29/2016,Trade,a,,,,,
847,Trade BUF/NSH 6/20/2016,Trade,a,,,,,
848,Trade PIT/CHI 1/6/2024,Trade,a,,,,,
849,Ethan Del Mastro,CHI,a,,,,,
850,2021 105th Overall,Draft Pick,a,,,,,
851,Filip Roos,Unsigned,a,,,,,
852,Brett Seney,Unsigned,a,,,,,
853,Vojtech Polak,Unsigned,a,,,,,
854,2003 36th Overall,Draft Pick,a,,,,,
855,Trade ANA/SJS 3/5/2001,Trade,a,,,,,
856,Trade PHI/FLA 1/23/2006,Trade,a,,,,,
857,Nathan MacKinnon,COL,a,,,,,
858,Mikko Rantanen,DAL,a,,,,,
859,Cale Makar,COL,a,,,,,
860,Casey Mittelstadt,BOS,a,,,,,
861,Artturi Lehkonen,COL,a,,,,,
862,Trade MTL/COL 3/21/2022,Trade,a,,,,,
863,Devon Toews,COL,a,,,,,
864,Trade 10/12/2020 COL/NYI,Trade,a,,,,,
865,2014 108th Overall,Draft Pick,a,,,,,
866,Trade PHI/NYI 6/12/2013,Trade,a,,,,,
867,Samuel Girard,COL,a,,,,,
868,Valeri Nichushkin,COL,a,,,,,
869,Ross Colton,COL,a,,,,,
870,Trade TBL/COL 6/28/2023,Trade,a,,,,,
871,Joel Kiviranta,COL,a,,,,,
872,Jonathan Drouin,NYI,a,,,,,
873,Trade MTL/TBL 6/15/2017,Trade,a,,,,,
874,Logan O'Connor,COL,a,,,,,
875,Josh Manson,COL,a,,,,,
876,2011 160th Overall,Draft Pick,a,,,,,
877,Trade ANA/TOR 6/25/2011,Trade,a,,,,,
878,Parker Kelly,COL,a,,,,,
879,Ivan Ivan,COL,a,,,,,
880,Nikolai Kovalenko,Unsigned,a,,,,,
881,Trade SJS/COL 12/9/2024,Trade,a,,,,,
882,Calvin de Haan,Unsigned,a,,,,,
883,Trade CHI/CAR 6/24/2019,Trade,a,,,,,
884,2009 12th Overall,Draft Pick,a,,,,,
885,Trade MIN/NYI 6/26/2009,Trade,a,,,,,
886,Sam Malinski,COL,a,,,,,
887,Miles Wood,CBJ,a,,,,,
888,Oliver Kylington,Unsigned,a,,,,,
889,2015 60th Overall,Draft Pick,a,,,,,
890,Trade ARI/CGY 6/27/2015,Trade,a,,,,,
891,John Ludvig,COL,a,,,,,
892,2019 69th Overall,Draft Pick,a,,,,,
893,Trade EDM/FLA 12/29/2018,Trade,a,,,,,
894,Juuso Parssinen,NYR,a,,,,,
895,Trade COL/NSH 12/28/2024,Trade,a,,,,,
896,Chris Wagner,Unsigned,,,,,,
897,Trade ANA/NYI 2/26/2018,Trade,a,,,,,
898,2010 122nd Overall,Draft Pick,a,,,,,
899,Trade ANA/TOR 6/26/2010,Trade,a,,,,,
900,TJ Tynan,COL,a,,,,,
901,2011 60th Overall,Draft Pick,a,,,,,
902,Trade OTT/CBJ 6/25/2011,Trade,a,,,,,
903,Alexandar Georgiev,SJS,a,,,,,
904,Trade NYR/COL 7/7/2022,Trade,a,,,,,
905,Calum Ritchie,NYI,a,,,,,
906,Justus Annunen,NSH,a,,,,,
907,2018 64th Overall,Draft Pick,a,,,,,
908,Trade PIT/COL 6/23/2018,Trade,a,,,,,
909,Trade COL/NSH 11/30/2024,Trade,a,,,,,
910,Scott Wedgewood,COL,a,,,,,
911,Trade NJD/ARI 10/28/2017,Trade,a,,,,,
912,Trade ARI/LAK 2/21/2018,Trade,a,,,,,
913,Trade ARI/DAL 3/20/2023,Trade,a,,,,,
914,Mackenzie Blackwood,COL,a,,,,,
915,2015 42nd Overall,Draft Pick,a,,,,,
916,Trade OTT/DAL 7/1/2014,Trade,a,,,,,
917,Trade NJD/SJS 6/27/2023,Trade,a,,,,,
918,Matthew Stienburg,COL,a,,,,,
919,2019 63rd Overall,Draft Pick,a,,,,,
920,Trade COL/NSH/OTT 11/5/2017,Trade,a,,,,,
921,Givani Smith,CAR,a,,,,,
922,Trade FLA/DET/ANA 12/19/2022,Trade,a,,,,,
923,Chase Bradley,COL,a,,,,,
924,2020 203rd Overall,Draft Pick,a,,,,,
925,Trade STL/MTL 9/2/2020,Trade,a,,,,,
926,Trade STL/DET 10/7/2020,Trade,a,,,,,
927,Nikita Prishchepov,COL,a,,,,,
928,Jason Polin,COL,a,,,,,
929,Oskar Olausson,MIN,a,,,,,
930,Tye Felhaber,COL,a,,,,,
931,Trade TBL/DAL 2/1/2022,Trade,a,,,,,
932,Jere Innala,Unsigned,,,,,,
933,Trent Miner,COL,a,,,,,
934,Keaton Middleton,COL,a,,,,,
935,2016 101st Overall,Draft Pick,a,,,,,
936,Trade TOR/COL 2/21/2016,Trade,a,,,,,
937,Kaapo Kahkonen,MTL,a,,,,,
938,Trade MIN/SJS 3/21/2022,Trade,a,,,,,
939,Trade SJS/NJD 3/8/2024,Trade,a,,,,,
940,BJ Crombeen,Unsigned,a,,,,,
941,2003 54th Overall,Draft Pick,a,,,,,
942,Trade STL/TBL 7/10/2012,Trade,a,,,,,
943,Trade TBL/PHX 6/29/2014,Trade,a,,,,,
944,Ryan Johansen,Unsigned,a,,,,,
945,Trade NSH/COL 6/24/2023,Trade,a,,,,,
946,Andrew Cogliano,Unsigned,,,,,,
947,Trade EDM/ANA 7/12/2011,Trade,a,,,,,
948,Trade ANA/DAL 1/14/2019,Trade,a,,,,,
949,Trade SJS/COL 3/21/2022,Trade,a,,,,,
950,Jack Johnson,Unsigned,a,,,,,
951,Trade CAR/LAK 9/29/2006,Trade,a,,,,,
952,Trade CBJ/LAK 2/23/012,Trade,a,,,,,
953,Trade CHI/CBJ 2/26/2023,Trade,a,,,,,
954,Zach Parise,Unsigned,,,,,,
955,2003 17th Overall,Draft Pick,,,,,,
956,Trade EDM/NJD 6/21/2003,Trade,,,,,,
957,Fredrik Olofsson,Unsigned,,,,,,
958,2014 98th Overall,Draft Pick,,,,,,
959,Trade TOR/CHI 6/30/2013,Trade,,,,,,
960,Tomas Tatar,Unsigned,,,,,,
961,Trade DET/VGK 2/26/2018,Trade,,,,,,
962,Trade MTL/VGK 9/10/2018,Trade,,,,,,
963,Trade COL/SEA 12/15/2023,Trade,,,,,,
964,Caleb Jones,PIT,a,,,,,
965,2015 117th Overall,Draft Pick,a,,,,,
966,Trade MTL/EDM 3/2/2015,Trade,a,,,,,
967,Trade CHI/EDM 7/12/2021,Trade,a,,,,,
968,Brandon Duhaime,WSH,a,,,,,
969,Trade COL/MIN 3/7/2024,Trade,a,,,,,
970,Yakov Trenin,MIN,a,,,,,
971,Trade COL/NSH 3/7/2024,Trade,a,,,,,
972,Kurtis MacDermid,OTT,a,,,,,
973,Trade SEA/COL 7/27/2021,Trade,a,,,,,
974,Trade COL/NJD 3/1/2024,Trade,a,,,,,
975,Jean-Luc Foudy,Unsigned,a,,,,,
976,2020 75th Overall,Draft Pick,a,,,,,
977,Ben Meyers,SEA,a,,,,,
978,Trade COL/ANA 3/8/2024,Trade,a,,,,,
979,Ondrej Pavel,Unsigned,a,,,,,
980,Ivan Prosvetov,CGY,a,,,,,
981,2018 114th Overall,Draft Pick,a,,,,,
982,Trade SJS/ARI 6/23/2018,Trade,a,,,,,
983,Marc-Antoine Pouliot,Unsigned,,,,,,
984,2003 22nd Overall,Draft Pick,a,,,,,
985,Trade NJD/STL 1/4/1999,Trade,a,,,,,
986,Trade TBL/PHX 6/25/2011,Trade,a,,,,,
987,Zach Werenski,CBJ,a,,,,,
988,Kirill Marchenko,CBJ,a,,,,,
989,Adam Fantilli,CBJ,a,,,,,
990,Cole Sillinger,CBJ,a,,,,,
991,2021 12th Overall,Draft Pick,a,,,,,
992,Damon Severson,CBJ,a,,,,,
993,Daniil Tarasov,FLA,a,,,,,
994,Dante Fabbro,CBJ,a,,,,,
995,David Jiricek,MIN,a,,,,,
996,2022 6th Overall,Draft Pick,a,,,,,
997,Trade CBJ/MIN 11/20/2024,Trade,a,,,,,
998,Denton Mateychuk,CBJ,a,,,,,
999,Dmitri Voronkov,CBJ,a,,,,,
1000,2019 114th Overall,Draft Pick,a,,,,,
1001,Trade FLA/PIT 2/1/2019,Trade,a,,,,,
1002,Trade CBJ/FLA 6/22/2019,Trade,a,,,,,
1003,Elvis Merzlikins,CBJ,a,,,,,
1004,2014 76th Overall,Draft Pick,a,,,,,
1005,Trade DET/CBJ 6/28/2014,Trade,a,,,,,
1006,Erik Gudbranson,CBJ,a,,,,,
1007,Trade FLA/VAN 5/25/2016,Trade,a,,,,,
1008,Trade VAN/PIT 2/25/2019,Trade,a,,,,,
1009,Trade PIT/ANA 10/25/2019,Trade,a,,,,,
1010,Trade OTT/ANA 10/8/2020,Trade,a,,,,,
1011,Trade OTT/NSH 4/12/2021,Trade,a,,,,,
1012,Ivan Provorov,CBJ,a,,,,,
1013,Jake Christiansen,CBJ,a,,,,,
1014,James Malatesta,CBJ,a,,,,,
1015,James van Riemsdyk,DET,a,,,,,
1016,Trade PHI/TOR 6/23/2012,Trade,a,,,,,
1017,Jet Greaves,CBJ,a,,,,,
1018,Jordan Harris,BOS,a,,,,,
1019,Trade CBJ/MTL 8/19/2024,Trade,a,,,,,
1020,2018 71st Overall,Draft Pick,a,,,,,
1021,Trade MTL/EDM 6/23/2018,Trade,a,,,,,
1022,Justin Danforth,BUF,a,,,,,
1023,Kent Johnson,CBJ,a,,,,,
1024,Kevin Labanc,Unsigned,a,,,,,
1025,2024 72nd Overall,Draft Pick,a,,,,,
1026,AJ Spellacy,CHI,a,,,,,
1027,Luca Del Bel Belluz,CBJ,a,,,,,
1028,Mathieu Olivier,CBJ,a,,,,,
1029,Trade NSH/CBJ 6/30/2022,Trade,a,,,,,
1030,Mikael Pyyhtia,CBJ,a,,,,,
1031,Owen Sillinger,CBJ,a,,,,,
1032,Sean Kuraly,BOS,a,,,,,
1033,2011 133rd Overall,Draft Pick,a,,,,,
1034,Trade CAR/FLA 2/24/2011,Trade,a,,,,,
1035,Trade FLA/ATL 2/28/2011,Trade,a,,,,,
1036,Sean Monahan,CBJ,a,,,,,
1037,Trade CGY/MTL 8/18/2022,Trade,a,,,,,
1038,Trade WPG/MTL 2/2/2024,Trade,a,,,,,
1039,Yegor Chinakhov,CBJ,a,,,,,
1040,Zach Aston-Reese,CBJ,a,,,,,
1041,Zakhar Bardakov,COL,a,,,,,
1042,2021 203rd Overall,Draft Pick,,,,,,
1043,Trade ARI/NJD 10/7/2020,Trade,,,,,,
1044,Tyler Angle,Unsigned,,,,,,
1045,2019 212th Overall,Draft Pick,,,,,,
1046,Trade CGY/OTT 2/26/2018,Trade,,,,,,
1047,Trade OTT/CBJ 2/23/2019,Trade,,,,,,
1048,Emil Bemstrom,Unsigned,,,,,,
1049,Trade CBJ/PIT 2/22/2024,Trade,a,,,,,
1050,Nick Blankenburg,NSH,a,,,,,
1051,Adam Boqvist,NYI,a,,,,,
1052,Gavin Brindley,COL,a,,,,,
1053,Cameron Butler,MIN,a,,,,,
1054,Trey Fix-Wolansky,NYR,a,,,,,
1055,Liam Foudy,NYI,a,,,,,
1056,Johnny Gaudreau,Unsigned,,,,,,
1057,Brendan Gaunce,CBJ,a,,,,,
1058,Boone Jenner,CBJ,a,,,,,
1059,Patrik Laine,MTL,a,,,,,
1060,Alexander Nylander,Unsigned,a,,,,,
1061,Malcolm Subban,Unsigned,a,,,,,
1062,Alexandre Texier,STL,a,,,,,
1063,2017 45th Overall,Draft Pick,a,,,,,
1064,Trade TBL/VGK 6/21/2017,Trade,a,,,,,
1065,Trade VGK/CBJ 6/24/2017,Trade,a,,,,,
1066,Trade CBJ/STL 6/28/2024,Trade,a,,,,,
1067,Zack MacEwen,NJD,a,,,,,
1068,Oskar Back,DAL,a,,,,,
1069,Jamie Benn,DAL,a,,,,,
1070,2007 121st Overall,Draft Pick,a,,,,,
1071,Trade CBJ/BOS 5/16/2007,Trade,a,,,,,
1072,Trade CBJ/DAL 6/23/2007,Trade,a,,,,,
1073,Lian Bichsel,DAL,a,,,,,
1074,Matej Blumel,BOS,a,,,,,
1075,Brad Lambert,WPG,a,,,,,
1076,2022 30th Overall,Draft Pick,a,,,,,
1077,Trade NYR/WPG 3/21/2022,Trade,a,,,,,
1078,Trade COL/CAR/CHI 1/24/2025,Trade,a,,,,,
1079,Colin White (1997),SJS,a,,,,,
1080,2015 21st Overall,Draft Pick,a,,,,,
1081,Trade NYI/BUF 10/27/2013,Trade,a,,,,,
1082,Trade BUF/OTT 6/26/2015,Trade,a,,,,,
1083,Collin Graf,SJS,a,,,,,
1084,Ty Dellandrea,SJS,a,,,,,
1085,Trade SJS/DAL 6/19/2024,Trade,a,,,,,
1086,Isaac Poulter,WPG,a,,,,,
1087,Jayden Struble,MTL,a,,,,,
1088,Mavrik Bourque,DAL,a,,,,,
1089,Evgenii Dadonov,NJD,a,,,,,
1090,Trade FLA/CAR 1/18/2012,Trade,a,,,,,
1091,Trade OTT/VGK 7/28/2021,Trade,a,,,,,
1092,Trade VGK/MTL 6/16/2022,Trade,a,,,,,
1093,Trade MTL/DAL 2/26/2023,Trade,a,,,,,
1094,Casey DeSmith,DAL,a,,,,,
1095,Trade MTL/VAN 9/19/2023,Trade,a,,,,,
1096,Matt Duchene,DAL,a,,,,,
1097,Trade OTT/CBJ 2/22/2019,Trade,a,,,,,
1098,Mathew Dumba,PIT,a,,,,,
1099,Trade ARI/TBL 3/8/2024,Trade,a,,,,,
1100,Thomas Harley,DAL,a,,,,,
1101,Miro Heiskanen,DAL,a,,,,,
1102,Roope Hintz,DAL,a,,,,,
1103,2015 49th Overall,Draft Pick,a,,,,,
1104,Trade DET/DAL 3/1/2015,Trade,a,,,,,
1105,Justin Hryckowian,DAL,a,,,,,
1106,Arttu Hyry,DAL,a,,,,,
1107,Wyatt Johnston,DAL,a,,,,,
1108,2021 23rd Overall,Draft Pick,a,,,,,
1109,Esa Lindell,DAL,a,,,,,
1110,Nils Lundkvist,DAL,a,,,,,
1111,2018 28th Overall,Draft Pick,a,,,,,
1112,Trade TBL/NYR 2/26/2018,Trade,a,,,,,
1113,Trade DAL/NYR 9/19/2022,Trade,a,,,,,
1114,Ilya Lyubushkin,DAL,a,,,,,
1115,Trade ARI/TOR 2/19/2022,Trade,a,,,,,
1116,Trade ANA/BUF 8/18/2023,Trade,a,,,,,
1117,Trade TOR/CAR/ANA 2/29/2024,Trade,a,,,,,
1118,Mason Marchment,SEA,a,,,,,
1119,Trade FLA/TOR 2/19/2020,Trade,a,,,,,
1120,Jake Oettinger,DAL,a,,,,,
1121,2017 26th Overall,Draft Pick,a,,,,,
1122,Alexander Petrovic,DAL,a,,,,,
1123,2010 36th Overall,Draft Pick,a,,,,,
1124,Trade BOS/TBL 3/4/2009,Trade,a,,,,,
1125,Trade BOS/FLA 3/3/2010,Trade,a,,,,,
1126,Jason Robertson,DAL,a,,,,,
1127,Tyler Seguin,DAL,a,,,,,
1128,2010 2nd Overall,Draft Pick,a,,,,,
1129,Trade BOS/TOR 9/18/2009,Trade,a,,,,,
1130,Trade BOS/DAL 7/4/2013,Trade,a,,,,,
1111130,Trade WPG/CHI 2/25/2016,Trade,a,,,,,
1131,Brendan Smith,DAL,a,,,,,
1132,Trade NYR/DET 2/28/2017,Trade,a,,,,,
1133,Logan Stankoven,CAR,a,,,,,
1134,Sam Steel,DAL,a,,,,,
1135,2016 30th Overall,Draft Pick,a,,,,,
1136,Trade PIT/TOR 7/1/2015,Trade,a,,,,,
1137,Will Borgen,NYR,a,,,,,
1138,Trade NYR/SEA 12/18/2024,Trade,a,,,,,
1139,Lucas Edmonds,NYR,a,,,,,
1140,2022 86th Overall,Draft Pick,a,,,,,
1141,Trade PIT/LAK 4/11/2021,Trade,a,,,,,
1142,Trade LAK/TBL 7/8/2022,Trade,a,,,,,
1143,Trade NYR/TBL 1/26/2025,Trade,a,,,,,
1144,Connor Dewar,PIT,a,,,,,
1145,2018 92nd Overall,Draft Pick,a,,,,,
1146,Trade MIN/TOR 3/8/2024,Trade,a,,,,,
1147,Nikita Grebenkin,PHI,a,,,,,
1148,2022 135th Overall,Draft Pick,a,,,,,
1149,Trade TOR/VGK 7/8/2022,Trade,a,,,,,
1150,Bokondji Imama,PIT,a,,,,,
1151,Trade ARI/LAK 7/24/2021,Trade,a,,,,,
1152,Owen Pickering,PIT,a,,,,,
1153,Donovan Sebrango,FLA,a,,,,,
1154,Rafael Harvey-Pinard,PIT,a,,,,,
1155,2019 201st Overall,Draft Pick,a,,,,,
1156,Trade MTL/PHI 6/23/2018,Trade,a,,,,,
1157,Trade PHI/MTL 6/22/2019,Trade,a,,,,,
1158,Zach Senyshyn,Unsigned,a,,,,,
1159,2015 15th Overall,Draft Pick,a,,,,,
1160,Trade BOS/CGY 6/26/2015,Trade,a,,,,,
1161,Radek Faksa,DAL,a,,,,,
1162,Jani Hakanpaa,Unsigned,a,,,,,
1163,Trade ANA/CAR 4/12/2021,Trade,a,,,,,
1164,Matthew Murray,NSH,a,,,,,
1165,Joe Pavelski,Unsigned,,,,,,
1166,2003 205th Overall,Draft Pick,a,,,,,
1167,Trade PHI/ATL 3/15/2002,Trade,a,,,,,
1168,Trade PHI/SJS 6/22/2003,Trade,a,,,,,
1169,Derrick Pouliot,NYR,a,,,,,
1170,2012 8th Overall,Draft Pick,a,,,,,
1171,Trade VAN/PIT 10/3/2017,Trade,a,,,,,
1172,Ryan Suter,Unsigned,a,,,,,
1173,Chris Tanev,TOR,a,,,,,
1174,Trade TOR/DAL 6/29/2024,Trade,a,,,,,
1175,Zachary Emond,Unsigned,,,,,,
1176,Elias Pettersson (2004),VAN,a,,,,,
1177,2022 80th Overall,Draft Pick,a,,,,,
1178,Trade VAN/VGK 10/12/2020,Trade,a,,,,,
1179,Trade OTT/VAN 3/20/2022,Trade,a,,,,,
1180,Jacob Quillan,TOR,a,,,,,
1181,Jonatan Berggren,DET,a,,,,,
1182,2018 33rd Overall,Draft Pick,a,,,,,
1183,Trade NYR/OTT 7/18/2016,Trade,a,,,,,
1184,Ben Chiarot,DET,a,,,,,
1185,2009 120th Overall,Draft Pick,a,,,,,
1186,Trade LAK/DET 2/26/2008,Trade,a,,,,,
1187,Trade LAK/ATL 6/227/2009,Trade,a,,,,,
1188,Trade MTL/FLA 3/16/2022,Trade,a,,,,,
1189,JT Compher,DET,a,,,,,
1190,2013 35th Overall,Draft Pick,a,,,,,
1191,Trade CAR/BUF 6/30/2013,Trade,a,,,,,
1192,Andrew Copp,DET,a,,,,,
1193,Sebastian Cossa,DET,a,,,,,
1194,2021 15th Overall,Draft Pick,a,,,,,
1195,Spencer Stastney,NSH,a,,,,,
1196,2018 131st Overall,Draft Pick,a,,,,,
1197,Tobias Bjornfot,FLA,a,,,,,
1198,2019 22nd Overall,Draft Pick,a,,,,,
1199,Trade LAK/TOR 1/28/2019,Trade,a,,,,,
1200,Mark Friedman,Unsigned,,,,,,
1201,2014 86th Overall,Draft Pick,a,,,,,
1202,Trade BOS/PHI 3/5/2014,Trade,a,,,,,
1203,Maxwell Crozier,TBL,a,,,,,
1204,Jack Thompson,SJS,a,,,,,
1205,Trade TBL/SJS 3/7/2024,Trade,a,,,,,
1206,Jan Rutta,Unsigned,a,,,,,
1207,Trade CHI/TBL 1/11/2019,Trade,a,,,,,
1208,Noah Dobson,MTL,a,,,,,
1209,2018 12th Overall,Draft Pick,a,,,,,
1210,Trade NYI/CGY 6/24/2017,Trade,a,,,,,
1211,Alex DeBrincat,DET,a,,,,,
1212,2016 39th Overall,Draft Pick,a,,,,,
1213,Trade MTL/CHI 6/24/2016,Trade,a,,,,,
1214,Simon Edvinsson,DET,a,,,,,
1215,Christian Fischer,Unsigned,a,,,,,
1216,Erik Gustafsson (1992),DET,a,,,,,
1217,Trade PHI/MTL 4/12/2021,Trade,a,,,,,
1218,Trade WSH/TOR 2/28/2023,Trade,a,,,,,
1219,Justin Holl,DET,a,,,,,
1220,2010 54th Overall,Draft Pick,a,,,,,
1221,Trade NJD/ATL 2/4/2010,Trade,a,,,,,
1222,Trade ATL/CHI 6/24/2010,Trade,a,,,,,
1223,Ville Husso,ANA,a,,,,,
1224,2014 94th Overall,Draft Pick,a,,,,,
1225,Trade CGY/TOR 9/29/2013,Trade,a,,,,,
1226,Trade STL/TOR 6/28/2014,Trade,a,,,,,
1227,Trade STL/DET 7/8/2022,Trade,a,,,,,
1228,Albert Johansson,DET,a,,,,,
1229,2019 60th Overall,Draft Pick,a,,,,,
1230,Trade DET/SJS 2/24/2019,Trade,a,,,,,
1231,Patrick Kane,DET,a,,,,,
1232,Trade CHI/NYR/ARI 2/28/2023,Trade,a,,,,,
1233,Marco Kasper,DET,a,,,,,
1234,William Lagesson,DET,a,,,,,
1235,2014 91st Overall,Draft Pick,a,,,,,
1236,Trade MIN/EDM 3/4/2014,Trade,a,,,,,
1237,Trade EDM/MTL 3/21/2022,Trade,a,,,,,
1238,Dylan Larkin,DET,a,,,,,
1239,Alex Lyon,BUF,a,,,,,
1240,Olli Maatta,UTH,a,,,,,
1241,Trade CHI/PIT 6/15/2019,Trade,a,,,,,
1242,Trade CHI/LAK 10/4/2020,Trade,a,,,,,
1243,Trade DET/UTH 10/29/2024,Trade,a,,,,,
1244,Tyler Motte,Unsigned,a,,,,,
1245,Trade VAN/CBJ 2/26/2018,Trade,a,,,,,
1246,Trade VAN/NYR 3/21/2022,Trade,a,,,,,
1247,Trade NYR/OTT 2/19/2023,Trade,a,,,,,
1248,Jeff Petry,FLA,a,,,,,
1249,Trade MTL/PIT 7/16/2022,Trade,,,,,,
1250,Trade MTL/DET 8/15/2023,Trade,,,,,,
1251,Michael Rasmussen,DET,a,,,,,
1252,Lucas Raymond,DET,a,,,,,
1253,Moritz Seider,DET,a,,,,,
1254,Elmer Soderblom,DET,a,,,,,
1255,Cam Talbot,DET,a,,,,,
1256,Trade EDM/NYR 6/27/2015,Trade,a,,,,,
1257,Trade PHI/EDM 2/15/2019,Trade,a,,,,,
1258,Trade OTT/MIN 7/12/2022,Trade,a,,,,,
1259,Vladimir Tarasenko,MIN,a,,,,,
1260,Trade STL/NYR 2/9/2023,Trade,a,,,,,
1261,Trade FLA/OTT 3/6/2024,Trade,a,,,,,
1262,2010 16th Overall,Draft Pick,a,,,,,
1263,Trade STL/OTT 6/25/2010,Trade,a,,,,,
1264,Joseph Veleno,MTL,a,,,,,
1265,2018 30th Overall,Draft Pick,a,,,,,
1266,Austin Watson,DET,a,,,,,
1267,Trade NSH/OTT 10/10/2020,Trade,a,,,,,
1268,Zach Bogosian,MIN,a,,,,,
1269,Trade TBL/MIN 11/8/2023,Trade,a,,,,,
1270,Logan Thompson,WSH,a,,,,,
1271,Trade WSH/VGK 6/29/2024,Trade,a,,,,,
1272,Scott Perunovich,UTH,a,,,,,
1273,Trade NYI/STL 1/27/2025,Trade,a,,,,,
1274,Gage Goncalves,TBL,a,,,,,
1275,Declan Carlile,TBL,a,,,,,
1276,Evgeni Malkin,PIT,a,,,,,
1277,Ryan Pulock,NYI,a,,,,,
1278,Marcus Hogberg,NYI,a,,,,,
1279,Jakub Skarek,SJS,a,,,,,
1280,Dominik Shine,DET,a,,,,,
1281,Austin Czarnik,Unsigned,,,,,,
1282,Michael Hutchinson,Unsigned,a,,,,,
1283,Trade TOR/FLA 12/29/2018,Trade,,,,,,
1284,Trade COL/TOR 2/24/2020,Trade,,,,,,
1285,Trade VGK/CBJ 3/2/2023,Trade,,,,,,
1286,Klim Kostin,Unsigned,a,,,,,
1287,2017 31st Overall,Draft Pick,a,,,,,
1288,Trade STL/PIT 6/23/2017,Trade,a,,,,,
1289,Trade STL/EDM 10/9/2022,Trade,a,,,,,
1290,Trade DET/EDM 6/29/2023,Trade,a,,,,,
1291,Trade DET/SJS 3/8/2024,Trade,a,,,,,
1292,David Perron,OTT,a,,,,,
1293,2007 26th Overall,Draft Pick,a,,,,,
1294,Trade NJD/SJS 10/1/2006,Trade,a,,,,,
1295,Trade STL/SJS 2/27/2007,Trade,a,,,,,
1296,Trade STL/EDM 7/10/2013,Trade,a,,,,,
1297,Trade PIT/EDM 1/2/2015,Trade,a,,,,,
1298,Trade PIT/ANA 1/15/2016,Trade,a,,,,,
1299,Daniel Sprong,Unsigned,,,,,,
1300,Trade PIT/ANA 12/3/2018,Trade,a,,,,,
1301,Trade ANA/WSH 2/24/2020,Trade,a,,,,,
1302,Jake Walman,EDM,a,,,,,
1303,Trade STL/DET 3/21/2022,Trade,a,,,,,
1304,Trade DET/SJS 6/25/2024,Trade,a,,,,,
1305,Will Butcher,Unsigned,,,,,,
1306,Trade PIT/MIN 1/25/2024,Trade,a,,,,,
1307,Viktor Arvidsson,BOS,a,,,,,
1308,2014 112th Overall,Draft Pick,a,,,,,
1309,Trade STL/NSH 6/30/2013,Trade,a,,,,,
1310,Evan Bouchard,EDM,a,,,,,
1311,Connor Brown,NJD,a,,,,,
1312,Trade OTT/WSH 7/13/2022,Trade,a,,,,,
1313,Joshua Brown,EDM,a,,,,,
1314,Trade FLA/OTT 10/2/2020,Trade,a,,,,,
1315,Drake Caggiula,Unsigned,,,,,,
1316,Trade CHI/EDM 12/30/2018,Trade,,,,,,
1317,Travis Dermott,Unsigned,,,,,,
1318,2015 34th Overall,Draft Pick,a,,,,,
1319,Trade TOR/LAK 6/23/2013,Trade,a,,,,,
1320,Trade LAK/CBJ 3/5/2014,Trade,a,,,,,
1321,Trade CBJ/TOR 6/26/2015,Trade,a,,,,,
1322,Trade TOR/VAN 3/20/2022,Trade,a,,,,,
1323,Leon Draisaitl,EDM,a,,,,,
1324,Rodrigo Abols,PHI,a,,,,,
1325,Raphael Lavoie,VGK,a,,,,,
1326,Alexander Holtz,VGK,a,,,,,
1327,Trade VGK/NJD 6/29/2024,Trade,a,,,,,
1328,Tanner Laczynski,VGK,a,,,,,
1329,Kirill Kaprizov,MIN,a,,,,,
1330,2015 135th Overall,Draft Pick,a,,,,,
1331,Trade MIN/BOS 6/27/2015,Trade ,a,,,,,
1332,Thomas Milic,WPG,a,,,,,
1333,2023 151st Overall,Draft Pick,a,,,,,
1334,Kevin Gravel,NSH,a,,,,,
1335,2010 148th Overall,Draft Pick,a,,,,,
1336,Trade SJS/LAK 6/21/2008,Trade,a,,,,,
1337,Kieffer Bellows,Unsigned,a,,,,,
1338,Aatu Raty,VAN,a,,,,,
1339,2021 52nd Overall,Draft Pick,a,,,,,
1340,Trade DET/NYI 7/16/2021,Trade,a,,,,,
1341,Vyacheslav Peksa,TOR,a,,,,,
1342,Brandon Saad,VGK,a,,,,,
1343,2011 43rd Overall,Draft Pick,a,,,,,
1344,Trade CGY/TOR 7/27/2009,Trade,a,,,,,
1345,Trade CHI/TOR 9/5/2009,Trade,a,,,,,
1346,Trade CHI/CBJ 6/30/2015,Trade,a,,,,,
1347,Cole Reinhardt,VGK,a,,,,,
1348,2020 181st Overall,Draft Pick,a,,,,,
1349,Trade STL/EDM 10/1/2018,Trade,a,,,,,
1350,Trade 11/22/2018 EDM/OTT,Trade,a,,,,,
1351,Mattias Ekholm,EDM,a,,,,,
1352,Ty Emberson,EDM,a,,,,,
1353,2018 73rd Overall,Draft Pick,a,,,,,
1354,Trade ARI/NYR 7/13/2022,Trade,a,,,,,
1355,Trade SJS/EDM 8/18/2024,Trade ,a,,,,,
1356,Adam Henrique,EDM,a,,,,,
1357,Trade NJD/ANA 11/30/2017,Trade ,a,,,,,
1358,Trade ANA/EDM/TBL 3/6/2024,Trade,a,,,,,
1359,Zach Hyman,EDM,a,,,,,
1360,Trade TOR/FLA 6/19/2015,Trade,a,,,,,
1361,Mattias Janmark,EDM,a,,,,,
1362,Kasperi Kapanen,EDM,a,,,,,
1363,Trade PIT/TOR 8/25/2020,Trade,a,,,,,
1364,Brett Kulak,EDM,a,,,,,
1365,Trade CGY/MTL 10/1/2018,Trade ,a,,,,,
1366,Connor McDavid,EDM,a,,,,,
1367,Ryan Nugent-Hopkins,EDM,a,,,,,
1368,Darnell Nurse,EDM,a,,,,,
1369,Noah Philp,EDM,a,,,,,
1370,Calvin Pickard,EDM,a,,,,,
1371,2010 49th Overall,Draft Pick,a,,,,,
1372,Trade LAK/COL 6/26/2010,Trade ,a,,,,,
1373,Trade VGK/TOR 10/6/2017,Trade ,a,,,,,
1374,Vasily Podkolzin,EDM,a,,,,,
1375,Trade EDM/VAN 8/18/2024,Trade ,a,,,,,
1376,Philipp Grubauer,SEA,a,,,,,
1377,2010 112th Overall,Draft Pick,a,,,,,
1378,Trade PHX/TOR 3/3/2010,Trade ,a,,,,,
1379,Trade TOR/WSH 6/26/2010,Trade ,a,,,,,
1380,Trade COL/WSH 6/22/2018,Trade ,a,,,,,
1381,Ben Jones,MIN,a,,,,,
1382,Morgan Barron,WPG,a,,,,,
1383,2017 174th Overall,Draft Pick,a,,,,,
1384,Trade SJS/NYR 6/24/2017,Trade ,a,,,,,
1385,Dakota Joshua,TOR,a,,,,,
1386,Kiefer Sherwood,VAN,a,,,,,
1387,Noah Juulsen,PHI,a,,,,,
1388,Trade VAN/FLA 10/10/2021,Trade ,a,,,,,
1389,Max Sasson,VAN,a,,,,,
1390,Scott Sabourin,TBL,a,,,,,
1391,Trade LAK/MIN 2/29/2016,Trade ,a,,,,,
1392,Vitek Vanecek,UTH,a,,,,,
1393,2014 39th Overall,Draft Pick,a,,,,,
1394,Trade WPG/MIN 7/5/2013,Trade ,a,,,,,
1395,Trade MIN/BUF 3/5/2014,Trade ,a,,,,,
1396,Trade BUF/WSH 6/28/2014,Trade ,a,,,,,
1397,Trade SEA/WSH 7/28/2021,Trade ,a,,,,,
1398,Trade WSH/NJD 7/8/2022,Trade ,a,,,,,
1399,Emil Heineman,NYI,a,,,,,
1400,Trade MTL/CGY 2/14/2002,Trade ,a,,,,,
1401,Samuel Helenius,LAK,a,,,,,
1402,2021 59th Overall,Draft Pick,a,,,,,
1403,Derek Ryan,Unsigned,a,,,,,
1404,Stuart Skinner,EDM,a,,,,,
1405,2017 78th Overall,Draft Pick,a,,,,,
1406,Trade CGY/ARI 2/20/2017,Trade ,a,,,,,
1407,Trade ARI/EDM 6/24/2017,Trade ,a,,,,,
1408,Troy Stecher,EDM,a,,,,,
1409,Trade DET/LAK 3/20/2022,Trade ,a,,,,,
1410,Trade CGY/ARI 3/3/2023,Trade ,a,,,,,
1411,Trade ARI/EDM 3/7/2024,Trade ,a,,,,,
1412,Wayne Primeau,Unsigned,,,,,,
1413,Trade BUF/TBL 3/9/2000,Trade ,a,,,,,
1414,Trade TBL/PIT 2/1/2001,Trade ,a,,,,,
1415,Trade PIT/SJS 3/11/2003,Trade ,a,,,,,
1416,Trade SJS/BOS 11/30/2005,Trade ,a,,,,,
1417,Philip Broberg,STL,a,,,,,
1418,Jack Campbell,Unsigned,,,,,,
1419,Trade LAK/DAL 6/25/2016,Trade ,a,,,,,
1420,Trade LAK/TOR 2/5/2020,Trade ,a,,,,,
1421,Sam Carrick,NYR,a,,,,,
1422,Trade CHI/ANA 3/1/2017,Trade ,a,,,,,
1423,2010 144th Overall,Draft Pick,a,,,,,
1424,Trade NJD/TOR 3/3/2010,Trade ,a,,,,,
1425,Cody Ceci,LAK,a,,,,,
1426,Vincent Desharnais,SJS,a,,,,,
1427,Adam Erne,DAL,a,,,,,
1428,Trade TBL/DET 8/14/2019,Trade ,a,,,,,
1429,Warren Foegele,LAK,a,,,,,
1430,Trade EDM/CAR 7/28/2021,Trade ,a,,,,,
1431,Sam Gagner,Unsigned,x,,,,,
1432,Trade EDM/TBL 6/29/2014,Trade ,a,,,,,
1433,Trade ARI/PHI 6/27/2015,Trade ,a,,,,,
1434,Trade VAN/EDM 2/16/2019,Trade ,a,,,,,
1435,James Hamblin,EDM,a,,,,,
1436,Dylan Holloway,STL,a,,,,,
1437,Evander Kane,VAN,a,,,,,
1438,Trade BUF/SJS 2/26/2018,Trade ,a,,,,,
1439,Philip Kemp,PIT,a,,,,,
1440,Vladislav Namestnikov,WPG,a,,,,,
1441,Trade NYR/OTT 10/7/2019,Trade ,a,,,,,
1442,Trade OTT/COL 2/24/2020,Trade ,a,,,,,
1443,Trade DET/DAL 3/21/2022,Trade ,a,,,,,
1444,Trade TBL/SJS 3/1/2023,Trade ,a,,,,,
1445,Trade SJS/WPG 3/3/2023,Trade ,a,,,,,
1446,Parker Ford,WPG,a,,,,,
1447,Joel Farabee,CGY,a,,,,,
1448,Trade CGY/PHI 1/30/2025,Trade ,a,,,,,
1449,2018 14th Overall,Draft Pick,a,,,,,
1450,Trade STL/PHI 6/23/2017,Trade ,a,,,,,
1451,Morgan Frost,CGY,a,,,,,
1452,2017 27th Overall,Draft Pick,a,,,,,
1453,Cale Fleury,SEA,a,,,,,
1454,Matt Tomkins,EDM,a,,,,,
1455,Adam Ginning,PHI,a,,,,,
1456,Hudson Fasching,CBJ,a,,,,,
1457,Trade LAK/BUF 3/5/2014,Trade ,a,,,,,
1458,Trade BUF/ARI 6/14/2018,Trade ,a,,,,,
1459,Kyle Capobianco,DAL,a,,,,,
1460,Rasmus Asplund,Unsigned,a,,,,,
1461,2016 33rd Overall,Draft Pick,a,,,,,
1462,Trade BUF/FLA 6/25/2016,Trade ,a,,,,,
1463,Trade NSH/BUF 3/3/2023,Trade ,a,,,,,
1464,Uvis Balinskis,FLA,a,,,,,
1465,Aleksander Barkov,FLA,a,,,,,
1466,Sam Bennett,FLA,a,,,,,
1467,Sergei Bobrovsky,FLA,a,,,,,
1468,Trade CBJ/PHI 6/22/2012,Trade ,a,,,,,
1469,Jesper Boqvist,FLA,a,,,,,
1470,Aaron Ekblad,FLA,a,,,,,
1471,Gustav Forsling,FLA,a,,,,,
1472,Trade CHI/VAN 1/29/2015,Trade ,a,,,,,
1473,Jonah Gadjovich,FLA,a,,,,,
1474,Patrick Giles,SJS,a,,,,,
1475,AJ Greer,FLA,a,,,,,
1476,Trade COL/NYI 10/11/2020,Trade ,a,,,,,
1477,2015 39th Overall,Draft Pick,a,,,,,
1478,Trade SJS/COL 6/27/2015,Trade ,a,,,,,
1479,Spencer Knight,CHI,a,,,,,
1480,Dmitry Kulikov,FLA,a,,,,,
1481,Trade NJD/EDM 4/12/2021,Trade ,a,,,,,
1482,Anton Lundell,FLA,a,,,,,
1483,Eetu Luostarinen,FLA,a,,,,,
1484,Trade CAR/FLA 2/24/2020,Trade ,a,,,,,
1485,Niko Mikkola,FLA,a,,,,,
1486,2015 127th Overall,Draft Pick,a,,,,,
1487,Trade NJD/STL 3/22/2013,Trade ,a,,,,,
1488,Corey Schueneman,STL,a,,,,,
1489,Marcus Pettersson,VAN,a,,,,,
1490,Trade PIT/VAN 1/31/2025,Trade ,a,,,,,
1491,2014 38th Overall,Draft Pick,a,,,,,
1492,Trade TOR/ANA 11/16/2013,Trade ,a,,,,,
1493,Drew O'Connor,VAN,a,,,,,
1494,Danton Heinen,PIT,a,,,,,
1495,Trade BOS/ANA 2/24/2020,Trade,a,,,,,
1496,Melvin Fernstrom,PIT,a,,,,,
1497,JT Miller,NYR,a,,,,,
1498,Trade VAN/NYR 1/31/2025,Trade,a,,,,,
1499,Trade VAN/TBL 6/22/2019,Trade,a,,,,,
1500,Erik Brannstrom,Unsigned,a,,,,,
1501,2017 15th Overall,Draft Pick,a,,,,,
1502,Trade NYI/VGK 6/21/2017,Trade,a,,,,,
1503,Trade VGK/OTT 2/25/2019,Trade,a,,,,,
1504,Trade COL/VAN 10/6/2024,Trade,a,,,,,
1505,Jackson Dorrington,NYR,a,,,,,
1506,Filip Chytil,VAN,a,,,,,
1507,Victor Mancini,VAN,a,,,,,
1508,Matthew Kessel,STL,a,,,,,
1509,Egor Zamula,PHI,a,,,,,
1510,Alexei Kolosov,PHI,a,,,,,
1511,Isaiah George,NYI,a,,,,,
1512,2022 98th Overall,Draft Pick,a,,,,,
1513,Tomas Nosek,FLA,a,,,,,
1514,Sam Reinhart,FLA,a,,,,,
1515,Evan Rodrigues,FLA,a,,,,,
1516,Trade BUF/PIT 2/24/2020,Trade,a,,,,,
1517,Mackie Samoskevich,FLA,a,,,,,
1518,Mikael Granlund,ANA,a,,,,,
1519,Trade MIN/NSH 2/25/2019,Trade,a,,,,,
1520,Trade NSH/PIT 3/1/2023,Trade,a,,,,,
1521,Trade DAL/SJS 2/1/2025,Trade,a,,,,,
1522,Gustav Olofsson,Unsigned,,,,,,
1523,Trade MTL/MIN 10/3/2018,Trade,a,,,,,
1524,Phillip Di Giueseppe,WPG,a,,,,,
1525,Emil Andrae,PHI,a,,,,,
1526,Jacob Gaucher,PHI,a,,,,,
1527,Nico Daws,NJD,a,,,,,
1528,2020 84th Overall,Draft Pick,a,,,,,
1529,Trade NJD/CAR 2/24/2020,Trade,a,,,,,
1530,Christian Kyrou,DAL,a,,,,,
1531,Kyle McDonald,DAL,a,,,,,
1532,Yaroslav Askarov,SJS,a,,,,,
1533,Trade NSH/SJS 8/23/2024,Trade,a,,,,,
1534,Leevi Merilainen,OTT,a,,,,,
1001534,2020 71st Overall,Draft Pick,a,,,,,
1535,Trade OTT/WPG 2/18/2020,Trade,a,,,,,
1536,Owen Beck,MTL,a,,,,,
1537,Nate Schmidt,UTH,a,,,,,
1538,Trade VAN/WPG 7/27/2021,Trade,a,,,,,
1539,Matthew Tkachuk,FLA,a,,,,,
1540,Carter Verhaeghe,FLA,a,,,,,
1541,Trade NYI/TOR 9/17/2015,Trade,a,,,,,
1542,Trade NYI/TBL 7/1/2017,Trade,a,,,,,
1543,William Bitten,Unsigned,,,,,,
1544,Trade STL/MIN 12/29/2021,Trade,a,,,,,
1546,Nick Cousins,OTT,a,,,,,
1547,2011 68th Overall,Draft Pick,a,,,,,
1548,Trade CBJ/PHI 6/23/2011,Trade,a,,,,,
1549,Trade PHI/ARI 6/16/2017,Trade,a,,,,,
1550,Trade MTL/VGK 2/24/2020,Trade,a,,,,,
1551,Oliver Ekman-Larsson,TOR,a,,,,,
1552,Trade VAN/ARI 7/23/2021,Trade,a,,,,,
1553,William Lockwood,Unsigned,,,,,,
1554,2016 64th Overall,Draft Pick,,,,,,
1555,Trade VAN/NYI 11/25/2014,Trade,,,,,,
1556,Trade NYI/BUF 3/2/2015,Trade,,,,,,
1557,Trade BUF/PIT 5/28/2015,Trade,,,,,,
1558,Trade PIT/VAN 7/28/2015,Trade,,,,,,
1559,Dan Bylsma (Coach),Unsigned,,,,,,
1560,Trade VAN/NYR 2/25/2023,Trade,a,,,,,
1561,Steven Lorentz,TOR,a,,,,,
1562,Trade FLA/SJS 7/1/2023,Trade,a,,,,,
1563,Josh Mahura,SEA,a,,,,,
1564,Brandon Montour,SEA,a,,,,,
1565,Trade ANA/BUF 2/24/2019,Trade,a,,,,,
1566,Mike Reilly,CAR,a,,,,,
1567,Trade MIN/MTL 2/26/2018,Trade,a,,,,,
1568,Trade MTL/OTT 1/2/2020,Trade,a,,,,,
1569,Trade OTT/BOS 4/11/2021,Trade,a,,,,,
1570,Justin Sourdif,WSH,a,,,,,
1571,2020 87th Overall,Draft Pick,a,,,,,
1572,Trade COL/FLA 2/25/2019,Trade,a,,,,,
1573,Kevin Stenlund,UTH,a,,,,,
1574,2015 58th Overall,Draft Pick,a,,,,,
1575,Trade ANA/CBJ 3/2/2015,Trade,a,,,,,
1576,Anthony Stolarz,TOR,a,,,,,
1577,2012 45th Overall,Draft Pick,a,,,,,
1578,Trade OTT/PHX 12/17/2011,Trade,a,,,,,
1579,Trade CBJ/PHX 2/22/2012,Trade,a,,,,,
1580,William Karlsson,VGK,a,,,,,
1581,Trade VGK/CBJ 6/21/2017,Trade,a,,,,,
1582,Mikey Anderson,LAK,a,,,,,
1583,Kyle Burroughs,LAK,a,,,,,
1584,Trade LAK/SJS 6/27/2024,Trade,a,,,,,
1585,Quinton Byfield,LAK,a,,,,,
1586,Brandt Clarke,LAK,a,,,,,
1587,Pheonix Copley,LAK,a,,,,,
1588,Trade WSH/STL 7/2/2015,Trade,a,,,,,
1589,Phillip Danault,LAK,a,,,,,
1590,2011 26th Overall,Draft Pick,a,,,,,
1591,Trade WSH/CHI 6/24/2011,Trade,a,,,,,
1592,Trade CHI/MTL 2/26/2016,Trade,a,,,,,
1593,Drew Doughty,LAK,a,,,,,
1594,Joel Edmundson,LAK,a,,,,,
1595,2011 46th Overall,Draft Pick,a,,,,,
1596,Trade BUF/STL 2/27/2011,Trade,a,,,,,
1597,Trade CAR/MTL 9/12/2020,Trade,a,,,,,
1598,Trade MTL/WSH 7/1/2023,Trade,a,,,,,
1599,Trade WSH/TOR 3/7/2024,Trade,a,,,,,
1600,Andreas Englund,NSH,a,,,,,
1601,Kevin Fiala,LAK,a,,,,,
1602,Trade MIN/LAK 6/29/2022,Trade,a,,,,,
1603,Vladislav Gavrikov,NYR,a,,,,,
1604,Tanner Jeannot,BOS,a,,,,,
1605,Trade NSH/TBL 2/26/2023,Trade,a,,,,,
1606,Trade TBL/LAK 6/29/2024,Trade,a,,,,,
1607,Adrian Kempe,LAK,a,,,,,
1608,Anze Kopitar,LAK,a,,,,,
1609,Darcy Kuemper,LAK,a,,,,,
1610,2009 161st Overall,Draft Pick,a,,,,,
1611,Trade EDM/MIN 6/27/2009,Trade,a,,,,,
1612,Trade ARI/COL 7/28/2021,Trade,a,,,,,
1613,Trade LAK/WSH 6/24/2019,Trade,a,,,,,
1614,Alex Laferriere,LAK,a,,,,,
1615,2020 83rd Overall,Draft Pick,a,,,,,
1616,Trade CBJ/OTT 2/26/2018,Trade,a,,,,,
1617,Andre Lee,LAK,a,,,,,
1618,Trevor Lewis,Unsigned,,,,,,
1619,2006 17th Overall,Draft Pick,a,,,,,
1620,Trade MIN/LAK 6/24/2006,Trade,a,,,,,
1621,Trade MIN/EDM 3/8/2006,Trade,a,,,,,
1622,Trevor Moore,LAK,a,,,,,
1623,Jacob Moverare,LAK,a,,,,,
1624,Erik Portillo,LAK,a,,,,,
1625,David Rittich,NYI,a,,,,,
1626,Trade CGY/TOR 4/11/2021,Trade,a,,,,,
1627,Jordan Spence,OTT,a,,,,,
1628,Akil Thomas,LAK,a,,,,,
1629,Alex Turcotte,LAK,a,,,,,
1630,Vladislav Kamenev,Unsigned,a,,,,,
1631,Arthur Kaliyev,OTT,a,,,,,
1632,Blake Lizotte,PIT,a,,,,,
1633,Carl Grundstrom,PHI,a,,,,,
1634,2016 57th Overall,Draft Pick,a,,,,,
1635,Jaret Anderson-Dolan,WPG,a,,,,,
1636,Matt Roy,WSH,a,,,,,
1637,Pierre-Luc Dubois,WSH,a,,,,,
1638,Trade WPG/LAK 6/27/2023,Trade,a,,,,,
1639,Samuel Fagemo,WPG,a,,,,,
1640,2019 50th Overall,Draft Pick,a,,,,,
1641,Trade MTL/LAK 6/22/2019,Trade,a,,,,,
1642,Vladimir Sobotka,Unsigned,,,,,,
1643,Trade STL/BOS 6/26/2010,Trade,,,,,,
1644,Brandon Halverson,TBL,a,,,,,
1645,Sammy Walker,Unsigned,a,,,,,
1646,Trade UTH/MIN 2/3/2025,Trade,a,,,,,
1647,Brock Faber,MIN,a,,,,,
1648,2020 45th Overall,Draft Pick,a,,,,,
1649,Trade LAK/DET 10/7/2020,Trade,a,,,,,
1650,Daemon Hunt,MIN,a,,,,,
1651,2020 65th Overall,Draft Pick,a,,,,,
1652,Trade DET/MIN 10/7/2020,Trade,a,,,,,
1653,Declan Chisholm,WSH,a,,,,,
1654,2018 150th Overall,Draft Pick,a,,,,,
1655,Trade BOS/WPG 3/1/2017,Trade,a,,,,,
1656,Devin Shore,Unsigned,a,,,,,
1657,Trade CBJ/ANA 2/24/2020,Trade,a,,,,,
1658,2012 61st Overall,Draft Pick,a,,,,,
1659,Trade PHI/LAK 6/23/2011,Trade,a,,,,,
1660,Filip Gustavsson,MIN,a,,,,,
1661,2016 55th Overall,Draft Pick,a,,,,,
1662,Trade VAN/ANA 6/30/2015,Trade,a,,,,,
1663,Frederick Gaudreau,SEA,a,,,,,
1664,Jake Middleton,MIN,a,,,,,
1665,Jakub Lauko,BOS,a,,,,,
1666,2018 77th Overall,Draft Pick,a,,,,,
1667,Jared Spurgeon,MIN,a,,,,,
1668,Jesper Wallstedt,MIN,a,,,,,
1669,2021 20th Overall,Draft Pick,a,,,,,
1670,Trade MIN/EDM 7/23/2021,Trade,a,,,,,
1671,Joel Eriksson Ek,MIN,a,,,,,
1672,Jonas Brodin,MIN,a,,,,,
1673,Jon Merrill,Unsigned,,,,,,
1674,2010 38th Overall,Draft Pick,a,,,,,
1675,Trade MTL/DET 4/11/2021,Trade,a,,,,,
1676,Liam Ohgren,MIN,a,,,,,
1677,2022 19th Overall,Draft Pick,a,,,,,
1678,Linus Karlsson,VAN,a,,,,,
1679,2018 87th Overall,Draft Pick,a,,,,,
1680,Trade TOR/ NJD 7/23/2015,Trade,a,,,,,
1681,Trade WSH/NJD 7/2/2017,Trade,a,,,,,
1682,Trade WSH/CHI 2/19/2018,Trade,a,,,,,
1683,Lou Lamoriello (GM),Unsigned,a,,,,,
1684,Fraser Minten,BOS,a,,,,,
1685,2022 38th Overall,Draft Pick,a,,,,,
1686,Dakota Mermis,TOR,a,,,,,
1687,Shakir Mukhamadullin,SJS,a,,,,,
1688,2020 20th Overall,Draft Pick,a,,,,,
1689,Marat Khusnutdinov,BOS,a,,,,,
1690,2020 37th Overall,Draft Pick,a,,,,,
1691,Trade NJD/NSH 6/2/2019,Trade,a,,,,,
1692,Trade NSH/MIN 10/7/2020,Trade,a,,,,,
1693,Marc-Andre Fleury,Unsigned,,,,,,
1694,Trade VGK/PIT 6/21/2017,Trade,a,,,,,
1695,Trade VGK/CHI 7/27/2021,Trade,a,,,,,
1696,Trade CHI/MIN 3/21/2022,Trade,a,,,,,
1697,2003 1st Overall,Draft Pick,a,,,,,
1698,Trade PIT/FLA 6/21/2003,Trade,a,,,,,
1699,Marco Rossi,MIN,a,,,,,
1700,Marcus Foligno,MIN,a,,,,,
1701,Trade MIN/BUF 6/30/2017,Trade,a,,,,,
1702,Marcus Johansson,MIN,a,,,,,
1703,Trade BUF/MIN 9/16/2020,Trade,a,,,,,
1704,Trade MIN/WSH 2/28/2023,Trade,a,,,,,
1705,Mats Zuccarello,MIN,a,,,,,
1706,Trade DAL/NYR 2/23/2019,Trade,a,,,,,
1707,Matt Boldy,MIN,a,,,,,
1708,Michael Milne,MIN,a,,,,,
1709,Ryan Hartman,MIN,a,,,,,
1710,Trade PHI/NSH 2/25/2019,Trade,a,,,,,
1711,Trade PHI/DAL 6/24/2019,Trade,a,,,,,
1712,Travis Boyd,TOR,a,,,,,
1713,Wayne Simmonds,Unsigned,,,,,,
1714,Trade NJD/BUF 2/24/2020,Trade,a,,,,,
1715,2007 61st Overall,Draft Pick,a,,,,,
1716,Trade VAN/ANA 8/1/2005,Trade,a,,,,,
1717,Trade VAN/LAK 2/26/2007,Trade,a,,,,,
1718,Adam Beckman,NYI,a,,,,,
1719,2019 75th Overall,Draft Pick,a,,,,,
1720,Trade FLA/NSH 6/23/2018,Trade,a,,,,,
1721,Trade NSH/MIN 6/22/2019,Trade,a,,,,,
1722,Trade MIN/NJD 6/21/2024,Trade,a,,,,,
1723,Adam Raska,Unsigned,,,,,,
1724,2020 201st Overall,Draft Pick,,,,,,
1725,Trade PIT/SJS 6/22/2019,Trade,,,,,,
1726,Trade SJS/MIN 11/8/2023,Trade,,,,,,
1727,Alex Goligoski,Unsigned,,,,,,
1728,2004 61st Overall,Draft Pick,a,,,,,
1729,Trade PIT/VAN 8/25/2003,Trade,a,,,,,
1730,Trade PIT/DAL 2/21/2011,Trade,a,,,,,
1731,Trade PHX/DAL 6/6/2016,Trade,a,,,,,
1732,Logan Cooley,UTH,a,,,,,
1733,Vincent Hinostroza,MIN,a,,,,,
1734,Trade CHI/FLA 4/2/2021,Trade,a,,,,,
1735,Conor Geekie,TBL,a,,,,,
1736,2022 11th Overall,Draft Pick,a,,,,,
1737,Trade ARI/SJS 7/7/2022,Trade,a,,,,,
1738,Trade UTH/TBL 6/29/2024,Trade,a,,,,,
1739,Nick Leddy,SJS,a,,,,,
1740,2009 16th Overall,Draft Pick,a,,,,,
1741,Trade CBJ/NYI 6/26/2009,Trade,a,,,,,
1742,Trade MIN/CHI 2/12/2010,Trade,a,,,,,
1743,Trade CHI/NYI 10/4/2014,Trade,a,,,,,
1744,Andrew Poturalski,Unsigned,a,,,,,
1745,Nicolas Deslauriers,PHI,a,,,,,
1746,2009 84th Overall,Draft Pick,a,,,,,
1747,Trade NJD/CGY 6/26/2009,Trade,a,,,,,
1748,Trade CGY/LAK 6/27/2009,Trade,a,,,,,
1749,Trade BUF/MTL 10/4/2017,Trade,a,,,,,
1750,Trade MTL/ANA 6/30/2019,Trade,a,,,,,
1751,Adam Edstrom,NYR,a,,,,,
1752,Mathew Barzal,NYI,a,,,,,
1753,2015 16th Overall,Draft Pick,a,,,,,
1754,Trade EDM/NYI 6/26/2015,Trade,a,,,,,
1755,Erik Haula,NSH,a,,,,,
1756,2009 182nd Overall,Draft Pick,a,,,,,
1757,Trade CAR/VGK 6/26/2019,Trade,a,,,,,
1758,Brian Halonen,NJD,a,,,,,
1759,Logan Mailloux,STL,a,,,,,
1760,Calen Addison,NJD,a,,,,,
1761,Jake Lucchini,NSH,a,,,,,
1762,Trade MTL/PIT 2/20/2020,Trade,a,,,,,
1763,Jujhar Khaira,Unsigned,,,,,,
1764,Mason Shaw,WPG,a,,,,,
1765,2017 97th Overall,Draft Pick,a,,,,,
1766,Nic Petan,Unsigned,,,,,,
1767,Trade WPG/TOR 2/25/2019,Trade,a,,,,,
1768,Trade NYR/MIN 3/8/2024,Trade,a,,,,,
1769,Zach Redmond,Unsigned,a,,,,,
1770,Alex Barre-Boulet,COL,a,,,,,
1771,Dylan Gambrell,Unsigned,a,,,,,
1772,Trade OTT/SJS 10/24/2021,Trade,a,,,,,
1773,Nils Aman,VAN,a,,,,,
1774,2020 167th Overall,Draft Pick,a,,,,,
1775,MacKenzie MacEachern,VAN,a,,,,,
1776,2012 67th Overall,Draft Pick,a,,,,,
1777,Trade STL/ANA 2/28/2011,Trade,a,,,,,
1778,Jesse Puljujarvi,Unsigned,,,,,,
1779,Trade EDM/CAR 2/28/2023,Trade,a,,,,,
1780,Tristan Lennox,NYI,a,,,,,
1781,Ben Kraws,DAL,a,,,,,
1782,Artyom Levshunov,CHI,a,,,,,
1783,Alex Newhook,MTL,a,,,,,
1784,Trade MTL/COL 6/27/2023,Trade,a,,,,,
1785,Alexandre Carrier,MTL,a,,,,,
1786,Trade MTL/NSH 12/18/2024,Trade,a,,,,,
1787,Arber Xhekaj,MTL,a,,,,,
1788,Brendan Gallagher,MTL,a,,,,,
1789,Cayden Primeau,TOR,a,,,,,
1790,2017 199th Overall,Draft Pick,a,,,,,
1791,Trade PHI/MTL 6/24/2017,Trade,a,,,,,
1792,Christian Dvorak,PHI,a,,,,,
1793,2014 58th Overall,Draft Pick,a,,,,,
1794,Trade CHI/ARI 3/4/2014,Trade,a,,,,,
1795,Trade ARI/MTL 9/4/2021,Trade,a,,,,,
1796,Cole Caufield,MTL,a,,,,,
1797,David Savard,Unsigned,a,,,,,
1798,2009 94th Overall,Draft Pick,a,,,,,
1799,Trade COL/CBJ 2/26/2008,Trade,a,,,,,
1800,Jake Evans,MTL,a,,,,,
1801,Jakub Dobes,MTL,a,,,,,
1802,2020 136th Overall,Draft Pick,a,,,,,
1803,Trade MTL/FLA 6/22/2019,Trade,a,,,,,
1804,Joel Armia,LAK,a,,,,,
1805,Trade WPG/MTL 6/30/2018,Trade,a,,,,,
1806,Josh Anderson,MTL,a,,,,,
1807,Trade CBJ/MTL 10/6/2020,Trade,a,,,,,
1808,2012 95th Overall,Draft Pick,a,,,,,
1809,Trade NYI/VAN 6/28/2011,Trade,a,,,,,
1810,Trade VAN/CBJ 2/27/2012,Trade,a,,,,,
1811,Joshua Roy,MTL,a,,,,,
1812,2021 150th Overall,Draft Pick,a,,,,,
1813,Trade MTL/MIN 7/24/2021,Trade,a,,,,,
1814,Juraj Slafkovsky,MTL,a,,,,,
1815,Justin Barron,NSH,a,,,,,
1816,Kaiden Guhle,MTL,a,,,,,
1817,Kirby Dach,MTL,a,,,,,
1818,Lane Hutson,MTL,a,,,,,
1819,2022 62nd Overall,Draft Pick,a,,,,,
1820,Lucas Condotta,MTL,a,,,,,
1821,Michael Pezzetta,TOR,a,,,,,
1822,Mike Matheson,MTL,a,,,,,
1823,Trade FLA/PIT 9/24/2020,Trade,a,,,,,
1824,Nick Suzuki,MTL,a,,,,,
1825,2017 13th Overall,Draft Pick,a,,,,,
1826,Trade VGK/WPG 6/21/2017,Trade,a,,,,,
1827,Oliver Kapanen,MTL,a,,,,,
1828,2021 64th Overall,Draft Pick,a,,,,,
1829,Trade MTL/TBL 10/7/2020,Trade,a,,,,,
1830,Sam Montembeault,MTL,a,,,,,
1831,2015 77th Overall,Draft Pick,a,,,,,
1832,Trade FLA/PIT 3/5/2014,Trade,a,,,,,
1833,Vladimir Malakhov,Unsigned,,,,,,
1834,Trade MTL/NYI 4/5/1995,Trade,a,,,,,
1835,Trade MTL/NJD 3/1/2000,Trade,a,,,,,
1836,Trade NYR/PHI 3/8/2004,Trade,a,,,,,
1837,Jake Allen,NJD,a,,,,,
1838,Trade MTL/NJD 3/8/2024,Trade,a,,,,,
1839,Brandon Gignac,Unsigned,,,,,,
1840,2016 80th Overall,Draft Pick,,,,,,
1841,Trade NYI/OTT 2/29/2016,Trade,,,,,,
1842,Trade OTT/NJD 6/24/2016,Trade,,,,,,
1843,Gustav Lindstrom,Unsigned,a,,,,,
1844,Tanner Pearson,WPG,a,,,,,
1845,Trade LAK/PIT 11/14/2018,Trade,a,,,,,
1846,Akira Schmid,VGK,a,,,,,
1847,2018 136th Overall,Draft Pick,a,,,,,
1848,Joakim Kemell,NSH,a,,,,,
1849,Matt Murray,SEA,a,,,,,
1850,Trade OTT/PIT 10/7/2020,Trade,a,,,,,
1851,Trade OTT/TOR 7/11/2022,Trade,a,,,,,
1852,Conor Sheary,NYR,a,,,,,
1853,Trade BUF/PIT 6/27/2018,Trade,a,,,,,
1854,Scott Mayfield,NYI,a,,,,,
1855,Nico Hischier,NJD,a,,,,,
1856,Simon Nemec,NJD,a,,,,,
1857,Jesse Ylonen,Unsigned,,,,,,
1858,Johnathan Kovacevic,NJD,a,,,,,
1859,Trade MTL/NJD 6/30/2024,Trade,a,,,,,
1860,Mitchell Stephens,SEA,a,,,,,
1861,2015 33rd Overall,Draft Pick,a,,,,,
1862,Trade DET/TBL 7/30/2021,Trade,a,,,,,
1863,Vitaly Abramov,Unsigned,a,,,,,
1864,Adam Wilsby,NSH,a,,,,,
1865,2020 101st Overall,Draft Pick,a,,,,,
1866,Cole Smith,NSH,a,,,,,
1867,Colton Sissons,VGK,a,,,,,
1868,2012 50th Overall,Draft Pick,a,,,,,
1869,Trade PHI/TBL 7/1/2010,Trade,a,,,,,
1870,Trade TBL/NSH 6/15/2022,Trade,a,,,,,
1871,Fedor Svechkov,NSH,a,,,,,
1872,Filip Forsberg,NSH,a,,,,,
1873,2012 11th Overall,Draft Pick,a,,,,,
1874,Trade WSH/COL 7/1/2011,Trade,a,,,,,
1875,Trade WSH/NSH 4/3/2013,Trade,a,,,,,
1876,Gustav Nyquist,WPG,a,,,,,
1877,Trade CBJ/MIN 2/28/2023,Trade,a,,,,,
1878,Jeremy Lauzon,VGK,a,,,,,
1879,2015 52nd Overall,Draft Pick,a,,,,,
1880,Trade CGY/WSH 3/1/2015,Trade,a,,,,,
1881,Trade SEA/NSH 3/20/2022,Trade,a,,,,,
1882,Jonathan Marchessault,NSH,a,,,,,
1883,Trade CBJ/TBL 3/5/2014,Trade,a,,,,,
1884,Juuse Saros,NSH,a,,,,,
1885,2013 99th Overall,Draft Pick,a,,,,,
1886,Trade BUF/NSH 2/27/2012,Trade,a,,,,,
1887,Luke Evangelista,NSH,a,,,,,
1888,Luke Schenn,WPG,a,,,,,
1889,2008 5th Overall,Draft Pick,a,,,,,
1890,Trade TOR/NYI 6/20/2008,Trade,a,,,,,
1891,Trade PHI/LAK 1/6/2016,Trade,a,,,,,
1892,Trade ANA/VAN 1/16/2019,Trade,a,,,,,
1893,Trade VAN/TOR 2/28/2023,Trade,a,,,,,
1894,Trade VAN/NSH 2/7/2025,Trade,a,,,,,
1895,Zac Funk,WSH,a,,,,,
1896,Dylan Duke,TBL,a,,,,,
1897,2021 126th Overall,Draft Pick,a,,,,,
1898,Trade MTL/TBL 7/24/2021,Trade,a,,,,,
1899,Anthony Richard,PHI,a,,,,,
1900,2015 100th Overall,Draft Pick,a,,,,,
1901,Trade SJS/NSH 6/28/2014,Trade,a,,,,,
1902,Trade TBL/NSH 2/1/2022,Trade,a,,,,,
1903,Santeri Hatakka,Unsigned,a,,,,,
1904,Matthew Seminoff,DAL,a,,,,,
1905,James Stefan,EDM,a,,,,,
1906,Marc Del Gaizo,MTL,a,,,,,
1907,2019 109th Overall,Draft Pick,a,,,,,
1908,Trade COL/NSH 7/1/2017,Trade,a,,,,,
1909,Mark Jankowski,CAR,a,,,,,
1910,2012 21st Overall,Draft Pick,a,,,,,
1911,Trade BUF/CGY 6/22/2021,Trade,a,,,,,
1912,Michael McCarron,NSH,a,,,,,
1913,Trade MTL/NSH 1/7/2020,Trade,a,,,,,
1914,Ozzy Wiesblatt,NSH,a,,,,,
1915,2020 31st Overall,Draft Pick,a,,,,,
1916,Trade TBL/SJS 2/24/2020,Trade,a,,,,,
1917,Trade SJS/NSH 6/23/2024,Trade,a,,,,,
1918,Philip Tomasino,PIT,a,,,,,
1919,Trade PIT/NSH 11/25/2024,Trade,a,,,,,
1920,Roman Josi,NSH,a,,,,,
1921,2008 38th Overall,Draft Pick,a,,,,,
1922,Trade PHX/TOR 2/27/2007,Trade,a,,,,,
1923,Trade PHX/NSH 6/21/2008,Trade,a,,,,,
1924,Ryan O'Reilly,NSH,a,,,,,
1925,Trade STL/MIN/TOR 2/17/2023,Trade,a,,,,,
1926,Vladislav Kolyachonok,DAL,a,,,,,
1927,2019 52nd Overall,Draft Pick,a,,,,,
1928,Trade FLA/ARI 7/26/2021,Trade,a,,,,,
1929,Bryan Rust,PIT,a,,,,,
1930,Dylan Garand,NYR,a,,,,,
1931,Josh Doan,BUF,a,,,,,
1932,2021 37th Overall,Draft Pick,a,,,,,
1933,Trade ARI/OTT 12/26/2020,Trade,a,,,,,
1934,Ales Stezka,Unsigned,a,,,,,
1935,Victor Ostman,SEA,a,,,,,
1936,JJ Moser,TBL,a,,,,,
1937,2021 60th Overall,Draft Pick,a,,,,,
1938,Trade ARI/NYI 7/17/2021,Trade,a,,,,,
1939,Zachary Bolduc,MTL,a,,,,,
1940,Steven Stamkos,NSH,a,,,,,
1941,Thomas Novak,PIT,a,,,,,
1942,Zachary L'Heureux,NSH,a,,,,,
1943,2021 27th Overall,Draft Pick,a,,,,,
1944,Yanic Perreault,Unsigned,,,,,,
1945,Trade TOR/LAK 7/11/1994,Trade,a,,,,,
1946,Trade TOR/LAK 3/23/1993,Trade,a,,,,,
1947,Cody Glass,NJD,a,,,,,
1948,Trade PHI/NSH/VGK 7/17/2021,Trade,a,,,,,
1949,Trade PIT/NSH 8/13/2024,Trade,a,,,,,
1950,Denis Gurianov,Unsigned,,,,,,
1951,Trade NSH/PHI 3/8/2024,Trade,a,,,,,
1952,Egor Afanasyev,SJS,a,,,,,
1953,2019 45th Overall,Draft Pick,a,,,,,
1954,Trade ARI/PHI 6/21/2019,Trade,a,,,,,
1955,Trade PHI/NSH 6/22/2019,Trade,a,,,,,
1956,Kevin Lankinen,VAN,a,,,,,
1957,Ryan McDonagh,TBL,a,,,,,
1958,Trade MTL/NYR 6/20/2009,Trade,a,,,,,
1959,Trade TBL/NSH 7/3/2022,Trade,a,,,,,
1960,Trade TBL/NSH 5/21/2024,Trade,a,,,,,
1961,Wade Allison,Unsigned,,,,,,
1962,2016 52nd Overall,Draft Pick,a,,,,,
1963,Trade CHI/PHI 2/27/2015,Trade,a,,,,,
1964,Brenden Dillon,NJD,a,,,,,
1965,Trade DAL/SJS 11/21/2014,Trade,a,,,,,
1966,Trade WSH/SJS 2/18/2020,Trade,a,,,,,
1967,Trade WSH/WPG 7/26/2021,Trade,a,,,,,
1968,Curtis Lazar,EDM,a,,,,,
1969,Trade CGY/OTT 3/1/2017,Trade,a,,,,,
1970,Trade VAN/NJD 3/3/2023,Trade,a,,,,,
1971,Daniil Misyul,Unsigned,a,,,,,
1972,2019 70th Overall,Draft Pick,a,,,,,
1973,Dawson Mercer,NJD,a,,,,,
1974,2020 18th Overall,Draft Pick,a,,,,,
1975,Dougie Hamilton,NJD,a,,,,,
1976,2011 9th Overall,Draft Pick,a,,,,,
1977,Jack Hughes,NJD,a,,,,,
1978,Jesper Bratt,NJD,a,,,,,
1979,Jonas Siegenthaler,NJD,a,,,,,
1980,2015 57th Overall,Draft Pick,a,,,,,
1981,Trade WSH/NYR 6/27/2015,Trade,a,,,,,
1982,Trade NJD/WSH 4/11/2021,Trade,a,,,,,
1983,Justin Dowling,NYR,a,,,,,
1984,Luke Hughes,NJD,a,,,,,
1985,Mike Hardman,NJD,a,,,,,
1986,Nathan Bastian,DAL,a,,,,,
1987,Nathan Legare,NJD,a,,,,,
1988,2019 74th Overall,Draft Pick,a,,,,,
1989,Trade ARI/PIT 6/22/2019,Trade,a,,,,,
1990,Trade MTL/NJD 3/11/2024,Trade,a,,,,,
1991,Nolan Foote,FLA,a,,,,,
1992,Ondrej Palat,NJD,a,,,,,
1993,Paul Cotter,NJD,a,,,,,
1994,2018 115th Overall,Draft Pick,a,,,,,
1995,Trade PIT/TBL 3/1/2017,Trade,a,,,,,
1996,Seamus Casey,NJD,a,,,,,
1997,2022 46th Overall,Draft Pick,a,,,,,
1998,Shane Bowers,SJS,a,,,,,
1999,Trade COL/BOS 2/25/2023,Trade,a,,,,,
2000,Trade BOS/NJD 6/26/2023,Trade,a,,,,,
2001,Timo Meier,NJD,a,,,,,
2002,Vitali Kravtsov,VAN,a,,,,,
2003,Cal Foote,Unsigned,,,,,,
2004,Chris Tierney,Unsigned,,,,,,
2005,Trade OTT/SJS 9/13/2018,Trade,a,,,,,
2006,Colin Miller,WPG,a,,,,,
2007,Trade BOS/LAK 6/25/2015,Trade,a,,,,,
2008,Trade VGK/BUF 6/28/2019,Trade,a,,,,,
2009,Trade DAL/NJD 7/1/2023,Trade,a,,,,,
2010,Trade NJD/WPG 3/8/2024,Trade,a,,,,,
2011,Graeme Clarke,WSH,a,,,,,
2012,2019 80th Overall,Draft Pick,a,,,,,
2013,Trade DAL/NJD 2/23/2019,Trade,a,,,,,
2014,John Marino,UTH,a,,,,,
2015,Trade EDM/PIT 7/26/2019,Trade,a,,,,,
2016,Trade NJD/UTH 6/29/2024,Trade,a,,,,,
2017,Max Willman,Unsigned,a,,,,,
2018,Michael McLeod,Unsigned,,,,,,
2019,2016 12th Overall,Draft Pick,a,,,,,
2020,Nick DeSimone,UTH,a,,,,,
2021,Trade VGK/NYR 7/17/2021,Trade,a,,,,,
2022,Samuel Laberge,SJS,a,,,,,
2023,Tyler Toffoli,SJS,a,,,,,
2024,Trade LAK/VAN 2/17/2020,Trade,a,,,,,
2025,Trade WPG/NJD 3/8/2024,Trade,a,,,,,
2026,2010 47th Overall,Draft Pick,a,,,,,
2027,Vincent Trocheck,NYR,a,,,,,
2028,Adam Pelech,NYI,a,,,,,
2029,Alexander Romanov,NYI,a,,,,,
2030,2018 38th Overall,Draft Pick,a,,,,,
2031,Anders Lee,NYI,a,,,,,
2032,Anthony Duclair,NYI,a,,,,,
2033,Trade ARI/CHI 1/10/2018,Trade,a,,,,,
2034,Bo Horvat,NYI,a,,,,,
2035,Brock Nelson,COL,a,,,,,
2036,2013 9th Overall,Draft Pick,a,,,,,
2037,Trade VAN/NJD 6/30/2013,Trade,a,,,,,
2038,2010 30th Overall,Draft Pick,a,,,,,
2039,Trade NYI/CHI 6/25/2010,Trade,a,,,,,
2040,Casey Cizikas,NYI,a,,,,,
2041,2009 92nd Overall,Draft Pick,a,,,,,
2042,Trade CBJ/NYI 6/27/2009,Trade,a,,,,,
2043,Dennis Cholowski,NJD,a,,,,,
2044,2016 20th Overall,Draft Pick,,,,,,
2045,Trade ARI/DET 6/25/2016,Trade,,,,,,
2046,Grant Hutton,Unsigned,a,,,,,
2047,Ilya Sorokin,NYI,a,,,,,
2048,2014 78th Overall,Draft Pick,a,,,,,
2049,Jean-Gabriel Pageau,NYI,a,,,,,
2050,Trade NYI/OTT 2/24/2020,Trade,a,,,,,
2051,Julien Gauthier,NYI,a,,,,,
2052,Trade CAR/NYR 2/18/2020,Trade,a,,,,,
2053,2016 21st Overall,Draft Pick,a,,,,,
2054,Trade LAK/CAR 2/25/2015,Trade,a,,,,,
2055,Kyle MacLean,NYI,a,,,,,
2056,Kyle Palmieri,NYI,a,,,,,
2057,2009 26th Overall,Draft Pick,a,,,,,
2058,Trade TBL/SJS 7/4/2008,Trade,a,,,,,
2059,Trade TBL/OTT 8/29/2008,Trade,a,,,,,
2060,Trade NYI/OTT 2/20/2009,Trade,a,,,,,
2061,Trade CBJ/ANA 6/26/2009,Trade,a,,,,,
2062,Marc Gatcomb,NYI,a,,,,,
2063,Matt Martin,Unsigned,,,,,,
2064,2008 148th Overall,Draft Pick,a,,,,,
2065,Trade PHI/NYI 12/20/2006,Trade,a,,,,,
2066,Trade TOR/NYI 7/3/2018,Trade,a,,,,,
2067,Maxim Tsyplakov,NYI,a,,,,,
2068,Pierre Engvall,NYI,a,,,,,
2069,Trade TOR/NYI 2/28/2023,Trade,a,,,,,
2070,Samuel Bolduc,LAK,a,,,,,
2071,2019 57th Overall,Draft Pick,a,,,,,
2072,Semyon Varlamov,NYI,a,,,,,
1002072,2006 23rd Overall,Draft Pick,a,,,,,
2073,Trade NSH/WSH 3/9/2006,Trade,a,,,,,
2074,Simon Holmstrom,NYI,a,,,,,
2075,Vincent Lecavalier,Unsigned,,,,,,
2076,1998 1st Overall,Draft Pick,a,,,,,
2077,Trade FLA/SJS 11/14/1997,Trade,a,,,,,
2078,Trade SJS/TBL 3/24/1998,Trade,a,,,,,
2079,Sebastian Aho (1996),PIT,a,,,,,
2080,Cal Clutterbuck,Unsigned,,,,,,
2081,Trade NYI/MIN 6/30/2013,Trade,,,,,,
2082,Kenneth Appleby,Unsigned,,,,,,
2083,Robert Bortuzzo,Unsigned,a,,,,,
2084,2007 78th Overall,Draft Pick,a,,,,,
2085,Trade NYR/ATL 2/27/2007,Trade,a,,,,,
2086,Trade ATL/PIT 6/22/2007,Trade,a,,,,,
2087,Trade PIT/STL 3/2/2015,Trade,a,,,,,
2088,Trade STL/NYI 12/8/2023,Trade,a,,,,,
2089,Ruslan Iskhakov,NYI,a,,,,,
2090,2018 43rd Overall,Draft Pick,a,,,,,
2091,Vincent Dunn,Unsigned,a,,,,,
2092,Adam Fox,NYR,a,,,,,
2093,Jordan Eberle,SEA,x,,,,,
2094,2008 22nd Overall,Draft Pick,a,,,,,
2095,Trade ANA/EDM 7/3/2006,Trade,a,,,,,
2096,Alexis Lafreniere,NYR,a,,,,,
2097,Artemi Panarin,NYR,a,,,,,
2098,Braden Schneider,NYR,a,,,,,
2099,2020 19th Overall,Draft Pick,a,,,,,
2101,Brett Berard,NYR,a,,,,,
2102,Chad Ruhwedel,Unsigned,a,,,,,
2103,Trade PIT/NYR 3/8/2024,Trade,a,,,,,
2104,Chris Kreider,ANA,a,,,,,
2105,Connor Mackey,NYR,a,,,,,
2106,Igor Shesterkin,NYR,a,,,,,
2107,2014 118th Overall,Draft Pick,a,,,,,
2108,Trade CHI/NYI 2/6/2014,Trade,a,,,,,
2109,Trade NYI/WSH 5/1/2014,Trade,a,,,,,
2110,Trade WSH/NYR 6/28/2014,Trade,a,,,,,
2111,Jimmy Vesey,Unsigned,a,,,,,
2112,Trade NYR/BUF 7/1/2019,Trade,,,,,,
2113,2012 66th Overall,Draft Pick,,,,,,
2114,Trade TOR/LAK 6/26/2010,Trade,,,,,,
2115,Trade LAK/NSH 6/25/2011,Trade,,,,,,
2116,Jonathan Quick,NYR,a,,,,,
2117,Jonny Brodzinski,NYR,a,,,,,
2118,K'Andre Miller,CAR,a,,,,,
2119,2018 22nd Overall,Draft Pick,a,,,,,
2120,Trade NYR/OTT 6/22/2018,Trade,a,,,,,
2121,Kaapo Kakko,SEA,a,,,,,
2122,Louis Domingue,Unsigned,,,,,,
2123,2010 138th Overall,Draft Pick,a,,,,,
2124,Trade NSH/MTL 6/19/2008,Trade,a,,,,,
2125,Trade CAR/PHX 5/13/2010,Trade,a,,,,,
2126,Trade ARI/TBL 11/14/2017,Trade,a,,,,,
2127,Trade TBL/NJD 11/1/2019,Trade,a,,,,,
2128,Trade NJD/VAN 2/24/2020,Trade,a,,,,,
2129,Matt Rempe,NYR,a,,,,,
2130,Mika Zibanejad,NYR,a,,,,,
2131,Reilly Smith,VGK,a,,,,,
2132,Trade BOS/FLA 7/1/2015,Trade,a,,,,,
2133,Trade FLA/VGK 6/21/2017,Trade,a,,,,,
2134,Trade PIT/NYR 7/1/2024,Trade,a,,,,,
2135,Ryan Lindgren,SEA,x,,,,,
2136,2016 49th Overall,Draft Pick,a,,,,,
2137,Trade BOS/NYR 2/25/2018,Trade,a,,,,,
2138,Urho Vaakanainen,NYR,a,,,,,
2139,Will Cuylle,NYR,a,,,,,
2140,2020 60th Overall,Draft Pick,a,,,,,
2141,Trade LAK/NYR 10/7/2020,Trade,a,,,,,
2142,Zachary Jones,BUF,a,,,,,
2143,Zane McIntyre,Unsigned,,,,,,
2145,Mathias Laferriere,Unsigned,,,,,,
2146,Trade STL/PIT 2/13/2025,Trade,,,,,,
2147,Corey Andonovski,Unsigned,,,,,,
2148,Alexander Wennberg,SJS,a,,,,,
2149,Trade SEA/NYR 3/6/2024,Trade,a,,,,,
2150,Anton Blidh,NYR,a,,,,,
2151,Trade COL/NYR 3/3/2023,Trade,a,,,,,
2152,Barclay Goodrow,SJS,a,,,,,
2153,Trade TBL/NYR 7/17/2021,Trade,a,,,,,
2154,Blake Wheeler,Unsigned,,,,,,
2155,Trade BOS/ATL 2/18/2011,Trade,a,,,,,
2156,Brandon Scanlin,NYR,a,,,,,
2157,Brennan Othmann,NYR,a,,,,,
2158,Jake Leschyshyn,BUF,a,,,,,
2159,2017 62nd Overall,Draft Pick,a,,,,,
2160,Trade PIT/CAR 2/23/2017,Trade,a,,,,,
2161,Trade CAR/VGK  6/22/2017,Trade,a,,,,,
2162,Nick Bonino,Unsigned,a,,,,,
2163,Trade SJS/ANA 3/4/2009,Trade,a,,,,,
2164,Trade ANA/VAN 6/27/2014,Trade,a,,,,,
2165,Trade MTL/SJS/PIT 3/3/2023,Trade,a,,,,,
2166,Riley Nash,Unsigned,,,,,,
2167,2007 21st Overall,Draft Pick,a,,,,,
2168,Trade DAL/PHX 2/12/2007,Trade,a,,,,,
2169,Trade PHX/EDM 6/22/2007,Trade,a,,,,,
2170,Trade EDM/CAR 6/26/2010,Trade,a,,,,,
2171,Trade CBJ/TOR 4/9/2021,Trade,a,,,,,
2172,Tyler Pitlick,MIN,a,,,,,
2173,Trade SEA/CGY 7/22/2021,Trade,a,,,,,
2174,Ville Pokka,Unsigned,a,,,,,
2175,Trade CHI/OTT 2/15/2018,Trade,a,,,,,
2176,Adam Gaudette,SJS,a,,,,,
2177,2015 149th Overall,Draft Pick,a,,,,,
2178,Trade NYR/VAN 3/5/2014,Trade,a,,,,,
2179,Trade VAN/CHI 4/12/2021,Trade,a,,,,,
2180,Anton Forsberg,LAK,a,,,,,
2181,Artem Zub,OTT,a,,,,,
2182,Brady Tkachuk,OTT,a,,,,,
2183,Claude Giroux,OTT,a,,,,,
2184,Trade PHI/FLA 3/19/2022,Trade,a,,,,,
2185,Drake Batherson,OTT,a,,,,,
2186,Jacob Bernard-Docker,DET,a,,,,,
2187,2018 26th Overall,Draft Pick,a,,,,,
2188,Jake Sanderson,OTT,a,,,,,
2189,Jan Jenik,OTT,a,,,,,
2190,Trade OTT/UTH 7/3/2024,Trade,a,,,,,
2191,Joshua Norris,BUF,a,,,,,
2192,Mads Sogaard,OTT,a,,,,,
2193,2019 37th Overall,Draft Pick,a,,,,,
2194,Matthew Highmore,NYI,a,,,,,
2195,Michael Amadio,OTT,a,,,,,
2196,Trade LAK /OTT 3/29/2021,Trade,a,,,,,
2197,Nick Jensen,OTT,a,,,,,
2198,Trade WSH/DET 2/22/2019,Trade,a,,,,,
2199,Trade WSH/OTT 7/1/2024,Trade,a,,,,,
2200,Nikolas Matinpalo,OTT,a,,,,,
2201,Noah Gregor,FLA,a,,,,,
2202,2016 111th Overall,Draft Pick,a,,,,,
2203,Trade NYR/SJS 3/1/2015,Trade,a,,,,,
2204,Ridly Greig,OTT,a,,,,,
2205,2020 28th Overall,Draft Pick,a,,,,,
2206,Shane Pinto,OTT,a,,,,,
2207,Thomas Chabot,OTT,a,,,,,
2208,Tim Stutzle,OTT,a,,,,,
2209,2020 3rd Overall,Draft Pick,a,,,,,
2210,Travis Hamonic,DET,a,,,,,
2211,2008 53rd Overall,Draft Pick,a,,,,,
2212,Trade NYI/EDM 7/5/2007,Trade,a,,,,,
2213,Tyler Kleven,OTT,a,,,,,
2214,2020 44th Overall,Draft Pick,a,,,,,
2215,Trade TOR/OTT 10/7/2020,Trade,a,,,,,
2216,Zack Ostapchuk,SJS,a,,,,,
2217,2021 39th Overall,Draft Pick,,,,,,
2218,Ville Nieminen,Unsigned,,,,,,
2219,Trade COL/PIT 3/19/2002,Trade,a,,,,,
2220,Trade CHI/CGY 2/24/2004,Trade,a,,,,,
2221,Trade NYR/SJS 3/8/2006,Trade,a,,,,,
2222,1997 78th Overall,Draft Pick,a,,,,,
2223,Trade STL/NJD 11/1/1995,Trade,a,,,,,
2224,Trade COL/STL 6/21/1997,Trade,a,,,,,
2225,Angus Crookshank,NJD,a,,,,,
2226,Dominik Kubalik,Unsigned,a,,,,,
2227,Trade LAK/CHI 1/24/2019,Trade,a,,,,,
2228,2013 191st Overall,Draft Pick,a,,,,,
2229,Trade DAL/LAK 6/23/2012,Trade,a,,,,,
2230,Jakob Chychrun,WSH,a,,,,,
2231,2016 16th Overall,Draft Pick,a,,,,,
2232,Trade ARI/OTT 3/1/2023,Trade,a,,,,,
2233,Jiri Smejkal,Unsigned,,,,,,
2234,Grigori Denisenko,Unsigned,a,,,,,
2235,Trade VGK/NSH 2/18/2025,Trade,a,,,,,
2236,Jaxson Stauber,UTH,a,,,,,
2237,Dylan Ferguson,Unsigned,,,,,,
2238,Trade DAL/VGK 6/26/2017,Trade,,,,,,
2239,Elias Pettersson (1998),VAN,a,,,,,
2240,Arturs Silovs,PIT,a,,,,,
2241,2019 156th Overall,Draft Pick,a,,,,,
2242,Trade VAN/OTT 1/2/2019,Trade,a,,,,,
2243,Arshdeep Bains,VAN,a,,,,,
2244,Alex Steeves,BOS,a,,,,,
2245,Gabriel Fortier,Unsigned,a,,,,,
2246,Joel Blomqvist,PIT,a,,,,,
2247,2020 52nd Overall,Draft Pick,a,,,,,
2248,Tristan Jarry,PIT,a,,,,,
2249,2013 44th Overall,Draft Pick,a,,,,,
2250,Trade CBJ/PIT 6/30/2013,Trade,a,,,,,
2251,Chase Stillman,VAN,a,,,,,
2252,2021 29th Overall,Draft Pick,a,,,,,
2253,Tyler Brennan,NJD,a,,,,,
2254,Mathieu Joseph,STL,a,,,,,
2255,Trade TBL/OTT 3/20/2022,Trade,a,,,,,
2256,Trade OTT/STL 7/2/2024,Trade,a,,,,,
2257,Maxence Guenette,OTT,a,,,,,
2258,Roby Jarventie,EDM,a,,,,,
2259,Trade OTT/EDM 7/15/2024,Trade,a,,,,,
2260,Rourke Chartier,Unsigned,,,,,,
2261,2014 149th Overall,Draft Pick,a,,,,,
2262,Trade NYR/SJS 4/2/2013,Trade,a,,,,,
2263,Xavier Bourgault,OTT,a,,,,,
2264,2021 22nd Overall,Draft Pick,a,,,,,
2265,Bobby Brink,PHI,a,,,,,
2266,2019 34th Overall,Draft Pick,a,,,,,
2267,Cam York,PHI,a,,,,,
2268,2019 14th Overall,Draft Pick,a,,,,,
2269,Garnet Hathaway,PHI,a,,,,,
2270,Helge Grans,PHI,a,,,,,
2271,Ivan Fedotov,CBJ,a,,,,,
2272,Jamie Drysdale,PHI,a,,,,,
2273,Jett Luchanko,PHI,a,,,,,
2274,2024 13th Overall,Draft Pick,a,,,,,
2275,Trade MIN/PHI 6/28/2024,Trade,a,,,,,
2276,Matvei Michkov,PHI,a,,,,,
2277,Nick Seeler,PHI,a,,,,,
2278,Noah Cates,PHI,a,,,,,
2279,Olle Lycksell,OTT,a,,,,,
2280,Owen Tippett,PHI,a,,,,,
2281,Rasmus Ristolainen,PHI,a,,,,,
2282,Ryan Poehling,ANA,a,,,,,
2283,Samuel Ersson,PHI,a,,,,,
2284,Scott Laughton,TOR,a,,,,,
2285,Sean Couturier,PHI,a,,,,,
2286,2011 8th Overall,Draft Pick,a,,,,,
2287,Travis Konecny,PHI,a,,,,,
2288,2015 14th Overall,Draft Pick,a,,,,,
2289,Trade TOR/NSH 2/15/2015,Trade,a,,,,,
2290,Trade TOR/PHI 6/26/2015,Trade,a,,,,,
2291,Travis Sanheim,PHI,a,,,,,
2292,Tyson Foerster,PHI,a,,,,,
2293,Ville Koivunen,PIT,a,,,,,
2294,2021 51st Overall,Draft Pick,a,,,,,
2295,Cal Petersen,MIN,a,,,,,
2296,Cam Atkinson,Unsigned,,,,,,
2297,Trade CBJ/PHI 7/24/2021,Trade,a,,,,,
2298,Carter Hart,VGK,a,,,,,
2299,Louie Belpedio,WSH,a,,,,,
2300,2014 80th Overall,Draft Pick,a,,,,,
2301,Trade TBL/MIN 6/28/2014,Trade,a,,,,,
2302,Marc Staal,Unsigned,,,,,,
2303,2005 12th Overall,Draft Pick,a,,,,,
2304,Trade SJS/ATL 7/30/2005,Trade,a,,,,,
2305,Trade ATL/NYR 7/30/2005,Trade,a,,,,,
2306,Rhett Gardner,Unsigned,a,,,,,
2307,Ronnie Attard,COL,a,,,,,
2308,Trade PHI/EDM 11/4/2024,Trade,a,,,,,
2309,Victor Mete,Unsigned,,,,,,
2310,Vili Saarijarvi,Unsigned,a,,,,,
2311,2015 73rd Overall,Draft Pick,a,,,,,
2312,Alex Nedeljkovic,SJS,a,,,,,
2313,Trade CAR/DET 7/22/2021,Trade,a,,,,,
2314,Erik Karlsson,PIT,a,,,,,
2315,2008 15th Overall,Draft Pick,a,,,,,
2316,Trade NSH/OTT 6/20/2008,Trade,a,,,,,
2317,Jack St. Ivany,PIT,a,,,,,
2318,Kevin Hayes,PIT,a,,,,,
2319,2010 24th Overall,Draft Pick,a,,,,,
2320,Trade PHI/WPG 6/3/2019,Trade,a,,,,,
2321,Trade STL/PIT 6/29/2024,Trade,a,,,,,
2322,Kris Letang,PIT,a,,,,,
2323,Lars Eller,OTT,a,,,,,
2324,2007 13th Overall,Draft Pick,a,,,,,
2325,Trade STL/SJS 6/22/2007,Trade,a,,,,,
2326,Trade STL/MTL 6/17/2010,Trade,a,,,,,
2327,Trade WSH/MTL 6/24/2016,Trade,a,,,,,
2328,Trade WSH/COL 3/1/2023,Trade,a,,,,,
2329,Trade PIT/WSH 11/12/2024,Trade,a,,,,,
2330,Matt Grzelcyk,CHI,a,,,,,
2331,Matt Nieto,Unsigned,,,,,,
2332,2011 47th Overall,Draft Pick,a,,,,,
2333,Trade MTL/FLA 2/11/2010,Trade,a,,,,,
2334,Trade COL/SJS 1/25/2023,Trade,a,,,,,
2335,Nathan Clurman,MTL,a,,,,,
2336,Noel Acciari,PIT,a,,,,,
2337,PO Joseph,VAN,a,,,,,
2338,2017 23rd Overall,Draft Pick,a,,,,,
2339,Trade ARI/MIN 2/26/2017,Trade,a,,,,,
2340,Trade ARI/PIT 6/29/2019,Trade,a,,,,,
2341,Rickard Rakell,PIT,a,,,,,
2342,2011 30th Overall,Draft Pick,a,,,,,
2343,Trade BOS/TOR 2/18/2011,Trade,a,,,,,
2344,Joe Labate,VAN,a,,,,,
2345,2011 101st Overall,Draft Pick,a,,,,,
2346,Trade VAN/MIN 6/25/2011,Trade,a,,,,,
2347,Matthew Robertson,NYR,a,,,,,
2348,2019 49th Overall,Draft Pick,a,,,,,
2349,Rutger McGroarty,PIT,a,,,,,
2350,Trade WPG/PIT 8/22/2024,Trade,a,,,,,
2351,Ryan Graves,PIT,a,,,,,
2352,Trade NYR/COL 2/26/2018,Trade,a,,,,,
2353,Trade COL/NJD 7/15/2021,Trade,a,,,,,
2354,Ryan Shea,PIT,a,,,,,
2355,Sam Poulin,PIT,a,,,,,
2356,Sidney Crosby,PIT,a,,,,,
2357,Yanni Gourde,TBL,a,,,,,
2358,Jake Livingstone,Unsigned,a,,,,,
2359,Matthew Savoie,EDM,a,,,,,
2360,Valtteri Puustinen,PIT,a,,,,,
2361,2019 203rd Overall,Draft Pick,a,,,,,
2362,Trade VGK/PIT 6/23/2018,Trade,a,,,,,
2363,Viktor Kozlov,Unsigned,,,,,,
2364,Trade NJD/FLA 3/1/2004,Trade,a,,,,,
2365,1993 6th Overall,Draft Pick,a,,,,,
2366,Trade SJS/HAR 6/26/1993,Trade,a,,,,,
2367,Jeff Carter,Unsigned,a,,,,,
2368,Jonas Rondbjerg,VGK,a,,,,,
2369,2003 11th Overall,Draft Pick,a,,,,,
2370,Trade PHI/PHX 7/1/2001,Trade,a,,,,,
2371,Nico Sturm,MIN,a,,,,,
2372,Jonathan Gruden,NJD,a,,,,,
2373,Victor Bartley,Unsigned,,,,,,
2374,Joona Koppanen,PIT,a,,,,,
2375,Victor Uchevatov,Unsigned,,,,,,
2376,2001 60th Overall,Draft Pick,a,,,,,
2377,Trade NJD/OTT 6/23/2001,Trade,a,,,,,
2378,Magnus Hellberg,Unsigned,a,,,,,
2379,2011 38th Overall,Draft Pick,a,,,,,
2380,Trade NJD/NSH 6/19/2010,Trade,a,,,,,
2381,Trade NSH/NYR  7/1/2015,Trade,a,,,,,
2382,Trade PIT/FLA 3/8/2024,Trade,a,,,,,
2383,Victor Ejdsell,Unsigned,,,,,,
2384,Marc Johnstone,Unsigned,a,,,,,
2385,Vesa Toskala,Unsigned,,,,,,
2386,Trade ANA/TOR 1/31/2010,Trade,a,,,,,
2387,Matthew Phillips,Unsigned,a,,,,,
2388,2016 166th Overall,Draft Pick,a,,,,,
2389,Trade MIN/CGY 2/29/2016,Trade,a,,,,,
2390,Tyler Steenbergen,Unsigned,,,,,,
2391,Radim Zohorna,Unsigned,a,,,,,
2392,Tyler Myers,VAN,a,,,,,
2393,2008 12th Overall,Draft Pick,a,,,,,
2394,Trade ANA/EDM  8/2/2007,Trade,a,,,,,
2395,Trade LAK/BUF 6/20/2008,Trade,a,,,,,
2396,Trade ANA/LAK 6/20/2008,Trade,a,,,,,
2397,Danil Gushchin,COL,a,,,,,
2398,2020 76th Overall,Draft Pick,a,,,,,
2399,Tyler Madden,Unsigned,,,,,,
2400,Ethan Cardwell,SJS,a,,,,,
2401,2021 121st Overall,Draft Pick,,,,,,
2402,Tyler Ennis,Unsigned,,,,,,
2403,Trade OTT/EDM 2/24/2020,Trade,a,,,,,
2404,2008 26th Overall,Draft Pick,a,,,,,
2405,Trade SJS/BUF 2/26/2008,Trade,a,,,,,
2406,Fabian Zetterlund,OTT,a,,,,,
2407,2017 63rd Overall,Draft Pick,a,,,,,
2408,Trade NJD/COL 2/29/2016,Trade,a,,,,,
2409,Tyler Biggs,Unsigned,a,,,,,
2410,2011 22nd Overall,Draft Pick,a,,,,,
2411,Henry Thrun,TOR,a,,,,,
2412,Tye McGinn,Unsigned,,,,,,
2413,Luke Kunin,FLA,a,,,,,
2414,Trade NSH/SJS 7/8/2022,Trade,a,,,,,
2415,Ty Wishart,Unsigned,,,,,,
2416,Trade NYI/TBL 1/1/2011,Trade,a,,,,,
2417,2006 16th Overall,Draft Pick,a,,,,,
2418,Trade MTL/SJS 6/24/2006,Trade,a,,,,,
2419,Juuso Valimaki,UTH,a,,,,,
2420,Thatcher Demko,VAN,a,,,,,
2421,Macklin Celebrini,SJS,a,,,,,
2422,Ty Taylor,EDM,a,,,,,
2423,Marc-Edouard Vlasic,Unsigned,,,,,,
2424,2005 35th Overall,Draft Pick,,,,,,
2425,Trade SJS/CGY 11/14/2003,Trade,,,,,,
2426,Ty Smilanic,MTL,a,,,,,
2427,Mario Ferraro,SJS,a,,,,,
2428,2017 49th Overall,Draft Pick,a,,,,,
2429,Trade BOS/NJD 2/29/2016,Trade,a,,,,,
2430,Trade NJD/SJS 6/17/2017,Trade,a,,,,,
2431,Ty Glover,Unsigned,a,,,,,
2432,Matthew Benning,TOR,a,,,,,
2433,Trade TOR/SJS 10/30/2024,Trade,a,,,,,
2434,Tuomo Ruutu,Unsigned,a,,,,,
2435,Trade CAR/CHI 2/26/2008,Trade,a,,,,,
2436,Timothy Liljegren,SJS,a,,,,,
2437,Turner Elson,Unsigned,,,,,,
2438,William Eklund,SJS,a,,,,,
2439,Tucker Poolman,Unsigned,,,,,,
2440,2013 127th Overall,Draft Pick,a,,,,,
2441,Trade CGY/WSH 6/27/2012,Trade,a,,,,,
2442,William Smith,SJS,a,,,,,
2443,Troy Brouwer,Unsigned,,,,,,
2444,2004 214th Overall,Draft Pick,,,,,,
2445,Trade DAL/CHI 3/10/2003,Trade,,,,,,
2446,Alexander Barabanov,Unsigned,,,,,,
2447,Trade TOR/SJS 4/12/2021,Trade,a,,,,,
2448,Trevor van Riemsdyk,WSH,a,,,,,
2449,Filip Zadina,Unsigned,,,,,,
2450,Travis Zajac,Unsigned,,,,,,
2451,2004 20th Overall,Draft Pick,a,,,,,
2452,Trade DAL/NJD 6/26/2004,Trade,a,,,,,
2453,Georgi Romanov,STL,a,,,,,
2454,Travis Moen,Unsigned,,,,,,
2455,Trade CHI/ANA 7/30/2005,Trade,,,,,,
2456,Trade MTL/DAL 11/11/2014,Trade,,,,,,
2457,Jack Studnicka,FLA,a,,,,,
2458,2017 53rd Overall,Draft Pick,,,,,,
2459,Trade EDM/BOS 4/25/2015,Trade,,,,,,
2460,Peter Chiarelli (GM),Unsigned,,,,,,
2461,Trade VAN/SJS 12/15/2023,Trade,a,,,,,
2462,Torrey Mitchell,Unsigned,a,,,,,
2463,Trade LAK/MTL 11/23/2017,Trade,a,,,,,
2464,2004 126th Overall,Draft Pick,a,,,,,
2465,Trade BOS/SJS 1/22/2003,Trade,a,,,,,
2466,Jacob MacDonald,COL,a,,,,,
2467,Trade COL/FLA 6/29/2019,Trade,a,,,,,
2468,Tony Sund,Unsigned,,,,,,
2469,Jacob Peterson,Unsigned,,,,,,
2470,Trade SJS/DAL 3/3/2023,Trade,a,,,,,
2471,Tomas Kaberle,Unsigned,a,,,,,
2472,Trade CAR/MTL 12/9/2011,Trade,a,,,,,
2473,Justin Bailey,Unsigned,,,,,,
2474,2013 52nd Overall,Draft Pick,a,,,,,
2475,Trade STL/BUF 3/30/2013,Trade,a,,,,,
2476,Trade BUF/PHI 1/17/2019,Trade,a,,,,,
2477,Trade ANA/SJS 1/22/2025,Trade,a,,,,,
2478,Tomas Fleischmann,Unsigned,a,,,,,
2479,Trade DET/WSH 2/27/2004,Trade,a,,,,,
2480,Trade WSH/COL 11/30/2010,Trade,a,,,,,
2481,Trade FLA/ANA 2/28/2015,Trade,a,,,,,
2482,Logan Couture,SJS,a,,,,,
2483,2007 9th Overall,Draft Pick,a,,,,,
2484,Tom Pyatt,Unsigned,a,,,,,
2485,Trade VAN/SJS 6/22/2019,Trade,a,,,,,
2486,Trade ANA/DET 2/25/2025,Trade,a,,,,,
2487,Niklas Kokko,SEA,a,,,,,
2488,2022 58th Overall,Draft Pick,a,,,,,
2489,Dylan Wendt,NJD,a,,,,,
2490,Sheldon Dries,DET,a,,,,,
2491,Magnus Chrona,NSH,a,,,,,
2492,Trade TBL/SJS 4/12/2021,Trade,a,,,,,
2493,Tom Nilsson,Unsigned,,,,,,
2494,Mike Hoffman (1989),Unsigned,a,,,,,
2495,Trade SJS/FLA 6/19/2018,Trade,a,,,,,
2496,Tobias Rieder,Unsigned,a,,,,,
2497,Trade EDM/PHX 3/29/2013,Trade,a,,,,,
2498,2011 114th Overall,Draft Pick,a,,,,,
2499,Trade EDM/PIT 1/17/2009,Trade,a,,,,,
2500,Nikolai Knyzhov,Unsigned,,,,,,
2501,Tobias Lindberg,Unsigned,,,,,,
2502,Trade OTT/TOR 2/9/2016,Trade,,,,,,
2503,Trade PIT/OTT 12/5/2018,Trade,,,,,,
2504,2013 102nd Overall,Draft Pick,,,,,,
2505,Trade PHI/TBL 2/18/2012,Trade,,,,,,
2506,Trade TBL/OTT 4/3/2013,Trade,,,,,,
2507,Oskar Lindblom,Unsigned,,,,,,
2508,TJ Oshie,Unsigned,,,,,,
2509,Ryan Carpenter,Unsigned,,,,,,
2510,Trade CHI/CGY 3/21/2022,Trade,,,,,,
2511,TJ Brennan,Unsigned,,,,,,
2512,Trade BUF/FLA 3/15/2013,Trade,a,,,,,
2513,Trade FLA/NSH 6/14/2013,Trade,a,,,,,
2514,Trade CHI/TOR 2/26/2015,Trade,a,,,,,
2515,Trade PHI/CHI 2/24/2020,Trade,a,,,,,
2516,2007 31st Overall,Draft Pick,a,,,,,
2517,Trade PHI/BUF 2/27/2007,Trade,a,,,,,
2518,Thomas Bordeleau,NJD,a,,,,,
2519,2020 38th Overall,Draft Pick,a,,,,,
2520,Timur Ibragimov,Unsigned,a,,,,,
2521,2019 164th Overall,Draft Pick,a,,,,,
2522,Tomas Hertl,VGK,a,,,,,
2523,Trade VGK/SJS 3/8/2024,Trade,a,,,,,
2524,Adam Larsson,SEA,a,,,,,
2525,Timo Pielmeier,Unsigned,,,,,,
2526,Andre Burakovsky,CHI,a,,,,,
2527,Tim Schaller,Unsigned,,,,,,
2528,Brandon Tanev,UTH,a,,,,,
2529,Tim Gleason,Unsigned,a,,,,,
2530,2001 23rd Overall,Draft Pick,a,,,,,
2531,Trade PHI/TBL 8/20/1997,Trade,a,,,,,
2532,Trade TBL/PHI 8/20/1997,Trade,a,,,,,
2533,Trade PHI/OTT 6/23/2001,Trade,a,,,,,
2534,Trade LAK/OTT 3/11/2003,Trade,a,,,,,
2535,Trade CAR/TOR 1/1/2014,Trade,a,,,,,
2536,Trade WSH/CAR 2/28/2015,Trade,a,,,,,
2537,Chandler Stephenson,SEA,a,,,,,
2538,Trade WSH/VGK 12/2/2019,Trade,a,,,,,
2539,Tim Erixon,Unsigned,,,,,,
2540,2009 23rd Overall,Draft Pick,a,,,,,
2541,Trade CGY/NYR 6/1/2011,Trade,a,,,,,
2542,Trade NYR/CBJ 7/23/2012,Trade,a,,,,,
2543,Trade CHI/CBJ 12/14/2014,Trade,a,,,,,
2545,Tim Soderlund,Unsigned,a,,,,,
2546,2017 112th Overall,Draft Pick,a,,,,,
2547,Trade SJS/VAN 3/1/2017,Trade,a,,,,,
2548,Trade VAN/CHI 6/24/2017,Trade,a,,,,,
2549,Jaden Schwartz,SEA,a,,,,,
2550,Thomas Vanek,Unsigned,a,,,,,
2551,Trade MTL/NYI 3/5/2014,Trade,a,,,,,
2552,Trade DET/FLA 3/1/2017,Trade,a,,,,,
2553,Jamie Oleksiak,SEA,a,,,,,
2554,Trade DAL/PIT 12/19/2017,Trade,a,,,,,
2555,Trade PIT/DAL 1/28/2019,Trade,a,,,,,
2556,Thimo Nickl,Unsigned,,,,,,
2557,2020 104th Overall,Draft Pick,a,,,,,
2558,Trade PHI/ANA 2/24/2020,Trade,a,,,,,
2559,Jared McCann,SEA,a,,,,,
2560,2014 24th Overall,Draft Pick,a,,,,,
2561,Trade PIT/TOR 7/17/2021,Trade,a,,,,,
2562,Teemu Selanne,HOF,,,,,,
2563,Trade ANA/WIN 2/7/1996,Trade,a,,,,,
2564,Joey Daccord,SEA,a,,,,,
2565,Teddy Purcell,Unsigned,,,,,,
2566,Trade LAK/TBL 3/3/2010,Trade,a,,,,,
2567,Trade EDM/FLA 2/27/2016,Trade,a,,,,,
2568,John Hayden,SEA,a,,,,,
2569,2013 74th Overall,Draft Pick,a,,,,,
2570,Trade WPG/CHI 6/30/2013,Trade,a,,,,,
2571,Trade CHI/NJD 6/22/2019,Trade,a,,,,,
2572,Teddy Blueger,VAN,a,,,,,
2573,Matty Beniers,SEA,a,,,,,
2574,Taylor Leier,Unsigned,a,,,,,
2575,2012 117th Overall,Draft Pick,a,,,,,
2576,Oliver Bjorkstrand,TBL,a,,,,,
2577,2013 89th Overall,Draft Pick,a,,,,,
2578,Taylor Ellington,Unsigned,,,,,,
2579,2007 33rd Overall,Draft Pick,a,,,,,
2580,Trade VAN/LAK 7/5/2006,Trade,a,,,,,
2581,Ryan Winterton,SEA,a,,,,,
2582,Trade NSH/TBL 2/26/2025,Trade,a,,,,,
2583,Anthony Angello,Unsigned,,,,,,
2584,Joseph Cecconi,Unsigned,,,,,,
2585,Trade LAK/MIN 2/26/2025,Trade,a,,,,,
2586,Trade DAL/BUF 12/15/2022,Trade,a,,,,,
2587,Ryker Evans,SEA,a,,,,,
2588,Taylor Beck,Unsigned,a,,,,,
2589,2009 70th Overall,Draft Pick,a,,,,,
2590,Trade TOR/NSH 7/12/2015,Trade,a,,,,,
2591,Trade COL/NYI 2/29/2016,Trade,a,,,,,
2592,Trade EDM/NYR 3/1/2017,Trade,a,,,,,
2593,Shane Wright,SEA,a,,,,,
2594,Sven Baertschi,Unsigned,,,,,,
2595,Tye Kartye,SEA,a,,,,,
2596,Steven Santini,TBL,a,,,,,
2597,2013 42nd Overall,Draft Pick,a,,,,,
2598,Trade NJD/PHX 6/30/2013,Trade,a,,,,,
2599,Vince Dunn,SEA,a,,,,,
2600,Steven Kampfer,Unsigned,,,,,,
2601,2007 93rd Overall,Draft Pick,,,,,,
2602,Trade ANA/PHX 8/23/2005,Trade,,,,,,
2603,Trade BOS/ANA 3/2/2010,Trade,,,,,,
2604,Trade BOS/MIN 2/27/2012,Trade,,,,,,
2605,Trade FLA/NYR 10/6/2014,Trade,,,,,,
2606,Trade NYR/FLA 11/8/2016,Trade,,,,,,
2607,Chris Driedger,Unsigned,,,,,,
2608,Justin Schultz,Unsigned,a,,,,,
2609,2008 43rd Overall,Draft Pick,a,,,,,
2610,Trade EDM/PIT 2/27/2016,Trade,a,,,,,
2611,Steven Delisle,Unsigned,,,,,,
2612,Trade CBJ/NYR 4/3/2013,Trade,,,,,,
2613,2008 107th Overall,Draft Pick,,,,,,
2614,Trade BOS/CBJ 6/21/2008,Trade,,,,,,
2615,Kailer Yamamoto,UTH,a,,,,,
2616,Steven Anthony,Unsigned,,,,,,
2617,2009 187th Overall,Draft Pick,a,,,,,
2618,Trade VAN/PHX 6/27/2009,Trade,a,,,,,
2619,Kole Lind,DAL,a,,,,,
2620,Steve Shields,Unsigned,,,,,,
2621,Trade BUF/SJS 6/18/1998,Trade,a,,,,,
2622,Trade BOS/ANA 6/25/2002,Trade,a,,,,,
2623,Lukas Cormier,VGK,a,,,,,
2624,2020 68th Overall,Draft Pick,a,,,,,
2625,Trade NJD/VGK 7/29/2019,Trade,a,,,,,
2626,Logan Morrison,SEA,a,,,,,
2627,Steve Ott,Unsigned,a,,,,,
2628,Trade DAL/BUF 7/2/2012,Trade,,,,,,
2629,Trade DET/MTL 3/1/2017,Trade,,,,,,
2630,Marian Studenic,Unsigned,,,,,,
2631,2017 143rd Overall,Draft Pick,,,,,,
2632,Steve Mason,Unsigned,,,,,,
2633,Trade CBJ/PHI 4/3/2013,Trade,a,,,,,
2634,Max McCormick,SEA,a,,,,,
2635,2011 171st Overall,Draft Pick,a,,,,,
2636,Trade PHX/ANA 3/3/2010,Trade,a,,,,,
2637,Trade ANA/OTT 2/17/2011,Trade,a,,,,,
2638,Trade OTT/COL 2/6/2019,Trade,a,,,,,
2639,Pierre-Edouard Bellemare,Unsigned,,,,,,
2640,Steve Bernier,Unsigned,a,,,,,
2641,Trade BUF/VAN 7/4/2008,Trade,a,,,,,
2642,Trade VAN/FLA 6/25/2010,Trade,a,,,,,
2643,2003 16th Overall,Draft Pick,a,,,,,
2644,Trade BOS/SJS 6/21/2003,Trade,a,,,,,
2645,Alexey Toropchenko,STL,a,,,,,
2646,Victor Oreskovich,Unsigned,,,,,,
2647,Brayden Schenn,STL,a,,,,,
2648,Stefan Fournier,Unsigned,,,,,,
2649,Trade TBL/ARI 2/25/2017,Trade,a,,,,,
2650,Cam Fowler,STL,a,,,,,
2651,Stefan Elliott,Unsigned,,,,,,
2652,Trade COL/ARI 9/9/2015,Trade,a,,,,,
2653,2009 49th Overall,Draft Pick,a,,,,,
2654,Trade MTL/CGY 6/20/2008,Trade,a,,,,,
2655,Trade CGY/COL 3/4/2009,Trade,a,,,,,
2656,Colton Parayko,STL,a,,,,,
2657,Spencer Abbott,Unsigned,a,,,,,
2658,Jake Neighbours,STL,a,,,,,
2659,Sonny Milano,WSH,a,,,,,
2660,Joel Hofer,STL,a,,,,,
2661,Slava Demin,Unsigned,a,,,,,
2662,2018 99th Overall,Draft Pick,a,,,,,
2663,Jordan Binnington,STL,a,,,,,
2664,2011 88th Overall,Draft Pick,a,,,,,
2665,Trade TBL/STL 2/18/2011,Trade,a,,,,,
2666,Slater Koekkoek,Unsigned,a,,,,,
2667,Jordan Kyrou,STL,a,,,,,
2668,2016 35th Overall,Draft Pick,a,,,,,
2669,Trade CGY/STL 6/25/2016,Trade,a,,,,,
2670,Simon Bourque,Unsigned,,,,,,
2671,Justin Faulk,STL,a,,,,,
2672,Sheldon Souray,Unsigned,,,,,,
2673,1994 71st Overall,Draft Pick,,,,,,
2674,Trade NJD/CGY 6/29/1994,Trade,,,,,,
2675,Nathan Walker,STL,a,,,,,
2676,2014 89th Overall,Draft Pick,a,,,,,
2677,Shea Weber,HOF,a,,,,,
2678,Trade MTL/NSH 6/29/2016,Trade,a,,,,,
2679,Trade ARI/VGK 2/22/2023,Trade,a,,,,,
2680,Oskar Sundqvist,STL,a,,,,,
2681,Trade MIN/DET 3/3/2023,Trade,a,,,,,
2682,2012 81st Overall,Draft Pick,a,,,,,
2683,Trade PHI/PHX 6/7/2011,Trade,a,,,,,
2684,Trade PHX/PIT 6/22/2012,Trade,a,,,,,
2685,Tyler Tucker,STL,a,,,,,
2686,Marshall Rifai,TOR,a,,,,,
2687,Max Pacioretty,Unsigned,,,,,,
2688,2007 22nd Overall,Draft Pick,,,,,,
2689,Trade MTL/SJS 2/25/2007,Trade,,,,,,
2690,Connor Punnett,DAL,a,,,,,
2691,Francesco Arcuri,DAL,a,,,,,
2692,Pavel Buchnevich,STL,a,,,,,
2693,2013 75th Overall,Draft Pick,a,,,,,
2694,Trade STL/NYR 7/23/2021,Trade,a,,,,,
2695,Zbynek Michalek,Unsigned,,,,,,
2696,Trade PHX/MIN 8/26/2005,Trade,a,,,,,
2697,Trade ARI/STL 3/2/2015,Trade,a,,,,,
2698,Robert Thomas,STL,a,,,,,
2699,Shawn Matthias,Unsigned,a,,,,,
2700,Trade DET/FLA 2/27/2007,Trade,a,,,,,
2701,2006 47th Overall,Draft Pick,a,,,,,
2702,Trade PHI/TBL 7/30/2005,Trade,a,,,,,
2703,Trade PHI/PHX 3/9/2006,Trade,a,,,,,
2704,Trade PHX/DET 6/24/2006,Trade,a,,,,,
2705,Nikita Alexandrov,STL,a,,,,,
2706,Sammy Blais,TOR,a,,,,,
2707,2014 176th Overall,Draft Pick,a,,,,,
2708,Trade BOS/STL 4/3/2013,Trade,a,,,,,
2709,Wade Redden,Unsigned,a,,,,,
2710,Trade NYI/OTT/TOR 1/23/1996,Trade,a,,,,,
2711,Zach Dean,STL,a,,,,,
2712,Trade STL/VGK 2/26/2023,Trade,a,,,,,
2713,Todd Bertuzzi,Unsigned,a,,,,,
2714,Trade NYI/VAN 2/6/1998,Trade,a,,,,,
2715,Trade VAN/FLA 6/23/2006,Trade,a,,,,,
2716,1993 23rd Overall,Draft Pick,a,,,,,
2717,Trade QUE/NYI 6/20/1993,Trade,a,,,,,
2718,Torey Krug,STL,a,,,,,
2719,Trevor Linden,Unsigned,,,,,,
2720,Trade MTL/NYI 5/29/1999,Trade,,,,,,
2721,Trade MTL/WSH 3/13/2001,Trade,,,,,,
2722,Trade WSH/VAN 11/10/2001,Trade,,,,,,
2723,Trade COL/NYR 3/1/2025,Trade,,,,,,
2724,Hank Kempf,COL,a,,,,,
2725,Trade MIN/NSH 3/1/2025,Trade,a,,,,,
2726,Hugh McGing,STL,a,,,,,
2727,Shaun Heshka,Unsigned,,,,,,
2728,Calle Rosen,WSH,a,,,,,
2729,Shane Prince,Unsigned,,,,,,
2730,2011 61st Overall,Draft Pick,,,,,,
2731,Trade BOS/OTT 2/15/2011,Trade,,,,,,
2732,Borya Valis,TOR,a,,,,,
2733,Trent Swick,VGK,a,,,,,
2734,Alexander Alexeyev,PIT,a,,,,,
2735,Marco Scandella,Unsigned,,,,,,
2736,Trade MTL/STL 2/18/2020,Trade,,,,,,
2737,Shane Harper,Unsigned,,,,,,
2738,Trade NJD/FLA 3/1/2017,Trade,,,,,,
2739,Jakub Vrana,Unsigned,,,,,,
2740,Trade DET/STL 3/3/2023,Trade,a,,,,,
2741,Sergei Makarov,HOF,,,,,,
2742,Trade SJS/CGY 6/20/1993,Trade,a,,,,,
2743,Erik Cernak,TBL,a,,,,,
2744,2015 43rd Overall,Draft Pick,a,,,,,
2745,Trade LAK/BUF 4/1/2013,Trade,a,,,,,
2746,Trade LAK/TBL 2/26/2017,Trade,a,,,,,
2747,Sergei Gonchar,Unsigned,,,,,,
2748,Trade WSH/BOS 3/3/2004,Trade,a,,,,,
2749,Trade OTT/DAL 6/7/2013,Trade,a,,,,,
2750,1992 14th Overall,Draft Pick,a,,,,,
2751,Trade STL/WSH 7/16/1990,Trade,a,,,,,
2752,Mitchell Chaffee,TBL,a,,,,,
2753,Trade 3/1/2025 FLA/CHI,Trade,a,,,,,
2754,Charlie Lindgren,WSH,a,,,,,
2755,Kai Uchacz,VGK,a,,,,,
2756,Braeden Bowman,VGK,a,,,,,
2757,Anthony Cirelli,TBL,a,,,,,
2758,2015 72nd Overall,Draft Pick,a,,,,,
2759,Trade NYI/FLA 6/28/2014,Trade,a,,,,,
2760,Shaone Morrisonn,Unsigned,,,,,,
2761,2001 19th Overall,Draft Pick,,,,,,
2762,Trade EDM/BOS 11/15/2000,Trade,,,,,,
2763,Mikey Eyssimont,BOS,a,,,,,
2764,Sebastien Caron,Unsigned,,,,,,
2765,Trade CHI/ANA 12/28/2006,Trade,,,,,,
2766,Jack Finley,TBL,a,,,,,
2767,2020 57th Overall,Draft Pick,a,,,,,
2768,Zemgus Girgensons,TBL,a,,,,,
2769,2012 14th Overall,Draft Pick,a,,,,,
2770,Sebastian Collberg,Unsigned,,,,,,
2771,Luke Glendening,NJD,a,,,,,
2772,Sean Durzi,UTH,a,,,,,
2773,2018 52nd Overall,Draft Pick,a,,,,,
2774,Trade LAK/ARI 6/24/2023,Trade,a,,,,,
2775,Brandon Hagel,TBL,a,,,,,
2776,Sean Bergenheim,Unsigned,a,,,,,
2777,Victor Hedman,TBL,a,,,,,
2778,Scott Stevens,HOF,,,,,,
2779,Trade STL/NJD 1/4/1999,Trade,a,,,,,
2780,Jonas Johansson (1995),TBL,a,,,,,
2781,Scott Reedy,Unsigned,,,,,,
2782,2017 102nd Overall,Draft Pick,a,,,,,
2783,Trade FLA/NYR 6/20/2016,Trade,a,,,,,
2784,Nikita Kucherov,TBL,a,,,,,
2785,Scott Kosmachuk,Unsigned,a,,,,,
2786,Emil Lilleberg,TBL,a,,,,,
2787,Scott Harrington,Unsigned,a,,,,,
2788,Trade CBJ/TOR 6/25/2016,Trade,a,,,,,
2789,Nick Paul,TBL,a,,,,,
2790,Scott Hannan,Unsigned,,,,,,
2791,Trade NSH/SJS 4/3/2013,Trade,a,,,,,
2792,1997 23rd Overall,Draft Pick,a,,,,,
2793,Trade PHI/HFD 12/15/1996,Trade,a,,,,,
2794,Trade CAR/SJS 6/21/1997,Trade,a,,,,,
2795,Nick Perbix,NSH,a,,,,,
2796,Scott Gomez,Unsigned,,,,,,
2797,1998 27th Overall,Draft Pick,a,,,,,
2798,Trade NJD/DAL 6/27/1998,Trade,a,,,,,
2799,Brayden Point,TBL,a,,,,,
2800,2014 79th Overall,Draft Pick,,,,,,
2801,Scott Darling,Unsigned,,,,,,
2802,Trade CAR/CHI 4/28/2017,Trade,a,,,,,
2803,Darren Raddysh,TBL,a,,,,,
2804,Trade CHI/NYR 2/18/2019,Trade,a,,,,,
2805,Sami Vatanen,Unsigned,,,,,,
2806,Andrei Vasilevskiy,TBL,a,,,,,
2807,2012 19th Overall,Draft Pick,a,,,,,
2808,Trade TBL/DET 2/21/2012,Trade,a,,,,,
2809,Haydn Fleury,WPG,a,,,,,
2810,Sebastien Piche,Unsigned,,,,,,
2811,Mikhail Sergachev,UTH,a,,,,,
2812,Sami Pahlsson,Unsigned,,,,,,
2813,Trade COL/BOS 3/6/2000,Trade,,,,,,
2814,Trade BOS/ANA 11/18/2000,Trade,,,,,,
2815,Trade ANA/CHI 3/4/2009,Trade,,,,,,
2816,1996 176th Overall,Draft Pick,,,,,,
2817,Trade CGY/COL 11/1/1995,Trade,,,,,,
2818,Philippe Myers,TOR,a,,,,,
2819,Sami Helenius,Unsigned,,,,,,
2820,Waltteri Merela,TBL,a,,,,,
2821,Simon Benoit,TOR,a,,,,,
2822,Ryder Korczak,TBL,a,,,,,
2823,2021 75th Overall,Draft Pick,a,,,,,
2824,Trade WSH/NYR 7/24/2021,Trade,a,,,,,
2825,Max Domi,TOR,a,,,,,
2826,Trade ARI/MTL 6/15/2018,Trade,a,,,,,
2827,Trade CAR/FLA/CBJ 3/21/2022,Trade,a,,,,,
2828,Trade CHI/DAL 3/2/2023,Trade,a,,,,,
2829,Egor Korshkov,Unsigned,a,,,,,
2830,Trade CAR/TOR 2/15/2021,Trade,a,,,,,
2831,Dennis Hildeby,TOR,a,,,,,
2832,2022 122nd Overall,Draft Pick,a,,,,,
2833,Trade CBJ/NSH 6/30/2022,Trade,a,,,,,
2834,Tyler Inamoto,Unsigned,a,,,,,
2835,Pontus Holmberg,TBL,a,,,,,
2836,2018 156th Overall,Draft Pick,a,,,,,
2837,Trade TOR/BUF 6/23/2018,Trade,a,,,,,
2838,Ryan Wilson,Unsigned,,,,,,
2839,David Kampf,TOR,a,,,,,
2840,Ryan White,Unsigned,,,,,,
2841,2006 66th Overall,Draft Pick,a,,,,,
2842,Trade CHI/PHI 12/5/2005,Trade,a,,,,,
2843,Trade MTL/PHI 6/24/2006,Trade,a,,,,,
2844,Matthew Knies,TOR,a,,,,,
2845,Ryan Stone,Unsigned,,,,,,
2846,Mitchell Marner,VGK,a,,,,,
2847,Ryan Spooner,Unsigned,x,,,,,
2848,Auston Matthews,TOR,a,,,,,
2849,Ryan Rupert,Unsigned,a,,,,,
2850,2012 157th Overall,Draft Pick,a,,,,,
2851,Jake McCabe,TOR,a,,,,,
2852,2012 44th Overall,Draft Pick,a,,,,,
2853,Trade CGY/BUF 6/25/2011,Trade,a,,,,,
2854,Bobby McMann,TOR,a,,,,,
2855,Ryan Reaves,SJS,a,,,,,
2856,Trade NYR/VGK 7/29/2021,Trade,a,,,,,
2857,Trade NYR/MIN 11/23/2022,Trade,a,,,,,
2858,William Nylander,TOR,a,,,,,
2859,Ryan Murphy,Unsigned,a,,,,,
2860,Trade MIN/NJD 1/30/2019,Trade,a,,,,,
2861,Morgan Rielly,TOR,a,,,,,
2862,Ryan Miller,Unsigned,,,,,,
2863,1999 138th Overall,Draft Pick,a,,,,,
2864,Trade BUF/FLA 3/23/1999,Trade,a,,,,,
2865,Nicholas Robertson,TOR,a,,,,,
2866,Ryan Merkley,Unsigned,,,,,,
2867,John Tavares,TOR,a,,,,,
2868,Conor Timmins,BUF,a,,,,,
2869,Trade ARI/TOR 11/23/2022,Trade,a,,,,,
2870,Ryan Kuffner,Unsigned,a,,,,,
2871,Joseph Woll,TOR,a,,,,,
2872,Mark Giordano,Unsigned,,,,,,
2873,Ryan Kesler,Unsigned,a,,,,,
2874,Calle Jarnkrok,TOR,a,,,,,
2875,Trade DET/NSH 3/5/2014,Trade,a,,,,,
2876,Ryan Haggerty (1993),Unsigned,,,,,,
2877,Trade FLA/PIT 12/17/2019,Trade,a,,,,,
2878,Finn Harding,PIT,a,,,,,
2879,Joseph Willis,NSH,a,,,,,
2880,Kyle Masters,SJS,a,,,,,
2881,Jimmy Schuldt,VAN,a,,,,,
2882,Cam Dineen,EDM,a,,,,,
2883,Trade ARI/EDM 3/2/2023,Trade,a,,,,,
2884,Martin Jones,Unsigned,a,,,,,
2885,Ryan Ellis,SJS,a,,,,,
2886,John Klingberg,SJS,a,,,,,
2887,Ryan Dzingel,Unsigned,a,,,,,
2888,Trade CAR/OTT 2/13/2021,Trade,a,,,,,
2889,2011 204th Overall,Draft Pick,a,,,,,
2890,Trade PIT/OTT 2/24/2011,Trade,a,,,,,
2891,Maxime Lajoie,Unsigned,a,,,,,
2892,Ryane Clowe,Unsigned,,,,,,
2893,Ilya Samsonov,Unsigned,a,,,,,
2894,Nick Bjugstad,STL,a,,,,,
2895,2010 19th Overall,Draft Pick,a,,,,,
2896,Ryan Carter,Unsigned,a,,,,,
2897,Trade ANA/CAR 11/23/2010,Trade,a,,,,,
2898,Michael Carcone,UTH,a,,,,,
2899,Trade VAN/TOR 12/3/2018,Trade,a,,,,,
2900,Trade NSH/OTT 12/21/2020,Trade,a,,,,,
2901,Zachary Magwood,Unsigned,,,,,,
2902,Ian Cole,UTH,a,,,,,
2903,Trade COL/MIN  1/19/2021,Trade,a,,,,,
2904,2007 18th Overall,Draft Pick,a,,,,,
2905,Stefan Chaput,Unsigned,,,,,,
2906,Trade ANA/BOS 2/27/2011,Trade,a,,,,,
2907,Lawson Crouse,UTH,a,,,,,
2908,Trade FLA/ARI 8/25/2016,Trade,a,,,,,
2909,Sean Zimmerman,Unsigned,,,,,,
2910,Trade NJD/PHX 9/11/2008,Trade,a,,,,,
2911,Trade PHX/VAN 3/3/2010,Trade,a,,,,,
2912,Trade VAN/FLA 10/7/2010,Trade,a,,,,,
2913,Trade FLA/BOS 12/9/2010,Trade,a,,,,,
2914,Dylan Guenther,UTH,a,,,,,
2915,2021 9th Overall,Draft Pick,a,,,,,
2916,Ryan Callahan,Unsigned,a,,,,,
2917,Trade TBL/OTT 7/30/2019,Trade,a,,,,,
2918,2004 127th Overall,Draft Pick,a,,,,,
2919,Trade NYR/SJS 6/30/2003,Trade,a,,,,,
2920,Barrett Hayton,UTH,a,,,,,
2921,Ryan Button,Unsigned,a,,,,,
2922,Connor Ingram,EDM,a,,,,,
2923,Trade TBL/NSH 6/14/2019,Trade,a,,,,,
2924,Rudolfs Balcers,Unsigned,a,,,,,
2925,2015 142nd Overall,Draft Pick,a,,,,,
2926,Trade NYI/SJS 6/5/2014,Trade,a,,,,,
2927,Clayton Keller,UTH,a,,,,,
2928,Ron Hextall,Unsigned,,,,,,
2929,Trade PHI/QUE 6/30/1992,Trade,,,,,,
2930,Trade NYI/PHI 9/22/1994,Trade,a,,,,,
2931,Trade NJD/BOS/EDM 3/4/2025,Trade,a,,,,,
2932,Shane Lachance,NJD,a,,,,,
2933,2021 186th Overall,Draft Pick,a,,,,,
2934,Petr Hauser,EDM,a,,,,,
2935,2022 141st Overall,Draft Pick,a,,,,,
2936,Trade CBJ/NJD 2/25/2019,Trade,a,,,,,
2937,Max Wanner,BOS,a,,,,,
2938,Logan Brown,LAK,a,,,,,
2939,2016 11th Overall,Draft Pick,a,,,,,
2940,Adam Scheel,Unsigned,a,,,,,
2941,Jonathan Lekkerimaki,VAN,a,,,,,
2942,Isaac Belliveau,BUF,a,,,,,
2943,Sergei Murashov,PIT,a,,,,,
2944,Daylan Kuefler,NYI,a,,,,,
2945,Alexander Kerfoot,UTH,a,,,,,
2946,Tommy Soderstrom,Unsigned,,,,,,
2947,Michael Kesselring,BUF,a,,,,,
2948,Steve Duchesne,Unsigned,,,,,,
2949,Trade LAK/PHI 5/30/1991,Trade,a,,,,,
2950,Trade QUE/STL 1/23/1994,Trade,a,,,,,
2951,Trade STL/OTT 8/4/1995,Trade,a,,,,,
2952,Trade OTT/STL 8/25/1997,Trade,a,,,,,
2953,Trade LAK/PHI 3/23/1999,Trade,a,,,,,
2954,Maveric Lamoureux,UTH,a,,,,,
2955,2022 29th Overall,Draft Pick,a,,,,,
2956,Trade EDM/ARI 7/7/2022,Trade,a,,,,,
2957,Zack Kassian,Unsigned,,,,,,
2958,Trade VAN/BUF 2/27/2012,Trade,,,,,,
2959,Trade MTL/VAN 7/1/2015,Trade,,,,,,
2960,Trade MTL/EDM 12/28/2015,Trade,,,,,,
2961,Matias Maccelli,TOR,a,,,,,
2962,2019 98th Overall,Draft Pick,,,,,,
2963,Steve Kasper,Unsigned,,,,,,
2964,Trade BOS/LAK 1/22/1989,Trade,a,,,,,
2965,Trade PHI/TBL 12/8/1992,Trade,a,,,,,
2966,Jack McBain,UTH,a,,,,,
2967,2018 63rd Overall,Draft Pick,a,,,,,
2968,Trade MIN/ARI 3/20/2022,Trade,a,,,,,
2969,Ron Sutter,Unsigned,,,,,,
2970,Trade PHI/STL 9/22/1991,Trade,a,,,,,
2971,Trade QUE/NYI 6/28/1994,Trade,a,,,,,
2973,1982 4th Overall,Draft Pick,a,,,,,
2974,Trade PHI/HFD 7/3/1981,Trade,a,,,,,
2975,Liam O'Brien,UTH,a,,,,,
2976,Uwe Krupp,Unsigned,,,,,,
2977,Trade BUF/NYI 10/25/1991,Trade,a,,,,,
2978,Nick Schmaltz,UTH,a,,,,,
2979,2014 20th Overall,Draft Pick,a,,,,,
2980,Trade ARI/CHI 11/25/2018,Trade,a,,,,,
2981,Trade FLA/SJS 3/5/2025,Trade,a,,,,,
2982,Trade TBL/DET/SEA 3/5/2025,Trade,a,,,,,
2983,Kyle Aucoin,Unsigned,,,,,,
2984,Trade PIT/SJS 3/5/2025,Trade,a,,,,,
2985,Trade PIT/NSH 3/5/2025,Trade,a,,,,,
2986,Karel Vejmelka,UTH,a,,,,,
2987,Kaleb Lawrence,LAK,a,,,,,
2988,2022 215th Overall,Draft Pick,a,,,,,
2989,Cameron Crotty,OTT,a,,,,,
2990,2017 82nd Overall,Draft Pick,a,,,,,
2991,Trade STL/EDM 10/7/2016,Trade,a,,,,,
2992,Zachary Pochiro,Unsigned,a,,,,,
2993,2013 112th Overall,Draft Pick,a,,,,,
2994,Trade TOR/NSH 7/3/2011,Trade,a,,,,,
2995,Milos Kelemen,Unsigned,,,,,,
2996,Ron Hainsey,Unsigned,,,,,,
2997,Patrik Koch,Unsigned,a,,,,,
2998,Roman Polak,Unsigned,,,,,,
2999,John Leonard,DET,a,,,,,
3000,2018 182nd Overall,Draft Pick,a,,,,,
3001,Trade NSH/SJS 2/25/2018,Trade,a,,,,,
3002,Troy Grosenick,Unsigned,a,,,,,
3003,Aku Raty,Unsigned,a,,,,,
3004,2019 151st Overall,Draft Pick,a,,,,,
3005,Roman Horak,Unsigned,a,,,,,
3006,2009 127th Overall,Draft Pick,a,,,,,
3007,Trade NYR/PHX 2/26/2008,Trade,a,,,,,
3008,Adam Ruzicka,Unsigned,,,,,,
3009,Roland McKeown,Unsigned,,,,,,
3010,2014 50th Overall,Draft Pick,,,,,,
3011,Trade TBL/VAN 6/27/2014,Trade,,,,,,
3012,Trade VAN/LAK 6/28/2014,Trade,,,,,,
3013,Victor Soderstrom,BOS,a,,,,,
3014,2019 11th Overall,Draft Pick,,,,,,
3015,Rod Pelley,Unsigned,,,,,,
3016,Maksymilian Szuber,UTH,a,,,,,
3017,Rod Brind'Amour,Unsigned,,,,,,
3018,Trade PHI/CAR 1/23/2000,Trade,a,,,,,
3019,Matt Villalta,UTH,a,,,,,
3020,Trade NJD/ANA 3/6/2025,Trade,a,,,,,
3021,Herman Traff,ANA,a,,,,,
3022,2024 91st Overall,Draft Pick,a,,,,,
3023,Trade FLA/SJS 3/6/2025,Trade,a,,,,,
3024,Trade VGK/NYR 3/6/2025,Trade,a,,,,,
3025,Brendan Brisson,NYR,a,,,,,
3026,Trade FLA/WPG 3/6/2025,Trade,a,,,,,
3027,Trade NYR/VAN 3/6/2025,Trade,a,,,,,
3028,Carson Soucy,NYR,a,,,,,
3029,Trade MIN/BOS 3/6/2025,Trade,a,,,,,
3030,Trade COL/NYI 3/6/2025,Trade,a,,,,,
3031,William Dufour,Unsigned,a,,,,,
3032,Trade NYI/ANA 3/6/2025,Trade,a,,,,,
3033,Trade EDM/SJS 3/6/2025,Trade,a,,,,,
3034,Carl Berglund,Unsigned,,,,,,
3035,Evan Cormier,Unsigned,a,,,,,
3036,2016 105th Overall,Draft Pick,a,,,,,
3037,Colten Ellis,BUF,a,,,,,
3038,Cameron Hebig,UTH,a,,,,,
3039,Jacob Julien,WPG,a,,,,,
3040,Josh Bloom,VAN,a,,,,,
3041,2021 95th Overall,Draft Pick,a,,,,,
3042,Mitchell Russell,Unsigned,a,,,,,
3043,Carter Mazur,DET,a,,,,,
3044,Brock Boeser,VAN,a,,,,,
3045,Robyn Regehr,Unsigned,a,,,,,
3046,Trade COL/CGY 2/28/1999,Trade,a,,,,,
3047,1998 19th Overall,Draft Pick,a,,,,,
3048,Trade COL/BOS 11/22/1996,Trade,a,,,,,
3049,Trade PIT/WSH 3/7/2025,Trade,a,,,,,
3050,trade PHI/LAK 3/7/2025,Trade,a,,,,,
3051,Trade BUF/OTT 3/7/2025,Trade,a,,,,,
3052,Trade PIT/WPG 3/7/2025,Trade,a,,,,,
3053,Trade WPG/SEA 3/7/2025,Trade,a,,,,,
3054,Trade CHI/DET 3/7/2025,Trade,a,,,,,
3055,Trade COL/BOS 3/7/2025,Trade,a,,,,,
3056,William Zellers,BOS,a,,,,,
3057,2024 76th Overall,Draft Pick,,,,,,
3058,Trade CBJ/SJS 3/7/2025,Trade,,,,,,
3059,Trade CHI/UTH 3/7/2025,Trade,,,,,,
3060,Trade COL/PHI 3/7/2025,Trade,,,,,,
3061,Trade BUF/NYR 3/7/2025,Trade,,,,,,
3062,Trade TOR/PHI 3/7/2025,Trade,,,,,,
3063,Trade NJD/NYI 3/7/2025,Trade,,,,,,
3064,Trade DAL/CAR 3/7/2025,Trade,,,,,,
3065,Trade PIT/NJD 3/7/2025,Trade,,,,,,
3066,Max Graham,PIT,a,,,,,
3067,Trade CAR/NSH 3/7/2025,Trade,,,,,,
3068,Trade NJD/DAL 3/7/2025,Trade,,,,,,
3069,Trade BOS/BUF 3/7/2025,Trade,,,,,,
3070,Trade OTT/SJS 3/7/2025,Trade,,,,,,
3071,Tristen Robins,Unsigned,a,,,,,
3072,2020 56th Overall,Draft Pick,a,,,,,
3073,Trade BOS/NJD 3/7/2025,Trade,a,,,,,
3074,Trade BOS/FLA 3/7/2025,Trade,a,,,,,
3075,Trade PIT/TOR 3/7/2025,Trade,a,,,,,
3076,Trade BOS/TOR 3/7/2025,Trade,a,,,,,
3077,Trade TOR/MIN 3/7/2025,Trade,a,,,,,
3078,Wyatt Aamodt,COL,a,,,,,
3079,Gabriel Carriere,SJS,a,,,,,
3080,Guillaume Brisebois,VAN,a,,,,,
3081,2015 66th Overall,Draft Pick,a,,,,,
3082,Trade VAN/CAR 6/27/2015,Trade,a,,,,,
3083,Wade Belak,Unsigned,,,,,,
3084,1994 12th Overall,Draft Pick,a,,,,,
3085,Trade FLA/TOR 2/26/2008,Trade,a,,,,,
3086,Trade FLA/NSH 11/27/2008,Trade,a,,,,,
3087,Nikita Tolopilo,VAN,a,,,,,
3088,Jake Debrusk,VAN,a,,,,,
3089,Theo Fleury,Unsigned,,,,,,
3090,Trade NYR/SJS 6/22/2002,Trade,a,,,,,
3091,Phillip Di Giuseppe,WPG,a,,,,,
3092,Robin Norrell,Unsigned,,,,,,
3093,2013 111th Overall,Draft Pick,a,,,,,
3094,Trade CHI/DAL 6/23/2021,Trade,a,,,,,
3095,Trade CHI/SJS 4/1/2013,Trade,a,,,,,
3096,Trade CHI/SJS 6/30/2013,Trade,a,,,,,
3097,Derek Forbort,VAN,a,,,,,
3098,2010 15th Overall,Draft Pick,a,,,,,
3099,Trade BOS/FLA 6/22/2010,Trade,a,,,,,
3100,Chase Pietila,PIT,a,,,,,
3101,Conor Garland,VAN,s,,,,,
3102,Robin Lehner,Unsigned,a,,,,,
3103,2009 46th Overall,Draft Pick,a,,,,,
3104,Trade CBJ/OTT 3/4/2009,Trade,a,,,,,
3105,Nils Hoglander,VAN,a,,,,,
3106,Roberto Luongo,HOF,,,,,,
3107,Trade NYI/FLA 6/24/2000,Trade,a,,,,,
3108,1997 4th Overall,Draft Pick,a,,,,,
3109,Trade NYI/TOR 3/13/1996,Trade,a,,,,,
3110,Filip Hronek,VAN,a,,,,,
3111,2016 53rd Overall,Draft Pick,a,,,,,
3112,Trade VAN/DET 3/1/2023,Trade,a,,,,,
3113,Wendel Clark,Unsigned,,,,,,
3114,Trade TOR/QUE 6/28/1994,Trade,a,,,,,
3115,Trade COL/NYI 10/3/1995,Trade,a,,,,,
3116,Trade TBL/DET 3/23/1999,Trade,a,,,,,
3117,Quinn Hughes,VAN,a,,,,,
3118,Todd Warriner,Unsigned,,,,,,
3119,Trade TOR/TBL 11/29/1999,Trade,a,,,,,
3120,Trade TBL/PHX 6/18/2001,Trade,a,,,,,
3121,Trade PHX/VAN 12/28/2001,Trade,a,,,,,
3122,Pius Suter,STL,a,,,,,
3123,Akito Hirose,Unsigned,a,,,,,
3124,Tyler Bouck,Unsigned,,,,,,
3125,1998 57th Overall,Draft Pick,a,,,,,
3126,Trade DAL/PHX 6/23/2001,Trade,a,,,,,
3127,Cole McWard,NYI,a,,,,,
3128,Jack Eichel,VGK,a,,,,,
3129,Trevor Letowski,Unsigned,,,,,,
3130,Mark Stone,VGK,a,,,,,
3131,2010 178th Overall,Draft Pick,a,,,,,
3132,Trade SJS/DAL 6/27/2009,Trade,a,,,,,
3133,Trade OTT/DAL 7/8/2009,Trade,a,,,,,
3134,Sylvain Lefebvre,Unsigned,,,,,,
3135,Trade MTL/TOR 8/20/1992,Trade,a,,,,,
3136,Shea Theodore,VGK,a,,,,,
3137,Trade VGK/ANA 6/21/2017,Trade,a,,,,,
3138,Sean Haggerty,Unsigned,,,,,,
3139,Ivan Barbashev,VGK,a,,,,,
3140,2014 33rd Overall,Draft Pick,a,,,,,
3141,Robert Slaney,Unsigned,,,,,,
3142,Trade MTL/NSH 2/17/2012,Trade,a,,,,,
3143,Daniel Laatsch,PIT,a,,,,,
3144,2021 215th Overall,Draft Pick,a,,,,,
3145,Trade PIT/WSH 10/7/2020,Trade,a,,,,,
3146,Pavel Dorofeyev,VGK,a,,,,,
3147,Robert Lang,Unsigned,,,,,,
3148,Trade CHI/MTL 9/12/2008,Trade,a,,,,,
3149,Brett Howden,VGK,a,,,,,
3150,Robert Hagg,Unsigned,a,,,,,
3151,Noah Hanifin,VGK,a,,,,,
3152,Rob Klinkhammer,Unsigned,,,,,,
3153,Trade CHI/OTT 12/2/2011,Trade,a,,,,,
3154,Trade ARI/PIT 12/5/2014,Trade,a,,,,,
3155,Alex Pietrangelo,VGK,a,,,,,
3156,Rob Bordson,Unsigned,,,,,,
3157,Keegan Kolesar,VGK,a,,,,,
3158,Rinat Valiev,Unsigned,a,,,,,
3159,Trade TOR/MTL 2/25/2018,Trade,a,,,,,
3160,Nicolas Roy,TOR,a,,,,,
3161,Tomas Plekanec,Unsigned,,,,,,
3162,Victor Olofsson,COL,a,,,,,
3163,Riley Sheahan,Unsigned,,,,,,
3164,Trade DET/PIT 10/21/2017,Trade,a,,,,,
3165,Scott Wilson,Unsigned,a,,,,,
3166,Trade DET/BUF 12/4/2017,Trade,a,,,,,
3167,2011 209th Overall,Draft Pick,a,,,,,
3168,Trade SJS/PIT 6/26/2010,Trade,a,,,,,
3169,Brayden McNabb,VGK,a,,,,,
3170,2009 66th Overall,Draft Pick,a,,,,,
3171,Riley Barber,Unsigned,,,,,,
3172,Zach Whitecloud,VGK,a,,,,,
3173,Rick Nash,Unsigned,x,,,,,
3174,2002 1st Overall,Draft Pick,a,,,,,
3175,Trade CBJ/FLA 6/22/2002,Trade,a,,,,,
3176,Nicolas Hague,NSH,a,,,,,
3177,Rick MacLeish,Unsigned,,,,,,
3178,Trade BOS/PHI 1/31/1971,Trade,a,,,,,
3179,Trade PIT/HFD 12/29/1981,Trade,a,,,,,
3180,1970 4th Overall,Draft Pick,a,,,,,
3181,Trade BOS/PHI 10/18/1967,Trade,a,,,,,
3182,Cole Schwindt,FLA,a,,,,,
3183,2019 81st Overall,Draft Pick,a,,,,,
3184,Russ Anderson,Unsigned,,,,,,
3185,Kaedan Korczak,VGK,a,,,,,
3186,2019 41st Overall,Draft Pick,a,,,,,
3187,Trade PHI/SJS 6/18/2019,Trade,a,,,,,
3188,Trade SJS/VGK 6/22/2019,Trade,a,,,,,
3189,Rosaire Paiement,Unsigned,,,,,,
3190,Mason Morelli,Unsigned,a,,,,,
3191,Rick Berry,Unsigned,,,,,,
3192,1997 55th Overall,Draft Pick,a,,,,,
3193,Trade COL/STL 5/309/1997,Trade,a,,,,,
3194,Trade STL/SJS 3/6/1995,Trade,a,,,,,
3195,Ben Hutton,VGK,a,,,,,
3196,Richard Zednik,Unsigned,,,,,,
3197,Trade MTL/WSH 7/12/2006,Trade,a,,,,,
3198,Trade WSH/NYI 2/26/2007,Trade,a,,,,,
3199,Adin Hill,VGK,a,,,,,
3200,2015 76th Overall,Draft Pick,a,,,,,
3201,Trade ARI/SJS 7/17/2021,Trade,a,,,,,
3202,Trade VGK/SJS 8/29/2022,Trade,a,,,,,
3203,Angus MacDonell,DAL,a,,,,,
3204,Richard Panik,Unsigned,a,,,,,
3205,Trade TOR/CHI 1/3/2016,Trade,a,,,,,
3206,2009 52nd Overall,Draft Pick,a,,,,,
3207,Trade PHI/TBL 2/25/2008,Trade,a,,,,,
3208,Byron Froese,Unsigned,a,,,,,
3209,Trade TBL/TOR 2/27/2017,Trade,a,,,,,
3210,Trade MTL/PHI 2/9/2019,Trade,a,,,,,
3211,Vaclav Prospal,Unsigned,,,,,,
3212,Trade PHI/OTT 1/17/1998,Trade,a,,,,,
3213,Trade OTT/FLA 1/20/2001,Trade,a,,,,,
3214,Trade TBL/FLA 7/10/2001,Trade,a,,,,,
3215,Trade TBL/ANA 8/16/2004,Trade,a,,,,,
3216,1993 71st Overall,Draft Pick,a,,,,,
3217,Trade PHI/TOR 6/29/1991,Trade,a,,,,,
3218,Jiri Patera,VAN,a,,,,,
3219,2017 161st Overall,Draft Pick,a,,,,,
3220,Trade VGK/BUF 6/21/2017,Trade,a,,,,,
3221,Ryan Johnson (1976),Unsigned,,,,,,
3222,Trade FLA/TBL 3/14/2000,Trade,a,,,,,
3223,1994 36th Overall,Draft Pick,a,,,,,
3224,Trade FLA/PHI 6/15/1994,Trade,a,,,,,
3225,Sheldon Rempal,WSH,a,,,,,
3226,Rich Peverley,Unsigned,a,,,,,
3227,John Carlson,WSH,a,,,,,
3228,2008 27th Overall,Draft Pick,a,,,,,
3229,Trade PHI/WSH 6/20/2008,Trade,a,,,,,
3230,Steve Eminger,Unsigned,,,,,,
3231,Trade PHI/TBL 11/7/2008,Trade,a,,,,,
3232,Trade TBL/FLA 3/4/2009,Trade,a,,,,,
3233,Trade ANA/NYR 7/9/2010,Trade,a,,,,,
3234,Nic Dowd,WSH,a,,,,,
3235,2009 198th Overall,Draft Pick,a,,,,,
3236,Trade STL/LAK 6/21/2008,Trade,a,,,,,
3237,Trade LAK/VAN 12/7/2017,Trade,a,,,,,
3238,Rick Kozak,Unsigned,,,,,,
3239,Martin Fehervary,WSH,a,,,,,
3240,2018 46th Overall,Draft Pick,a,,,,,
3241,Trade NJD/FLA 6/10/2016,Trade,a,,,,,
3242,Rhett Warrener,Unsigned,,,,,,
3243,Trade CGY/BUF 7/3/2003,Trade,a,,,,,
3244,Ethen Frank,WSH,a,,,,,
3245,Steven Reinprecht,Unsigned,a,,,,,
3246,Trade LAK/COL 2/21/2001,Trade,a,,,,,
3247,Trade COL/BUF 7/3/2003,Trade,a,,,,,
3248,Trade PHX/CGY 2/1/2006,Trade,a,,,,,
3249,Trade FLA/PHX 6/19/2009,Trade,a,,,,,
3250,Trade VAN/FLA 10/22/2011,Trade,a,,,,,
3251,Hendrix Lapierre,WSH,a,,,,,
3252,2020 22nd Overall,Draft Pick,a,,,,,
3253,Steve Begin,Unsigned,a,,,,,
3254,Trade MTL/DAL 2/26/2009,Trade,a,,,,,
3255,1996 40th Overall,Draft Pick,a,,,,,
3256,Trade STL/CGY 7/4/1994,Trade,a,,,,,
3257,Andrew Mangiapane,EDM,a,,,,,
3258,Trade CGY/WSH 6/27/2024,Trade,a,,,,,
3259,Stefan Meyer,Unsigned,,,,,,
3260,2003 55th Overall,Draft Pick,a,,,,,
3261,Dylan McIlrath,WSH,a,,,,,
3262,Rob Blake,HOF,,,,,,
3263,Connor McMichael,WSH,a,,,,,
3264,Rene Corbet,Unsigned,,,,,,
3265,Trade PIT/CGY 3/14/2000,Trade,,,,,,
3266,Ivan Miroshnichenko,WSH,a,,,,,
3267,Tyler Moss,Unsigned,,,,,,
3268,Trade CGY/TBL 3/18/1997,Trade,a,,,,,
3269,Trade VAN/EDM 2/16/2004,Trade,a,,,,,
3270,Alex Ovechkin,WSH,a,,,,,
3271,Rene Bourque,Unsigned,a,,,,,
3272,Trade CHI/CGY 7/1/2008,Trade,a,,,,,
3273,Trade CGY/MTL 1/12/2012,Trade,a,,,,,
3274,Trade MTL/ANA 11/20/2014,Trade,a,,,,,
3275,Aliaksei Protas,WSH,a,,,,,
3276,2019 91st overall,Draft Pick,a,,,,,
3277,Trade NJD/SJS 6/22/2019,Trade,a,,,,,
3278,Trade NJD/WSH 6/22/2019,Trade,a,,,,,
3279,Reilly Walsh,Unsigned,a,,,,,
3280,2017 81st Overall,Draft Pick,a,,,,,
3281,Trade NJD/SJS 5/28/2015,Trade,a,,,,,
3282,Rasmus Sandin,WSH,a,,,,,
3283,2018 29th Overall,Draft Pick,a,,,,,
3284,Trade WPG/STL 2/26/2018,Trade,a,,,,,
3285,Trade STL/TOR 6/22/2018,Trade,a,,,,,
3286,Reid Schaefer,NSH,a,,,,,
3287,2022 32nd Overall,Draft Pick,,,,,,
3288,Michael Sgarbossa,Unsigned,,,,,,
3289,Trade SJS/COL 2/27/2012,Trade,,,,,,
3290,Trade COL/ANA 3/2/2015,Trade,,,,,,
3291,Trade ANA/FLA 11/16/2016,Trade,,,,,,
3292,TJ Galiardi,Unsigned,,,,,,
3293,2007 55th Overall,Draft Pick,a,,,,,
3294,Trade ATL/ANA 8/17/2006,Trade,a,,,,,
3295,Trade COL/ANA 11/13/2006,Trade,a,,,,,
3296,Trade SJS/CGY 7/2/2013,Trade,a,,,,,
3297,Dylan Strome,WSH,a,,,,,
3298,Vitaly Vishnevski,Unsigned,,,,,,
3299,Trade NSH/ATL 2/9/2007,Trade,a,,,,,
3300,Tom Wilson,WSH,a,,,,,
3301,Nicklas Backstrom,Unsigned,,,,,,
3302,Reece Scarlett,Unsigned,,,,,,
3303,Trade FLA/DAL 11/10/2017,Trade,a,,,,,
3304,Ethan Bear,NYI,a,,,,,
3305,Ray Bourque,HOF,,,,,,
3306,1979 9th Overall,Draft Pick,,,,,,
3307,Trade BOS/LAK 10/9/1978,Trade,,,,,,
3308,Pierrick Dube,Unsigned,a,,,,,
3309,Ron Grahame,Unsigned,,,,,,
3310,Hardy Haman Aktell,Unsigned,,,,,,
3311,Ray Allison,Unsigned,,,,,,
3312,Vincent Iorio,SJS,a,,,,,
3313,Rasmus Kupari,WPG,a,,,,,
3314,Lucas Johansen,Unsigned,,,,,,
3315,2016 28th Overall,Draft Pick,,,,,,
3316,Randy Wood,Unsigned,,,,,,
3317,Trade DAL/TOR 1/29/1996,Trade,a,,,,,
3318,Hunter Shepard,OTT,a,,,,,
3319,Randy Robitaille,Unsigned,,,,,,
3320,Trade BOS/ATL 6/25/1999,Trade,,,,,,
3321,Trade ATL/NSH 8/16/1999,Trade,,,,,,
3322,Trade NYI/PIT 3/9/2023,Trade,,,,,,
3323,Joe Snively,Unsigned,a,,,,,
3324,Mason Appleton,DET,a,,,,,
3325,Trade SEA/WPG 3/20/2022,Trade,a,,,,,
3326,Randy Hillier,Unsigned,,,,,,
3327,Trade BOS/PIT 10/11/1984,Trade,a,,,,,
3328,Nikita Chibrikov,WPG,a,,,,,
3329,Raffi Torres,Unsigned,,,,,,
3330,Trade NYI/EDM 3/11/2003,Trade,a,,,,,
3331,Trade EDM/CBJ 7/1/2008,Trade,a,,,,,
3332,Trade BUF/CBJ 3/3/2010,Trade,a,,,,,
3333,Trade SJS/PHX 4/3/2013,Trade,a,,,,,
3334,2000 5th Overall,Draft Pick,a,,,,,
3335,Trade TBL/NYI 6/24/2000,Trade,a,,,,,
3336,Kyle Connor,WPG,a,,,,,
3337,Radim Simek,Unsigned,a,,,,,
3338,Dylan DeMelo,WPG,a,,,,,
3339,Radek Dvorak,Unsigned,,,,,,
3340,Trade FLA/SJS 12/30/1999,Trade,a,,,,,
3341,Trade SJS/NYR 12/30/1999,Trade,a,,,,,
3342,Trade NYR/EDM 3/11/2003,Trade,a,,,,,
3343,Nikolaj Ehlers,CAR,a,,,,,
3344,Todd Harvey,Unsigned,,,,,,
3345,Trade DAL/NYR 3/24/1998,Trade,a,,,,,
3346,David Gustafsson,WPG,a,,,,,
3347,Pontus Aberg,Unsigned,,,,,,
3348,2012 37th Overall,Draft Pick,a,,,,,
3349,Trade TBL/SJS 2/16/2012,Trade,a,,,,,
3350,Trade EDM/NSH/CBJ 2/25/2018,Trade,a,,,,,
3351,Trade ANA/MIN 1/16/2019,Trade,a,,,,,
3352,Ville Heinola,WPG,a,,,,,
3353,2019 20th Overall,Draft Pick,a,,,,,
3354,Avery Hayes,PIT,a,,,,,
3355,Anton Johansson,DET,a,,,,,
3356,PK Subban,Unsigned,,,,,,
3357,Connor Hellebuyck,WPG,a,,,,,
3358,Pierre-Marc Bouchard,Unsigned,a,,,,,
3359,Alex Iafallo,WPG,a,,,,,
3360,Pierre Turgeon,HOF,,,,,,
3361,Trade MTL/STL 10/29/1996,Trade,a,,,,,
3362,Adam Lowry,WPG,a,,,,,
3363,Shayne Corson,Unsigned,,,,,,
3364,1984 8th Overall,Draft Pick,a,,,,,
3365,Trade MTL/STL 6/9/1984,Trade,a,,,,,
3366,Trade MTL/EDM 8/27/1992,Trade,a,,,,,
3367,Trade STL/EDM 7/28/1995,Trade,a,,,,,
3368,Josh Morrissey,WPG,a,,,,,
3369,Vladimir Vujtek,Unsigned,,,,,,
3370,1991 73rd Overall,Draft Pick,a,,,,,
3371,Trade VAN/MTL 1/12/1991,Trade,a,,,,,
3372,Trade EDM/TBL 7/15/1997,Trade,a,,,,,
3373,Nino Niederreiter,WPG,a,,,,,
3374,Trade CAR/MIN 1/17/2019,Trade,a,,,,,
3375,Trade WPG/NSH 2/25/2023,Trade,a,,,,,
3376,Vincent Damphousse,Unsigned,,,,,,
3377,Trade TOR/EDM 9/19/1991,Trade,a,,,,,
3378,Trade MTL/SJS 3/23/1999,Trade,a,,,,,
3379,Cole Perfetti,WPG,a,,,,,
3380,Victor Rask,Unsigned,a,,,,,
3381,Neal Pionk,WPG,a,,,,,
3382,Scott Thornton,Unsigned,,,,,,
3383,Trade MTL/EDM 9/6/1996,Trade,a,,,,,
3384,Trade MTL/DAL 1/22/2000,Trade,a,,,,,
3385,Dylan Samberg,WPG,a,,,,,
3386,Rory Fitzpatrick,Unsigned,,,,,,
3387,Trade STL/NSH 2/9/2000,Trade,a,,,,,
3388,Mark Scheifele,WPG,a,,,,,
3389,Rick Wamsley,Unsigned,,,,,,
3390,Trade STL/CGY 3/7/1988,Trade,a,,,,,
3391,Trade CGY/TOR 1/2/1992,Trade,a,,,,,
3392,Logan Stanley,WPG,a,,,,,
3393,2016 18th Overall,Draft Pick,a,,,,,
3394,Trade WPG/PHI 6/25/2016,Trade,a,,,,,
3395,Steve Bozek,Unsigned,,,,,,
3396,Trade LAK/CGY 6/20/1983,Trade,a,,,,,
3397,Trade STL/CGY 9/6/1988,Trade,a,,,,,
3398,Trade CGY/VAN 9/6/1988,Trade,a,,,,,
3399,Dominic Toninato,CHI,a,,,,,
3400,Tim Corkery,Unsigned,,,,,,
3401,Gabriel Vilardi,WPG,a,,,,,
3402,Axel Jonsson-Fjallby,Unsigned,a,,,,,
3403,Trade NJD/DET 3/14/2025,Trade,,,,,,
3404,Tory Dello,Unsigned,a,,,,,
3405,Xavier Parent,NJD,a,,,,,
3406,Colin Campbell,HOF,,,,,,
3407,1973 27th Overall,Draft Pick,A,,,,,
3408,Trade PIT/DET 10/6/1972,Trade,A,,,,,
3409,Trade PIT/COL 8/7/1976,Trade,A,,,,,
3410,Pavel Datsyuk,HOF,A,,,,,
3411,Jeremy Roenick,HOF,,,,,,
3412,Trade CHI/PHX 8/16/1996,Trade,,,,,,
3413,Trade PHI/LAK 8/4/2005,Trade,,,,,,
3414,Nathan Beaulieu,Unsigned,,,,,,
3415,Trade MTL/BUF 6/17/2017,Trade,,,,,,
3416,Trade WPG/BUF 2/25/2019,Trade,,,,,,
3417,Trade WPG/PIT 3/21/2022,Trade,,,,,,
3418,Simon Nolet,Unsigned,,,,,,
3419,Trade KCS/PIT 1/8/1976,Trade,,,,,,
3420,Olle Eriksson Ek,Unsigned,,,,,,
3421,Steve Durbano,Unsigned,,,,,,
3422,Trade STL/NYR 5/24/1972,Trade,a,,,,,
3423,Trade STL/PIT 1/17/1974,Trade,a,,,,,
3424,Trade WHA/DET 11/15/1977,Trade,a,,,,,
3425,Glenn Gawdin,LAK,a,,,,,
3426,Vaclav Nedomansky,HOF,,,,,,
3427,Trade STL/NYR 1/4/1983,Trade,,,,,,
3428,Derek Grant,Unsigned,,,,,,
3429,Trade ANA/PIT 1/17/2019,Trade,,,,,,
3430,2008 119th Overall,Draft Pick,,,,,,
3431,Trade TBL/DAL 7/2/2006,Trade,,,,,,
3432,Trade TBL/OTT 6/23/2007,Trade,,,,,,
3433,Tim Sheehy,Unsigned,,,,,,
3434,Bo Groulx,TOR,a,,,,,
3435,Roy Edwards,Unsigned,,,,,,
3436,Trade PIT/DET 9/7/1967,Trade,,,,,,
3437,Jayson Megna,Unsigned,,,,,,
3438,Rob Ramage,Unsigned,,,,,,
3439,Trade STL/COL 6/9/1982,Trade,,,,,,
3440,Trade CGY/TOR 6/16/1989,Trade,,,,,,
3441,Trade MTL/TBL 3/20/1993,Trade,,,,,,
3442,Trade MTL/PHI 11/28/1993,Trade,,,,,,
3443,Kevin Shattenkirk,Unsigned,,,,,,
3444,Ric Nattress,Unsigned,,,,,,
3445,Trade MTL/STL 10/7/1985,Trade,,,,,,
3446,Trade STL/CGY 6/13/1987,Trade,,,,,,
3447,1980 27th Overall,Draft Pick,,,,,,
3448,Trade EDM/MTL 6/13/1979,Trade,,,,,,
3449,Jakob Silfverberg,Unsigned,,,,,,
3450,Philippe Sauve,Unsigned,,,,,,
3451,1998 38th Overall,Draft Pick,,,,,,
3452,Trade COL/CHI 7/10/1996,Trade,,,,,,
3453,Trade COL/CGY 8/9/2005,Trade,,,,,,
3454,Trade BOS/PHX 11/14/2006,Trade,,,,,,
3455,Austin Strand,Unsigned,,,,,,
3456,Trade ANA/BUF 3/3/2023,Trade,,,,,,
3457,Tyler Redenbach,Unsigned,,,,,,
3458,2003 77th Overall,Draft Pick,a,,,,,
3459,Trade PHI/PHX 3/10/2003,Trade,a,,,,,
3460,Colton White,NJD,a,,,,,
3461,Patrice Bergeron,Unsigned,,,,,,
3462,Tuomas Gronman,Unsigned,,,,,,
3463,Trade CHI/PIT 10/22/1997,Trade,,,,,,
3464,1992 29th Overall,Draft Pick,,,,,,
3465,Trade TOR/QUE 11/17/1990,Trade,,,,,,
3466,Connor Carrick,Unsigned,,,,,,
3467,Trade TOR/DAL 10/1/2018,Trade,,,,,,
3468,Tony Amonte,Unsigned,,,,,,
3469,Trade CHI/NYR 3/21/1994,Trade,a,,,,,
3470,Keith Kinkaid,Unsigned,a,,,,,
3471,Stephane Matteau,Unsigned,,,,,,
3472,Trade CGY/CHI 12/16/1991,Trade,,,,,,
3473,Trade NYR/STL 12/28/1995,Trade,,,,,,
3474,Trade STL/SJS 7/24/1997,Trade,,,,,,
3475,1987 25th Overall,Draft Pick,,,,,,
3476,Trade CGY/MNS 6/15/1985,Trade,,,,,,
3477,David Krejci,Unsigned,,,,,,
3478,2004 63rd Overall,Draft Pick,,,,,,
3479,Trade SJS/BOS 6/26/2004,Trade,,,,,,
3480,Trent Yawney,Unsigned,,,,,,
3481,1984 45th Overall,Draft Pick,,,,,,
3482,Trade CHI/LAK 10/24/1982,Trade,,,,,,
3483,Dan Renouf,Unsigned,,,,,,
3484,Terry Ruskowski,Unsigned,,,,,,
3485,Oskar Steen,Unsigned,a,,,,,
3486,2016 165th Overall,Draft Pick,,,,,,
3487,Trade BOS/COL 3/2/2015,Trade,,,,,,
3488,Trade COL/BOS 6/25/2015,Trade,,,,,,
3490,Phil Varone,Unsigned,,,,,,
3491,Trade BUF/OTT 2/27/2016,Trade,a,,,,,
3492,Anton Stralman,Unsigned,a,,,,,
3493,Trade CBJ/CGY 9/28/2009,Trade,a,,,,,
3494,Philip Samuelsson,Unsigned,,,,,,
3495,Trade MTL/CAR 2/21/2017,Trade,a,,,,,
3496,Jakub Zboril,Unsigned,a,,,,,
3497,2015 13th Overall,Draft Pick,a,,,,,
3498,Craig Anderson,Unsigned,,,,,,
3499,Trade CHI/FLA 6/24/2006,Trade,a,,,,,
3500,Trade COL/OTT 2/18/2011,Trade,a,,,,,
3501,Phil Kessel,Unsigned,a,,,,,
3502,Anders Bjork,Unsigned,a,,,,,
3503,Phil Housley,HOF,,,,,,
3504,1982 6th Overall,Draft Pick,a,,,,,
3505,Trade LAK/BUF 3/10/1980,Trade,a,,,,,
3506,Trade WIN/BUF 6/16/1990,Trade,a,,,,,
3507,Trade WIN/STL 9/24/1993,Trade,a,,,,,
3508,Trade NJD/CGY 2/26/1996,Trade,a,,,,,
3509,Trade CHI/TOR 3/11/2003,Trade,a,,,,,
3510,Jeremy Davies,VGK,a,,,,,
3511,Tommy Albelin,Unsigned,,,,,,
3512,Trade NJD/QUE 12/12/1988,Trade,a,,,,,
3513,Casey Fitzgerald,NYR,a,,,,,
3514,2016 86th Overall,Draft Pick,a,,,,,
3515,Trade BUF/DAL 2/11/2015,Trade,a,,,,,
3516,Stephane Quintal,Unsigned,,,,,,
3517,Trade BOS/STL 2/7/1992,Trade,,,,,,
3518,Trade MTL/WIN 7/8/1995,Trade,,,,,,
3519,Trade CHI/NYR 10/5/2000,Trade,,,,,,
3520,Trade CHI/MTL 6/23/2001,Trade,,,,,,
3521,Trade LAK/MTL 6/27/2004,Trade,,,,,,
3522,Lawrence Pilut,Unsigned,,,,,,
3523,Dillon Dube,Unsigned,,,,,,
3524,2016 56th Overall,Draft Pick,a,,,,,
3525,Trade DAL/CGY 2/29/2016,Trade,a,,,,,
3526,Jacob Melanson,SEA,a,,,,,
3527,Jani Nyman,SEA,a,,,,,
3528,2022 49th Overall,Draft Pick,a,,,,,
3529,Scott Arniel,Unsigned,,,,,,
3530,Milan Lucic,Unsigned,a,,,,,
3531,2006 50th Overall,Draft Pick,a,,,,,
3532,Trade EDM/BOS 3/9/2006,Trade,,,,,,
3533,Trade EDM/CGY 7/19/2019,Trade,,,,,,
3544,Yan Stastny,Unsigned,,,,,,
3545,Trade BOS/EDM 8/30/2005,Trade,a,,,,,
3546,Trade STL/BOS 1/16/2007,Trade,a,,,,,
3547,Trade STL/VAN 3/3/2010,Trade,a,,,,,
3548,Brett Ritchie,Unsigned,a,,,,,
3549,Sergei Samsonov,Unsigned,,,,,,
3550,Trade MTL/CHI 6/16/2007,Trade,,,,,,
3551,Trade CAR/FLA 2/28/2011,Trade,,,,,,
3552,1997 8th Overall,Draft Pick,,,,,,
3553,Trade BOS/HFD 8/26/1994,Trade,,,,,,
3554,Nick Ritchie,Unsigned,,,,,,
3555,2014 10th Overall,Draft Pick,a,,,,,
3556,Tony Salmelainen,Unsigned,,,,,,
3557,Trade CHI/EDM 1/26/2006,Trade,a,,,,,
3558,Michael Stone,Unsigned,a,,,,,
3559,Ondrej Kase,Unsigned,,,,,,
3560,2014 205th Overall,Draft Pick,,,,,,
3561,Trade ANA/TOR 3/15/2013,Trade,,,,,,
3562,Trade ANA/BOS 2/21/2020,Trade,,,,,,
3563,Ryan Lasch,Unsigned,,,,,,
3564,Paul Stastny,Unsigned,a,,,,,
3565,Trade VGK/WPG 10/9/2020,Trade,a,,,,,
3566,2005 44th Overall,Draft Pick,a,,,,,
3567,Trade COL/PHX 3/8/2004,Trade,a,,,,,
3568,Pierre-Cedric Labrie,Unsigned,,,,,,
3569,Trade ARI/NSH 2/26/2018,Trade,a,,,,,
3570,Derek Stepan,Unsigned,a,,,,,
3571,Dave Gust,Unsigned,,,,,,
3572,Tyler Gaudet,Unsigned,,,,,,
3573,Anton Khudobin,Unsigned,,,,,,
3574,Trade MIN/BOS 2/28/2011,Trade,,,,,,
3575,Trade ANA/CAR 6/27/2015,Trade,,,,,,
3576,Trevor Murphy,Unsigned,,,,,,
3577,Trade ANA/ARI 12/28/2018,Trade,,,,,,
3578,Luke Philp,Unsigned,a,,,,,
3579,Petteri Nokelainen,Unsigned,,,,,,
3580,Trade BOS/NYI 9/11/2007,Trade,a,,,,,
3581,Trade BOS/ANA 3/4/2009,Trade,a,,,,,
3582,Trade MTL/PHX 10/23/2011,Trade,a,,,,,
3583,Alec Regula,EDM,a,,,,,
3584,Trade CHI/DET 10/28/2019,Trade,a,,,,,
3585,Steve Montador,Unsigned,,,,,,
3586,Trade FLA/CGY 12/2/2005,Trade,,,,,,
3587,Trade CHI/BUF 6/29/2011,Trade,,,,,,
3588,Buddy Robinson,Unsigned,,,,,,
3589,Trade OTT/SJS 1/24/2017,Trade,,,,,,
3590,Zack Stortini,Unsigned,,,,,,
3591,2003 94th Overall,Draft Pick,,,,,,
3593,Trade WSH/EDM 10/7/2002,Trade,,,,,,
3594,Alex Stalock,Unsigned,,,,,,
3595,Tommy Wingels,Unsigned,,,,,,
3596,Trade CHI/BOS 2/26/2018,Trade,a,,,,,
3597,Jonathan Toews,WPG,a,,,,,
3598,Petri Kontiola,Unsigned,,,,,,
3599,Austin Wagner,Unsigned,,,,,,
3600,2015 99th Overall,Draft Pick,,,,,,
3601,Trade PHI/CBJ 6/20/2014,Trade,,,,,,
3602,Trade PHI/LAK 6/27/2015,Trade,,,,,,
3603,Scott Hartnell,Unsigned,,,,,,
3604,Trade PHI/NSH 6/18/2007,Trade,a,,,,,
3605,Dylan Wells,Unsigned,a,,,,,
3606,RJ Umberger,Unsigned,,,,,,
3607,Trade VAN/NYR 3/9/2004,Trade,,,,,,
3608,Trade PHI/CBJ 6/20/2008,Trade,,,,,,
3609,Pavel Francouz,Unsigned,,,,,,
3610,Peter Sarno,Unsigned,,,,,,
3611,1997 141st Overall,Draft Pick,a,,,,,
3612,Trade TBL/EDM 3/18/1997,Trade,a,,,,,
3613,Alex Galchenyuk,Unsigned,a,,,,,
3614,Aku Koskenvuo,VAN,a,,,,,
3615,Noah Laba,NYR,a,,,,,
3616,2022 111th Overall,Draft Pick,a,,,,,
3617,Evan Gardner,CBJ,a,,,,,
3618,2024 60th Overall,Draft Pick,a,,,,,
3619,Trade CBJ/CAR 6/29/2024,Trade,a,,,,,
3620,Luca Cagnoni,SJS,a,,,,,
3621,2023 123rd Overall,Draft Pick,a,,,,,
3622,Darren Helm,Unsigned,,,,,,
3623,Peter Regin,Unsigned,a,,,,,
3624,2004 87th Overall,Draft Pick,a,,,,,
3625,Trade COL/NSH 6/30/2003,Trade,a,,,,,
3626,Trade NSH/OTT 3/9/2004,Trade,a,,,,,
3627,Charles Hudon,Unsigned,,,,,,
3628,2012 122nd Overall,Draft Pick,a,,,,,
3629,Trade MTL/CBJ 6/29/2011,Trade,a,,,,,
3630,Shane Hnidy,Unsigned,a,,,,,
3631,Trade DET/OTT 6/25/2000,Trade,a,,,,,
3632,Trade ATL/NSH 7/30/2005,Trade,a,,,,,
3633,Trade ANA/BOS 1/2/2008,Trade,a,,,,,
3634,Brad Hunt,Unsigned,,,,,,
3635,Peter McDuffe,Unsigned,,,,,,
3636,Trade STL/NYR 5/25/1971,Trade,,,,,,
3637,Trade DET/KCS 8/22/1975,Trade,,,,,,
3638,Martin Kaut,SJS,a,,,,,
3639,Peter Ing,Unsigned,,,,,,
3640,Trade EDM/DET 8/30/1993,Trade,,,,,,
3641,Denis Malgin,Unsigned,,,,,,
3642,Mikhail Maltsev,Unsigned,a,,,,,
3643,Peter Holland,Unsigned,a,,,,,
3644,Trade MTL/NYR 11/30/2017,Trade,a,,,,,
3645,Sampo Ranta,COL,a,,,,,
3646,Peter Forsberg,HOF,,,,,,
3647,Trade PHI/NSH 2/15/2007,Trade,,,,,,
3648,Lukas Sedlak,Unsigned,,,,,,
3649,Gavin Bayreuther,CAR,a,,,,,
3650,Scottie Upshall,Unsigned,a,,,,,
3651,Trade PHX/PHI 3/4/2009,Trade,a,,,,,
3652,Trade CBJ/PHX 2/28/2011,Trade,a,,,,,
3653,Tim Berni,Unsigned,a,,,,,
3654,2018 159th Overall,Draft Pick,a,,,,,
3655,Trade CBJ/DET 6/23/2018,Trade,a,,,,,
3656,Sami Lepisto,Unsigned,a,,,,,
3657,Trade WSH/PHX 6/27/2009,Trade,a,,,,,
3658,Marcus Bjork,Unsigned,,,,,,
3659,Ryan Parent,Unsigned,,,,,,
3660,Trade PHI/NSH 6/19/2010,Trade,,,,,,
3661,Trade VAN/NSH 10/5/2010,Trade,,,,,,
3662,Jon Gillies,Unsigned,,,,,,
3663,Trade CBJ/ARI 3/2/2023,Trade,a,,,,,
3664,Shane O'Brien,Unsigned,a,,,,,
3665,Trade ANA/TBL 2/24/2007,Trade,a,,,,,
3666,Trade TBL/VAN 10/6/2008,Trade,a,,,,,
3667,Trade COL/CGY 6/27/2013,Trade,a,,,,,
3668,Samuel Knazko,Unsigned,a,,,,,
3669,2020 78th Overall,Draft Pick,a,,,,,
3670,Rostislav Klesla,Unsigned,a,,,,,
3671,Trade WSH/ARI 3/4/2014,Trade,a,,,,,
3672,Trade WSH/BUF 3/5/2014,Trade,a,,,,,
3673,Joona Luoto,Unsigned,,,,,,
3674,Peter Ferraro,Unsigned,,,,,,
3675,Hunter McKown,CBJ,a,,,,,
3676,Peter Diliberatore,Unsigned,,,,,,
3677,2018 180th Overall,Draft Pick,a,,,,,
3678,Lane Pederson,PHI,a,,,,,
3679,Trade ARI/SJS 7/28/2021,Trade,a,,,,,
3680,Peter Budaj,Unsigned,,,,,,
3681,Trade MTL/WPG 10/5/2014,Trade,,,,,,
3682,Trade TBL/LAK 6/13/2018,Trade,,,,,,
3683,Justin Richards,Unsigned,,,,,,
3684,Pavol Demitra,Unsigned,,,,,,
3685,1993 227th Overall,Draft Pick,,,,,,
3686,Trade TOR/OTT 2/25/1993,Trade,,,,,,
3687,Trade STL/OTT 11/27/1996,Trade,,,,,,
3688,Stanislav Svozil,CBJ,a,,,,,
3689,Pavel Valentenko,Unsigned,,,,,,
3690,Jakub Voracek,Unsigned,a,,,,,
3691,Fredrik Karlstrom,Unsigned,a,,,,,
3692,2016 90th Overall,Draft Pick,,,,,,
3693,Tyler Benson,Unsigned,,,,,,
3694,Matthew Berlin,Unsigned,,,,,,
3695,Pavel Kubina,Unsigned,,,,,,
3696,Trade TOR/ATL 7/1/2009,Trade,a,,,,,
3697,Jason Demers,Unsigned,a,,,,,
3698,2008 186th Overall,Draft Pick,a,,,,,
3699,Trade SJS/NYI 2/26/2008,Trade,a,,,,,
3700,Trade FLA/ARI 9/17/2017,Trade,a,,,,,
3701,Tim Stapleton,Unsigned,,,,,,
3702,Brad Malone,Unsigned,,,,,,
3703,Rob Davison,Unsigned,,,,,,
3704,Ryan Murray,Unsigned,,,,,,
3705,Trade CBJ/NJD 10/8/2020,Trade,,,,,,
3706,Pavel Gogolev,Unsigned,,,,,,
3707,Markus Niemelainen,Unsigned,,,,,,
3708,Lucas Carlsson,SJS,a,,,,,
3709,2016 110th Overall,Draft Pick,a,,,,,
3710,Trade NYI/CHI 6/25/2016,Trade,a,,,,,
3711,Paul Thompson (1988),Unsigned,a,,,,,
3712,Zac Dalpe,Unsigned,,,,,,
3713,Trade VAN/CAR 9/28/2013,Trade,,,,,,
3714,Paul Reinhart,Unsigned,,,,,,
3715,Aleksi Heponiemi,FLA,a,,,,,
3716,Joe Hicketts,LAK,a,,,,,
3717,John Prokop,TOR,a,,,,,
3718,Patric Hornqvist,Unsigned,a,,,,,
3719,Trade NSH/PIT 6/27/2014,Trade,a,,,,,
3720,Paul Gaustad,Unsigned,a,,,,,
3721,2000 220th Overall,Draft Pick,a,,,,,
3722,Trade OTT/TBL 6/7/2000,Trade,a,,,,,
3723,Trade TBL/BUF 6/25/2000,Trade,a,,,,,
3724,Matt Kiersted,MIN,a,,,,,
3725,Rich Parent,Unsigned,a,,,,,
3726,Trade STL/TBL 1/13/2000,Trade,a,,,,,
3727,Anton Levtchi,Unsigned,,,,,,
3728,Stephane Richer,Unsigned,,,,,,
3729,Trade MTL/NJD 9/20/1991,Trade,a,,,,,
3730,Trade NJD/MTL 8/22/1996,Trade,a,,,,,
3731,Trade MTL/TBL 1/15/1998,Trade,a,,,,,
3732,Trade PIT/NJD 3/19/2002,Trade,a,,,,,
3733,1984 29th Overall,Draft Pick,a,,,,,
3734,Eric Staal,Unsigned,a,,,,,
3735,Trade CAR/NYR 2/28/2016,Trade,a,,,,,
3736,Lias Andersson,Unsigned,a,,,,,
3737,2017 7th Overall,Draft Pick,a,,,,,
3738,Tom Chorske,Unsigned,,,,,,
3739,Trade NYI/WSH 10/16/1998,Trade,,,,,,
3740,Trade WSH/CGY 3/22/1999,Trade,,,,,,
3741,Alexander Edler,Unsigned,,,,,,
3742,2004 91st Overall,Draft Pick,,,,,,
3743,Trade SJS/DAL 6/26/2004,Trade,,,,,,
3744,Trade DAL/VAN 6/26/2004,Trade,,,,,,
3745,Joseph Cramarossa,Unsigned,,,,,,
3746,2011 65th Overall,Draft Pick,,,,,,
3747,Trade NYI/ANA 7/30/2010,Trade,,,,,,
3748,Trade PIT/CHI 11/20/2019,Trade,,,,,,
3749,Roland Melanson,Unsigned,,,,,,
3750,Trade NYI/MNS 11/19/1984,Trade,,,,,,
3751,Trade MNS/NYR 12/9/1985,Trade,,,,,,
3752,Trade NYR/LAK 12/9/1985,Trade,,,,,,
3753,Steven Fogarty,Unsigned,,,,,,
3754,2011 72nd Overall,Draft Pick,,,,,,
3755,Trade STL/NYR 6/25/2011,Trade,,,,,,
3756,Paul Coffey,HOF,,,,,,
3757,Trade EDM/PIT 11/24/1987,Trade,,,,,,
3758,Trade PIT/LAK 2/19/1992,Trade,,,,,,
3759,Trade LAK/DET 1/29/1993,Trade,,,,,,
3760,Trade DET/HFD 10/9/1996,Trade,,,,,,
3761,Trade PIT/CHI 6/27/1998,Trade,,,,,,
3762,Trade CHI/CAR 12/29/1998,Trade,,,,,,
3763,Damien Giroux,Unsigned,,,,,,
3764,2018 155th Overall,Draft Pick,,,,,,
3765,Trade WSH/MIN 6/14/2017,Trade,,,,,,
3766,Wayne Van Dorp,Unsigned,,,,,,
3767,Trade BUF/EDM 3/6/1987,Trade,,,,,,
3768,Trade PIT/BUF 9/30/1988,Trade,,,,,,
3769,Trade BUF/CHI 2/16/1989,Trade,,,,,,
3770,Nick Swaney,Unsigned,,,,,,
3771,Frederic Allard,Unsigned,,,,,,
3772,Trade LAK/NSH 3/21/2022,Trade,,,,,,
3773,Trade MTL/LAK 3/3/2023,Trade,,,,,,
3774,Tyler Graovac,Unsigned,,,,,,
3775,Alex Belzile,MTL,a,,,,,
3776,Sylvain Couturier,Unsigned,,,,,,
3777,1986 65th Overall,Draft Pick,a,,,,,
3778,Trade PHI/LAK 10/11/1985,Trade,a,,,,,
3779,Sean Farrell,MTL,a,,,,,
3780,2020 124th Overall (Farrell),Draft Pick,a,,,,,
3781,Steve Seguin,Unsigned,,,,,,
3782,Joel Teasdale,Unsigned,,,,,,
3783,Paul Guay,Unsigned,,,,,,
3784,Trade PHI/MNS 2/23/1984,Trade,,,,,,
3785,Trade BOS/LAK 11/3/1988,Trade,,,,,,
3786,Chris Wideman,Unsigned,,,,,,
3787,Trade FLA/PIT 2/25/2019,Trade,,,,,,
3788,Mark Borowiecki,Unsigned,,,,,,
3789,Paul Holmgren,Unsigned,,,,,,
3790,Jordan Gross,Unsigned,,,,,,
3791,Paul Carey,Unsigned,a,,,,,
3792,Trade BOS/OTT 1/11/2019,Trade,a,,,,,
3793,Eeli Tolvanen,SEA,a,,,,,
3794,Patrik Nemeth,Unsigned,a,,,,,
3795,Trade COL/DET 4/9/2021,Trade,a,,,,,
3796,Paul Byron,Unsigned,a,,,,,
3797,Aaron Dell,Unsigned,,,,,,
3798,Patrik Puistola,Unsigned,,,,,,
3799,2019 73rd Overall,Draft Pick,,,,,,
3800,Trade MIN/CAR 6/22/2019,Trade,,,,,,
3801,Aidan McDonough,Unsigned,,,,,,
3802,Patrik Hersley,Unsigned,,,,,,
3803,Alex Chiasson,Unsigned,,,,,,
3804,Trade CGY/OTT 6/27/2016,Trade,,,,,,
3805,Patrik Berglund,Unsigned,,,,,,
3806,2006 25th Overall,Draft Pick,a,,,,,
3807,Trade NJD/STL 6/24/2006,Trade,a,,,,,
3808,Andreas Johnsson,Unsigned,a,,,,,
3909,Patrick Traverse,Unsigned,,,,,,
3910,Trade OTT/ANA 6/12/2000,Trade,a,,,,,
3911,Trade BOS/MTL 2/21/2001,Trade,a,,,,,
3912,Trade MTL/SJS 12/15/2006,Trade,a,,,,,
3913,Andrew Agozzino,UTH,a,,,,,
3914,Trade ANA/SJS 6/27/2023,Trade,a,,,,,
3915,Patrick Sieloff,Unsigned,a,,,,,
3916,2012 42nd Overall,Draft Pick,a,,,,,
3917,Trade ANA/OTT 2/25/2019,Trade,a,,,,,
3918,Trade ANA/TBL 12/30/2019,Trade,a,,,,,
3919,Andy Andreoff,Unsigned,,,,,,
3920,Patrick Sharp,Unsigned,,,,,,
3921,Trade CHI/DAL 7/10/2015,Trade,,,,,,
3922,2001 95th Overall,Draft Pick,,,,,,
3923,Trade NSH/DET 6/24/2000,Trade,,,,,,
3924,Trade PHI/NSH 9/29/2000,Trade,,,,,,
3925,Arnaud Durandeau,Unsigned,a,,,,,
3926,Trade NJD/NYI 11/26/2023,Trade,,,,,,
3927,2017 165th Overall,Draft Pick,,,,,,
3928,Trade LAK/NYI 6/24/2017,Trade,,,,,,
3929,Tyce Thompson,Unsigned,a,,,,,
3930,Ben Harpur,Unsigned,a,,,,,
3931,Trade TOR/NSH 2/22/2002,Trade,a,,,,,
3932,Eduards Tralmaks,DET,a,,,,,
3933,Stevie Leskovar,MIN,a,,,,,
3934,Gleb Veremyev,NYI,a,,,,,
3935,Cameron Lund,SJS,a,,,,,
3936,2022 34th Overall,Draft Pick,a,,,,,
3937,Brogan Rafferty,Unsigned,a,,,,,
3938,Brian Elliott,Unsigned,a,,,,,
3939,Trevor Daley,Unsigned,,,,,,
3940,Trade CHI/PIT 12/14/2015,Trade,,,,,,
3941,CJ Suess,Unsigned,,,,,,
3942,Stephen Johns,Unsigned,,,,,,
3943,Christian Wolanin,Unsigned,,,,,,
3944,2015 107th Overall,Draft Pick,,,,,,
3945,Trade PIT/TOR 2/25/2015,Trade,,,,,,
3946,Trade TOR/EDM 6/27/2015,Trade,,,,,,
3947,Trade EDM/OTT 6/27/2015,Trade,,,,,,
3948,Cole Bardreau,Unsigned,,,,,,
3949,Zach Sill,Unsigned,,,,,,
3950,Collin Delia,Unsigned,a,,,,,
3951,Travis Ewanyk,Unsigned,,,,,,
3952,2011 74th Overall,Draft Pick,a,,,,,
3953,Trade CGY/EDM 3/3/2010,Trade,a,,,,,
3954,Derick Brassard,Unsigned,a,,,,,
3955,Trade PHI/EDM 3/21/2022,Trade,a,,,,,
3956,Steve Staios,Unsigned,,,,,,
3957,Trade STL/BOS 3/8/1996,Trade,a,,,,,
3958,Trade ATL/NJD 6/12/2000,Trade,a,,,,,
3959,1991 27th Overall,Draft Pick,a,,,,,
3960,Trade WIN/STL 6/17/1989,Trade,a,,,,,
3961,Dillon Heatherington,Unsigned,a,,,,,
3962,2013 50th Overall,Draft Pick,a,,,,,
3963,Trade PIT/SJS 6/30/2013,Trade,a,,,,,
3964,Tyler Kennedy,Unsigned,,,,,,
3965,Trade NYI/SJS 3/2/2015,Trade,a,,,,,
3966,Dysin Mayo,CBJ,a,,,,,
3967,Steve Leach,Unsigned,,,,,,
3968,Trade BOS/WSH 6/21/1991,Trade,,,,,,
3969,1984 34th Overall,Draft Pick,,,,,,
3970,Trade MNS/WSH 7/6/1983,Trade,,,,,,
3971,Trade BOS/STL 6/27/1997,Trade,,,,,,
3972,Elliot Desnoyers,Unsigned,,,,,,
3973,2020 135th Overall,Draft Pick,,,,,,
3974,Trade NSH/PHI 10/7/2020,Trade,,,,,,
3975,Ryan Garbutt,Unsigned,,,,,,
3976,Trade CHI/ANA 1/21/2016,Trade,,,,,,
3977,Erik Kallgren,Unsigned,,,,,,
3978,Rob Scuderi,Unsigned,,,,,,
3979,Trade CHI/LAK 2/26/2016,Trade,,,,,,
3980,1998 134th Overall,Draft Pick,,,,,,
3981,Trade PIT/BUF 9/24/1997,Trade,,,,,,
3982,Evgeny Svechnikov,Unsigned,,,,,,
3983,Randy Burridge,Unsigned,,,,,,
3984,Trade WSH/LAK 2/10/1995,Trade,,,,,,
3985,Gabriel Carlsson,Unsigned,,,,,,
3986,2015 29th Overall,Draft Pick,,,,,,
3987,Warren Rychel,Unsigned,,,,,,
3988,Trade CHI/WIN 7/22/1991,Trade,,,,,,
3989,Trade WIN/MNS 12/30/1991,Trade,,,,,,
3990,Trade TOR/WSH 2/10/1995,Trade,,,,,,
3991,Trade COL/TOR 10/2/1995,Trade,,,,,,
3992,Trade ANA/COL 3/24/1998,Trade,,,,,,
3993,Hayden Hodgson,OTT,a,,,,,
3994,Troy Murray,Unsigned,,,,,,
3995,Trade CHI/WIN 2/21/1993,Trade,,,,,,
3996,Trade CHI/OTT 3/11/1994,Trade,,,,,,
3997,Trade OTT/PIT 4/7/1995,Trade,,,,,,
3998,Henrik Borgstrom,Unsigned,a,,,,,
3999,Tony Joseph,Unsigned,,,,,,
4000,Trade WIN/MNS 10/15/1991,Trade,,,,,,
4001,Jackson Cates,Unsigned,,,,,,
4002,Tyler Larter,Unsigned,,,,,,
4003,Trade WSH/WIN 5/21/1991,Trade,,,,,,
4004,Jacob Larsson,Unsigned,,,,,,
4005,Steve Bancroft,Unsigned,a,,,,,
4006,Trade TOR/BOS 11/9/1990,Trade,a,,,,,
4007,Trade BOS/CHI 1/8/1992,Trade,a,,,,,
4008,1989 21st Overall,Draft Pick,a,,,,,
4009,Trade CGY/PHI 8/26/1987,Trade,a,,,,,
4010,Trade PHI/TOR 3/6/1989,Trade,a,,,,,
4011,Jake Muzzin,Unsigned,,,,,,
4012,Simon Wheeldon,Unsigned,,,,,,
4013,Trade WIN/NYR 7/9/1990,Trade,a,,,,,
4014,Jaroslav Halak,Unsigned,a,,,,,
4015,Rob Cimetta,Unsigned,,,,,,
4016,Jean-Sebastien Dea,Unsigned,,,,,,
4017,Patrick Poulin,Unsigned,,,,,,
4018,Trade HFD/CHI 11/2/1993,Trade,,,,,,
4019,Trade CHI/TBL 3/20/1996,Trade,,,,,,
4020,Jesper Froden,Unsigned,,,,,,
4021,Steve Larmer,Unsigned,,,,,,
4022,Trade NYR/HFD 11/2/1993,Trade,,,,,,
4023,Jett Alexander,Unsigned,,,,,,
4024,Patrick O'Sullivan,Unsigned,,,,,,
4025,Trade EDM/CAR 3/4/2009,Trade,,,,,,
4026,Trade EDM/PHX 6/30/2010,Trade,,,,,,
4027,Jordie Benn,Unsigned,,,,,,
4028,Trade DAL/MTL 2/27/2017,Trade,a,,,,,
4029,Trade VAN/WPG 4/12/2021,Trade,a,,,,,
4030,Patrick Marleau,Unsigned,a,,,,,
4031,Trade PIT/SJS 2/24/2020,Trade,a,,,,,
4032,Josh Archibald,Unsigned,,,,,,
4033,Trade PIT/ARI 12/19/2017,Trade,,,,,,
4034,Sean Maguire,Unsigned,,,,,,
4035,Josh Leivo,Unsigned,,,,,,
4036,2011 86th Overall,Draft Pick,,,,,,
4037,Trade PHI/TOR 2/14/2011,Trade,,,,,,
4038,Patrick Holland,Unsigned,,,,,,
4039,Josh Bailey,Unsigned,a,,,,,
4040,2008 9th Overall,Draft Pick,a,,,,,
4041,Trade FLA/NSH 6/22/2007,Trade,a,,,,,
4042,Trade NSH/NYI  6/20/2008,Trade,a,,,,,
4043,Tomas Vokoun,Unsigned,,,,,,
4044,Trade WSH/PIT 6/4/2012,Trade,,,,,,
4045,Justin Braun,Unsigned,,,,,,
4046,Trade PHI/NYR 3/21/2022,Trade,a,,,,,
4047,2007 201st Overall,Draft Pick,a,,,,,
4048,Trade PIT/SJS 2/27/2007,Trade,a,,,,,
4049,Patrick Eaves,Unsigned,a,,,,,
4050,Trade CAR/OTT 2/11/2008,Trade,a,,,,,
4051,Trade CAR/BOS 7/24/2009,Trade,a,,,,,
4052,Karson Kuhlman,Unsigned,,,,,,
4053,Patrice Cormier,Unsigned,,,,,,
4054,2008 54th Overall,Draft Pick,a,,,,,
4055,Trade WSH/NJD 6/20/2008,Trade,a,,,,,
4056,Kevin Mandolese,Unsigned,a,,,,,
4057,Trade COL/OTT 7/15/2024,Trade,a,,,,,
4058,Pat Rissmiller,Unsigned,,,,,,
4059,Trade NYR/ATL 8/2/2010,Trade,,,,,,
4060,Kyle Criscuolo,Unsigned,,,,,,
4061,Trade DET/SJS 1/18/2023,Trade,,,,,,
4062,Todd White,Unsigned,,,,,,
4063,Trade OTT/MIN 7/30/2005,Trade,,,,,,
4064,Laurent Dauphin,Unsigned,,,,,,
4065,Trade ARI/NSH 2/8/2019,Trade,,,,,,
4066,2013 39th Overall,Draft Pick,,,,,,
4067,Pat Lafontaine,HOF,,,,,,
4068,Trade BUF/NYR 9/29/1997,Trade,a,,,,,
4069,1983 3rd Overall,Draft Pick,a,,,,,
4070,Trade CRL/NYI 10/1/1981,Trade,a,,,,,
4071,Libor Hajek,Unsigned,a,,,,,
4072,2016 37th Overall,Draft Pick,a,,,,,
4073,Dalibor Dvorsky,STL,a,,,,,
4074,Mac Hollowell,Unsigned,a,,,,,
4075,Pat Falloon,Unsigned,,,,,,
4076,Trade SJS/PHI 11/16/1995,Trade,a,,,,,
4077,Matt Irwin,Unsigned,a,,,,,
4078,Pascal Leclaire,Unsigned,,,,,,
4079,Matt Luff,STL,a,,,,,
4080,Pascal Dupuis,Unsigned,,,,,,
4081,Trade NYR/MIN 2/9/2007,Trade,,,,,,
4082,Trade PIT/ATL 2/26/2008,Trade,,,,,,
4083,Nathan Smith (1998),Unsigned,a,,,,,
4084,Trade ARI/WIN 3/21/2022,Trade,,,,,,
4085,Par Lindholm,Unsigned,,,,,,
4086,Nick Cicek,CGY,a,,,,,
4087,PA Parenteau,Unsigned,,,,,,
4088,Trade COL/MTL 6/30/2014,Trade,,,,,,
4089,Trade NJD/NSH 3/1/2017,Trade,,,,,,
4090,Nick Holden,Unsigned,,,,,,
4091,Trade COL/NYR 6/25/2016,Trade,,,,,,
4092,Trade BOS/NYR 2/20/2018,Trade,,,,,,
4093,Rob O'Gara,Unsigned,,,,,,
4094,Nikita Soshnikov,Unsigned,,,,,,
4095,Trade TOR/STL 2/15/2018,Trade,a,,,,,
4096,Ossi Vaananen,Unsigned,a,,,,,
4097,Otto Koivula,Unsigned,a,,,,,
4098,2016 120th Overall,Draft Pick,a,,,,,
4099,Trade PHI/NYI 6/25/2016,Trade,a,,,,,
4100,Oskari Laaksonen,Unsigned,,,,,,
4101,2017 89th Overall,Draft Pick,,,,,,
4102,Trade WSH/BUF 2/23/2016,Trade,,,,,,
4103,Robin Salo,Unsigned,,,,,,
4104,Oscar Lindberg,Unsigned,,,,,,
4105,2010 57th Overall,Draft Pick,,,,,,
4106,Trade PHX/NYR 5/8/2011,Trade,,,,,,
4107,Saku Maenalanen,Unsigned,,,,,,
4109,Semyon Der-Arguchintsev,TOR,a,,,,,
4110,2018 76th Overall,Draft Pick,,,,,,
4111,Olli Juolevi,Unsigned,,,,,,
4112,Taro Hirose,Unsigned,,,,,,
4113,Taylor Fedun,Unsigned,,,,,,
4114,Trade BUF/DAL 11/10/2018,Trade,,,,,,
4115,Thomas Greiss,Unsigned,,,,,,
4116,2004 94th Overall,Draft Pick,,,,,,
4117,Egor Sokolov,Unsigned,,,,,,
4118,2020 61st Overall,Draft Pick,,,,,,
4119,Tom Barrasso,HOF,,,,,,
4120,1983 5th Overall,Draft Pick,,,,,,
4121,Trade LAK/BUF 3/10/1981,Trade,,,,,,
4122,Trade BUF/PIT 11/12/1988,Trade,,,,,,
4123,Trade PIT/OTT 3/14/2000,Trade,,,,,,
4124,Trade TOR/CAR 3/15/2002,Trade,,,,,,
4125,Henrik Lundqvist,HOF,,,,,,
4126,Mike Vernon,HOF,a,,,,,
4127,Trade CGY/DET 6/29/1994,Trade,a,,,,,
4128,Trade DET/SJS 8/18/1997,Trade,a,,,,,
4129,Trade CGY/MIN 6/23/2000,Trade,a,,,,,
4130,1981 56th Overall,Draft Pick,a,,,,,
4131,Trade BOS/CGY 6/2/1980,Trade,a,,,,,
4132,Robert Flinton,TBL,a,,,,,
4133,2021 211th Overall,Draft Pick,a,,,,,
4134,Ayrton Martino,DAL,a,,,,,
4135,2021 73rd Overall,Draft Pick,a,,,,,
4136,Owen Say,CGY,a,,,,,
4137,Luke Haymes,TOR,a,,,,,
4138,Stephen Halliday,OTT,a,,,,,
4139,Emmitt Finnie,DET,a,,,,,
4140,Adam Brooks,Unsigned,,,,,,
4141,Adam Huska,Unsigned,a,,,,,
4142,2015 184th Overall,Draft Pick,,,,,,
4143,Alex Biega,Unsigned,,,,,,
4144,Trade VAN/DET 10/6/2019,Trade,a,,,,,
4145,Alex Formenton,OTT,a,,,,,
4146,2017 47th Overall,Draft Pick,a,,,,,
4147,Sasha Chmelevski,SJS,a,,,,,
4148,2017 185th Overall,Draft Pick,,,,,,
4149,Trade NJD/SJS 6/24/2017,Trade,,,,,,
4150,Alexander Radulov,Unsigned,,,,,,
4151,Alexander True,Unsigned,,,,,,
4152,Andrej Sekera,Unsigned,a,,,,,
4153,2004 71st Overall,Draft Pick,a,,,,,
4154,Trade PHX/BUF 3/10/2003,Trade,a,,,,,
4155,Andrej Sustr,Unsigned,a,,,,,
4156,Andrew Hammond,Unsigned,a,,,,,
4157,Trade MTL/MIN 2/12/2022,Trade,a,,,,,
4158,Trade MTL/NJD 3/21/2022,Trade,a,,,,,
4159,Andrew Ladd,Unsigned,,,,,,
4160,Trade CHI/ATL 7/1/2010,Trade,,,,,,
4161,2004 4th Overall,Draft Pick,,,,,,
4163,Trade CBJ/CAR 6/26/2004,Trade,,,,,,
4164,Andy Greene,Unsigned,,,,,,
4165,Trade NJD/NYI 2/16/2020,Trade,,,,,,
4166,Anthony Greco,Unsigned,,,,,,
4167,Trade TBL/FLA 2/20/2020,Trade,,,,,,
4168,Antoine Roussel,Unsigned,,,,,,
4169,Artemi Kniazev,Unsigned,a,,,,,
4170,2019 48th Overall,Draft Pick,a,,,,,
4171,Trade WPG/SJS 7/2/2023,Trade,a,,,,,
4172,Austin Poganski,Unsigned,,,,,,
4173,2014 110th Overall,Draft Pick,a,,,,,
4174,Ben McCartney,UTH,a,,,,,
4175,Blake Comeau,Unsigned,,,,,,
4176,Trade CBJ/CGY 4/3/2013,Trade,a,,,,,
4177,Blake Speers,Unsigned,a,,,,,
4178,Brad Richardson,Unsigned,,,,,,
4179,2003 163rd Overall,Draft Pick,,,,,,
4180,Trade COL/SJS 3/8/2003,Trade,,,,,,
4181,Trade SJS/COL 6/21/2003,Trade,,,,,,
4182,Trade COL/LAK 6/21/2008,Trade,,,,,,
4183,Braden Holtby,Unsigned,,,,,,
4184,2008 93rd Overall,Draft Pick,,,,,,
4185,Brandon Baddock,Unsigned,,,,,,
4186,Brandon Biro,Unsigned,a,,,,,
4187,Brayden Tracey,Unsigned,a,,,,,
4188,2019 29th Overall,Draft Pick,a,,,,,
4189,Brendan Guhle,Unsigned,a,,,,,
4190,2015 51st Overall,Draft Pick,a,,,,,
4191,Brendan Perlini,Unsigned,a,,,,,
4192,Brett Connolly,Unsigned,a,,,,,
4193,Brian Boyle,Unsigned,a,,,,,
4194,2003 46th Overall,Draft Pick,,,,,,
4195,Trade LAK/NYR 6/27/2009,Trade,,,,,,
4196,Trade NJD/NSH 2/6/2019,Trade,,,,,,
4197,Adam Jecho,STL,a,,,,,
4198,2024 95th Overall,Draft Pick,,,,,,
4199,Jack Williams,CBJ,a,,,,,
4200,Ethan Edwards,NJD,a,,,,,
4201,2020 120th Overall,Draft Pick,a,,,,,
4202,Lukas Fischer,STL,a,,,,,
4203,2024 56th Overall,Draft Pick,a,,,,,
4204,Trey Taylor,DAL,a,,,,,
4205,Tyler Kopff,BUF,a,,,,,
4206,Noah Beck,SJS,a,,,,,
4207,2020 194th Overall,Draft Pick,a,,,,,
4208,Trade MIN/STL 10/7/2020,Trade,a,,,,,
4209,Luca Pinelli,CBJ,a,,,,,
4210,2023 114th Overall,Draft Pick,a,,,,,
4211,Garin Bjorklund,WSH,a,,,,,
4212,Josh Filmon,NJD,a,,,,,
4213,Bryce Kindopp,Unsigned,,,,,,
4214,CJ Smith,Unsigned,,,,,,
4215,Cam Hillis,Unsigned,,,,,,
4216,Trade CHI/MTL 10/26/2022,Trade,a,,,,,
4217,Carey Price,SJS,a,,,,,
4218,Carl Hagelin,Unsigned,a,,,,,
4219,Trade NYR/ANA 6/27/2015,Trade,a,,,,,
4220,Trade LAK/WSH 2/21/2019,Trade,a,,,,,
4221,Carter Hutton,Unsigned,,,,,,
4222,Carter Rowney,Unsigned,,,,,,
4223,Cedric Paquette,Unsigned,a,,,,,
4224,Trade TBL/OTT 12/27/2020,Trade,a,,,,,
4225,Chase de Leo,Unsigned,,,,,,
4226,Trade WPG/ANA 6/30/2018,Trade,,,,,,
4227,Chase Pearson,Unsigned,,,,,,
4228,Chase Priskie,Unsigned,a,,,,,
4229,Ty Murchison,PHI,a,,,,,
4230,2021 158th Overall,Draft Pick,a,,,,,
4231,Trade WSH/PHI 4/12/2021,Trade,a,,,,,
4232,Isak Posch,COL,a,,,,,
4233,Cooper Gay,COL,a,,,,,
4234,Jared Woolley,LAK,a,,,,,
4235,2024 164th Overall,Draft Pick,a,,,,,
4236,Charlie Elick,CBJ,a,,,,,
4237,Caleb MacDonald,CBJ,a,,,,,
4238,Jakub Stancl,STL,a,,,,,
4239,Jeff Malott,LAK,a,,,,,
4240,Christian Jaros,Unsigned,,,,,,
4241,Trade OTT/SJS 1/27/2021,Trade,,,,,,
4242,Trade NJD/SJS 7/26/2021,Trade,,,,,,
4243,Cody Eakin,Unsigned,,,,,,
4244,Trade WSH/DAL 6/22/2012,Trade,,,,,,
4245,Trade VGK/WPG 2/21/2020,Trade,,,,,,
4246,Colton Sceviour,Unsigned,a,,,,,
4247,Connor Bunnaman,Unsigned,,,,,,
4248,Cooper Marody,Unsigned,,,,,,
4249,Trade PHI/EDM 3/21/2018,Trade,,,,,,
4250,Cory Schneider,Unsigned,,,,,,
4251,Danny DeKeyser,Unsigned,,,,,,
4252,Danny O'Regan,Unsigned,a,,,,,
4253,Dean Kukan,Unsigned,,,,,,
4254,Dmitrij Jaskin,Unsigned,,,,,,
4255,Dmitri Samorukov,Unsigned,,,,,,
4256,Cameron Whitehead,VGK,a,,,,,
4257,2022 128th Overall,Draft Pick,a,,,,,
4258,Trade MTL/VGK 7/8/2022,Trade,a,,,,,
4259,Olivier Rodrigue,Unsigned,,,,,,
4260,2018 62nd Overall,Draft Pick,a,,,,,
4261,Brady Stonehouse,EDM,a,,,,,
4262,Dominik Simon,Unsigned,,,,,,
4263,Duncan Keith,Unsigned,a,,,,,
4264,Dustin Brown,Unsigned,,,,,,
4265,Dylan Sikura,Unsigned,,,,,,
4266,Trade CHI/VGK 9/28/2020,Trade,,,,,,
4267,Trade CHI/ANA 3/2/2023,Trade,,,,,,
4268,Ethan Prow,Unsigned,,,,,,
4269,Filip Hallander,PIT,a,,,,,
4270,2018 58th Overall,Draft Pick,,,,,,
4271,Frederik Gauthier,Unsigned,,,,,,
4272,Fredrik Claesson,Unsigned,,,,,,
4273,Gabriel Landeskog,COL,a,,,,,
4274,Garret Sparks,Unsigned,,,,,,
4275,Trade VGK/TOR 7/23/2019,Trade,,,,,,
4276,Garrett Pilon,OTT,a,,,,,
4277,2016 87th Overall,Draft Pick,,,,,,
4278,Gerry Mayhew,Unsigned,,,,,,
4279,Greg McKegg,Unsigned,,,,,,
4280,Trade CAR/PIT 2/26/2018,Trade,a,,,,,
4281,Greg Pateryn,Unsigned,a,,,,,
4282,Trade MTL/TOR 7/3/2008,Trade,a,,,,,
4283,Trade SJS/COL 4/10/2021,Trade,a,,,,,
4284,Gregory Hofmann,Unsigned,,,,,,
4285,Trade CBJ/CAR 2/13/2021,Trade,,,,,,
4286,Harri Sateri,Unsigned,,,,,,
4287,2008 106th Overall,Draft Pick,a,,,,,
4288,Hugo Alnefelt,TBL,a,,,,,
4289,2019 71st Overall,Draft Pick,a,,,,,
4290,Hunter Drew,Unsigned,,,,,,
4291,Isaac Ratcliffe,Unsigned,a,,,,,
4292,2017 35th Overall,Draft Pick,a,,,,,
4293,Trade ARI/PHI 6/24/2017,Trade,a,,,,,
4294,Jack Ahcan,COL,a,,,,,
4295,Jack LaFontaine,Unsigned,,,,,,
4296,2016 75th Overall,Draft Pick,,,,,,
4297,Trade BOS/CAR 2/29/2016,Trade,,,,,,
4298,Jacob Perreault,Unsigned,,,,,,
4299,2020 27th Overall,Draft Pick,,,,,,
4300,Trade MTL/EDM 12/6/2024,Trade,,,,,,
4301,Jakub Galvas,Unsigned,,,,,,
4302,James Neal,Unsigned,a,,,,,
4303,Janne Kuokkanen,Unsigned,,,,,,
4304,Jason Spezza,Unsigned,,,,,,
4305,2001 2nd Overall,Draft Pick,,,,,,
4306,Trade OTT/NYI 6/23/2001,Trade,,,,,,
4307,Jasper Weatherby,Unsigned,,,,,,
4308,2018 102nd Overall,Draft Pick,,,,,,
4309,Trade MTL/EDM 1/4/2018,Trade,,,,,,
4310,Trade MTL/SJS 6/23/2018,Trade,,,,,,
4311,Jay Beagle,Unsigned,,,,,,
4312,Jayden Halbgewachs,Unsigned,,,,,,
4313,Jean-Francois Berube,Unsigned,,,,,,
4314,2009 95th Overall,Draft Pick,,,,,,
4315,Trade CHI/CBJ 6/27/2018,Trade,,,,,,
4316,Joe Thornton,Unsigned,,,,,,
4317,Joey Keane,Unsigned,a,,,,,
4318,2018 88th Overall,Draft Pick,a,,,,,
4319,Johan Larsson,Unsigned,a,,,,,
4320,Trade ARI/WSH 3/21/2022,Trade,a,,,,,
4321,2010 56th Overall,Draft Pick,a,,,,,
4322,Trade WSH/MIN 3/3/2010,Trade,a,,,,,
4323,John Moore,Unsigned,a,,,,,
4324,2009 21st Overall,Draft Pick,a,,,,,
4325,Trade ANA/PHI 6/26/2009,Trade,a,,,,,
4326,Jon Lizotte,Unsigned,,,,,,
4327,Jonathan Bernier,Unsigned,a,,,,,
4328,Jonathan Dahlen,Unsigned,,,,,,
4329,Trade VAN/OTT 2/27/2017,Trade,,,,,,
4330,Trade VAN/SJS 2/25/2019,Trade,,,,,,
4331,Joonas Donskoi,Unsigned,,,,,,
4332,2010 99th Overall,Draft Pick,a,,,,,
4333,Josef Korenar,Unsigned,a,,,,,
4334,Juho Lammikko,NJD,a,,,,,
4335,2014 65th Overall,Draft Pick,a,,,,,
4336,Juuso Riikola,Unsigned,,,,,,
4337,Jimmy Snuggerud,STL,a,,,,,
4338,Karsen Dorwart,PHI,a,,,,,
4339,Harrison Brunicke,PIT,a,,,,,
4340,2024 44th Overall,Draft Pick,a,,,,,
4341,Kasper Bjorkqvist,Unsigned,a,,,,,
4342,2016 61st Overall,Draft Pick,a,,,,,
4343,Keith Yandle,Unsigned,a,,,,,
4344,Kevin Connauton,UTH,a,,,,,
4345,Trade VAN/DAL 4/2/2013,Trade,a,,,,,
4346,Kirill Semyonov,Unsigned,,,,,,
4347,Kole Sherwood,Unsigned,,,,,,
4348,Kris Russell,Unsigned,,,,,,
4349,Trade STL/CGY 7/5/2013,Trade,,,,,,
4350,Kristian Reichel,Unsigned,,,,,,
4351,Kristian Vesalainen,WPG,a,,,,,
4352,2017 24th Overall,Draft Pick,a,,,,,
4353,Kristians Rubins,Unsigned,,,,,,
4354,Kurtis Gabriel,Unsigned,,,,,,
4355,2013 81st Overall,Draft Pick,,,,,,
4356,Trade SJS/MIN 8/7/2011,Trade,,,,,,
4357,Trade TOR/CHI 12/9/2021,Trade,,,,,,
4358,Kyle Clifford,Unsigned,,,,,,
4359,Kyle Rau,Unsigned,a,,,,,
4360,Kyle Turris,Unsigned,a,,,,,
4361,Lassi Thomson,OTT,a,,,,,
4362,2019 19th Overall,Draft Pick,a,,,,,
4363,Leo Komarov,Unsigned,,,,,,
4364,2006 180th Overall,Draft Pick,,,,,,
4365,Trade DAL/TOR 11/6/2005,Trade,,,,,,
4366,Linus Hogberg,Unsigned,,,,,,
4367,Linus Sandin,Unsigned,,,,,,
4368,Logan Shaw,Unsigned,,,,,,
4369,2011 76th Overall,Draft Pick,,,,,,
4370,Trade FLA/NYR 2/26/2011,Trade,,,,,,
4371,Loui Eriksson,Unsigned,,,,,,
4372,2003 33rd Overall,Draft Pick,,,,,,
4373,Trade CBJ/DAL 8/29/2001,Trade,,,,,,
4374,Lukas Vejdemo,Unsigned,,,,,,
4375,Luke Witkowski,Unsigned,,,,,,
4376,2008 160th Overall,Draft Pick,a,,,,,
4377,Trade TBL/CHI 2/27/2007,Trade,a,,,,,
4378,Madison Bowey,Unsigned,a,,,,,
4379,Mark Pysyk,Unsigned,a,,,,,
4380,Markus Nutivaara,Unsigned,,,,,,
4381,Trade CBJ/FLA 10/8/2020,Trade,a,,,,,
4382,Mason Geertsen,BUF,a,,,,,
4383,Mathieu Perreault,Unsigned,,,,,,
4384,2006 177th Overall,Draft Pick,,,,,,
4385,Trade WSH/BUF 7/30/2005,Trade,,,,,,
4386,Trade WSH/ANA 9/29/2013,Trade,,,,,,
4387,Matt Tennyson,Unsigned,,,,,,
4388,Matthew Peca,Unsigned,,,,,,
4389,2011 201st Overall (Peca),Draft Pick,,,,,,
4390,Mattias Norlinder,Unsigned,,,,,,
4391,2019 64th Overall,Draft Pick,,,,,,
4392,Maxim Mamin,Unsigned,,,,,,
4393,2016 175th Overall,Draft Pick,,,,,,
4394,Trade ANA/FLA 2/29/2016,Trade,,,,,,
4395,Maxime Lagace,Unsigned,,,,,,
4396,Michael Dal Colle,Unsigned,,,,,,
4397,Michael Del Zotto,Unsigned,a,,,,,
4398,Trade NSH/NYR 1/22/2014,Trade,a,,,,,
4399,Trade ANA/STL 2/25/2019,Trade,a,,,,,
4400,Michael Houser,Unsigned,,,,,,
4401,Michael McNiven,Unsigned,,,,,,
4402,Michael Raffl,Unsigned,,,,,,
4403,Michal Kempny,Unsigned,,,,,,
4404,Mike Smith,Unsigned,,,,,,
4405,Trade TBL/DAL 2/26/2008,Trade,,,,,,
4406,Trade ARI/CGY 6/17/2017,Trade,,,,,,
4407,Mike Vecchione,Unsigned,,,,,,
4408,Mikko Koskinen,Unsigned,,,,,,
4409,Nate Thompson,Unsigned,,,,,,
4410,Trade TBL/ANA 6/29/2014,Trade,a,,,,,
4411,Trade OTT/LAK 2/13/2018,Trade,a,,,,,
4412,Trade LAK/MTL 2/11/2019,Trade,a,,,,,
4413,Trade PHI/MTL 2/24/2020,Trade,a,,,,,
4414,Oliver Moore,CHI,a,,,,,
4415,2023 19th Overall,Draft Pick,a,,,,,
4416,Sam Rinzel,CHI,a,,,,,
4417,2022 25th Overall,Draft Pick,a,,,,,
4418,Matthew Wood,NSH,a,,,,,
4419,Nick Merkley,Unsigned,a,,,,,
4420,Trade SJS/NYR 3/21/2022,Trade,a,,,,,
4421,2015 30th Overall,Draft Pick,a,,,,,
4422,Trade CHI/ARI 2/28/2015,Trade,a,,,,,
4423,Nick Abruzzese,TBL,a,,,,,
4424,2019 124th Overall,Draft Pick,a,,,,,
4425,Nicolas Beaudin,Unsigned,,,,,,
4426,2018 27th Overall,Draft Pick,a,,,,,
4427,Nicolas Meloche,Unsigned,a,,,,,
4428,Trade COL/SJS 9/27/2019,Trade,a,,,,,
4429,Nolan Patrick,Unsigned,,,,,,
4430,Paul LaDue,Unsigned,,,,,,
4431,Petteri Lindbohm,Unsigned,,,,,,
4432,Remi Elie,Unsigned,,,,,,
4433,Riley Damiani,Unsigned,,,,,,
4434,Trade CGY/DAL 3/7/2024,Trade,,,,,,
4435,Rocco Grimaldi,Unsigned,,,,,,
4436,Trade COL/FLA 6/23/2016,Trade,,,,,,
4437,Ryan Getzlaf,Unsigned,,,,,,
4438,Ryan MacInnis,Unsigned,,,,,,
4439,Trade CBJ/ARI 7/18/2018,Trade,,,,,,
4440,Sami Niku,Unsigned,,,,,,
4441,Sean Day,Unsigned,,,,,,
4442,Seth Griffith,Unsigned,,,,,,
4443,2012 131st Overall,Draft Pick,,,,,,
4444,Trade TBL/BOS 6/23/2012,Trade,,,,,,
4445,Stefan Matteau,Unsigned,,,,,,
4446,Trade MTL/NJD 2/29/2016,Trade,,,,,,
4447,Tanner Kero,Unsigned,,,,,,
4448,Trade CHI/VAN 6/24/2018,Trade,,,,,,
4449,Thomas Hickey,Unsigned,,,,,,
4450,Trade CAR/TBL 3/30/2025,Trade,a,,,,,
4451,Connor Kurth,TBL,a,,,,,
4452,Tim Gettinger,Unsigned,a,,,,,
4453,Thomas Hodges,Unsigned,,,,,,
4454,Tuukka Rask,Unsigned,,,,,,
4455,Trade BOS/TOR 6/24/2006,Trade,,,,,,
4456,Tyler Bozak,Unsigned,,,,,,
4457,Tyler Lewington,Unsigned,,,,,,
4458,Viktor Lodin,Unsigned,,,,,,
4459,Vladimir Tkachev,Unsigned,,,,,,
4460,Wyatt Kalynuk,Unsigned,,,,,,
4461,2017 196th Overall,Draft Pick,a,,,,,
4462,Trade PHI/TBL 3/1/2017,Trade,a,,,,,
4463,Zachary Sawchenko,CBJ,a,,,,,
4464,Zach Fucale,Unsigned,,,,,,
4465,2013 36th Overall,Draft Pick,,,,,,
4466,Zack Hayes,Unsigned,,,,,,
4467,Trade CAR/NJD 3/10/2023,Trade,,,,,,
4468,Zdeno Chara,Unsigned,,,,,,
4469,Daniel Alfredsson,HOF,,,,,,
4470,Daniel Sedin,HOF,,,,,,
4471,Henrik Sedin,HOF,,,,,,
4472,1999 2rd Overall,Draft Pick,,,,,,
4473,Trade ATL/VAN 6/26/1999,Trade,,,,,,
4474,Aaron Ness,Unsigned,,,,,,
4475,2008 40th Overall,Draft Pick,a,,,,,
4476,Alexander Volkov,Unsigned,a,,,,,
4477,2017 48th Overall,Draft Pick,a,,,,,
4478,Trade TBL/ANA 3/24/2021,Trade,a,,,,,
4479,Andreas Borgman,Unsigned,,,,,,
4480,Trade STL/TOR 7/25/2019,Trade,a,,,,,
4481,Andrew Shaw,Unsigned,a,,,,,
4482,Anthony Bitetto,Unsigned,,,,,,
4483,Artem Anisimov,Unsigned,a,,,,,
4484,Trade CHI/OTT 7/16/2019,Trade,a,,,,,
4485,Bobby Ryan,Unsigned,a,,,,,
4486,Brandon Sutter,Unsigned,a,,,,,
4487,Braydon Coburn,Unsigned,,,,,,
4488,Trade PHI/ATL 2/24/2007,Trade,,,,,,
4489,Trade NYI/OTT 4/11/2021,Trade,,,,,,
4490,Carl Gunnarsson,Unsigned,,,,,,
4491,Carl Soderberg,Unsigned,a,,,,,
4492,Trade STL/BOS 7/23/2007,Trade,,,,,,
4493,Trade CHI/COL 4/12/2021,Trade,,,,,,
4494,Carsen Twarynski,Unsigned,,,,,,
4495,2016 82nd Overall,Draft Pick,,,,,,
4496,Christian Djoos,Unsigned,,,,,,
4497,2012 195th Overall,Draft Pick,a,,,,,
4498,Trade WSH/CGY 7/17/2009,Trade,a,,,,,
4499,Christopher Gibson,Unsigned,a,,,,,
4500,Curtis McElhinney,Unsigned,a,,,,,
4501,Trade CGY/ANA 3/3/2010,Trade,a,,,,,
4502,Trade ANA/TBL 2/24/2011,Trade,a,,,,,
4503,Dan Ellis,Unsigned,,,,,,
4504,Trade MTL/NSH 6/29/2010,Trade,,,,,,
4505,Trade FLA/DAL 3/5/2014,Trade,,,,,,
4506,Tim Thomas,Unsigned,,,,,,
4507,Sergei Kostitsyn,Unsigned,,,,,,
4508,Dustin Boyd,Unsigned,,,,,,
4509,2004 98th Overall,Draft Pick,,,,,,
4510,Trade TBL/CBJ 1/27/2004,Trade,,,,,,
4511,Trade CBJ/CGY 6/26/2004,Trade,,,,,,
4512,Trade CGY/NSH 3/3/2010,Trade,,,,,,
4513,Bill Arnold,Unsigned,,,,,,
4514,2010 108th Overall,Draft Pick,,,,,,
4515,Daniel Carr,Unsigned,,,,,,
4516,Zack Smith,Unsigned,,,,,,
4517,Valtteri Filppula,Unsigned,a,,,,,
4518,2002 95th Overall,Draft Pick,a,,,,,
4519,Trade BOS/ANA 3/5/2002,Trade,a,,,,,
4520,Trade ANA/NSH 6/22/2002,Trade,a,,,,,
4521,Trade NSH/DET 6/23/2002,Trade,a,,,,,
4522,Grigory Shafigulin,Unsigned,a,,,,,
4523,2003 98th Overall,Draft Pick,a,,,,,
4524,Joffrey Lupul,Unsigned,x,,,,,
4525,Trade PHI/EDM 7/1/2007,Trade,,,,,,
4526,Trade ANA/TOR 2/9/2011,Trade,,,,,,
4527,Fredrik Bergvik,Unsigned,,,,,,
4528,2013 117th Overall,Draft Pick,a,,,,,
4529,Daniel Walcott,Unsigned,a,,,,,
4530,2014 140th Overall,Draft Pick,a,,,,,
4531,Trade TBL/NYR 6/28/2014,Trade,a,,,,,
4532,Trade NYR/TBL 6/1/2015,Trade,a,,,,,
4533,David Gucciardi,WSH,a,,,,,
4534,Guillaume Richard,CBJ,a,,,,,
4535,Taylor Makar,COL,a,,,,,
4536,Gabe Perreault,NYR,a,,,,,
4537,Harrison Scott,DAL,a,,,,,
4538,Hiroki Gojsic,NSH,a,,,,,
4539,2024 94th Overall,Draft Pick,a,,,,,
4540,Trade DAL/NSH 6/29/2023,Trade,a,,,,,
4541,Kalan Lind,NSH,a,,,,,
4542,2023 46th Overall,Draft Pick,a,,,,,
4543,Ryan Leonard,WSH,a,,,,,
4544,Ty Young,VAN,a,,,,,
4545,Joey Larson,NYI,a,,,,,
4546,Otto Salin,LAK,a,,,,,
4547,David Backes,Unsigned,,,,,,
4548,2003 62nd Overall,Draft Pick,a,,,,,
4549,Trade TBL/STL 6/21/2003,Trade,a,,,,,
4550,Cory Stillman,Unsigned,a,,,,,
4551,Trade CGY/STL 3/13/2001,Trade,a,,,,,
4552,David Moss,Unsigned,,,,,,
4553,2001 220th Overall,Draft Pick,,,,,,
4554,Craig Conroy,Unsigned,,,,,,
4555,Trade LAK/CGY 1/29/2007,Trade,,,,,,
4556,Mitch Wahl,Unsigned,,,,,,
4557,2008 48th Overall (Wahl),Draft Pick,,,,,,
4558,Trade PHI/CGY 2/25/2013,Trade,,,,,,
4559,Mike Testwuide,Unsigned,,,,,,
4560,David Farrance,Unsigned,,,,,,
4561,David Kase,Unsigned,,,,,,
4562,Trade CAR/PHI 8/9/2023,Trade,a,,,,,
4563,Massimo Rizzo,PHI,a,,,,,
4564,2019 216th Overall,Draft Pick,a,,,,,
4565,Trade CAR/NYR 6/23/2018,Trade,a,,,,,
4566,Tim Kennedy,Unsigned,,,,,,
4567,Trade FLA/SJS 1/26/2012,Trade,,,,,,
4568,Steve Chiasson,Unsigned,,,,,,
4569,Trade CGY/HFD 3/5/1997,Trade,,,,,,
4570,Scott Parker,Unsigned,,,,,,
4571,1998 20th Overall,Draft Pick,,,,,,
4572,Trade WSH/COL 11/2/1996,Trade,,,,,,
4573,Trade COL/SJS 2/27/2007,Trade,,,,,,
4574,Ryder Rolston,NSH,a,,,,,
4575,2020 139th Overall,Draft Pick,,,,,,
4576,Trade PIT/COL 10/7/2020,Trade,,,,,,
4577,Dmytro Timashov,Unsigned,,,,,,
4578,Dominik Kahun,Unsigned,a,,,,,
4579,Drake Rymsha,Unsigned,,,,,,
4580,2017 138th Overall,Draft Pick,,,,,,
4581,Drew Shore,Unsigned,,,,,,
4582,Trade FLA/CGY 1/9/2015,Trade,,,,,,
4583,Sean Sullivan (1984),Unsigned,,,,,,
4584,Ryan Dingle,Unsigned,,,,,,
4585,Ron Tugnutt,Unsigned,,,,,,
4586,Trade QUE/EDM 3/10/1992,Trade,,,,,,
4587,Trade MTL/ANA 2/20/1994,Trade,,,,,,
4588,Trade CBJ/DAL 6/18/2002,Trade,,,,,,
4589,Rick Martin,Unsigned,,,,,,
4590,Reto Berra,Unsigned,,,,,,
4591,2006 106th Overall,Draft Pick,,,,,,
4592,Trade CAR/STL 1/30/2006,Trade,,,,,,
4593,Trade STL/CGY 4/1/2013,Trade,,,,,,
4594,Trade CGY/COL 3/5/2014,Trade,,,,,,
4595,Filip Chlapik,Unsigned,,,,,,
4596,Frans Nielsen,Unsigned,,,,,,
4597,Fredrik Handemark,Unsigned,,,,,,
4598,Gaetan Haas,Unsigned,,,,,,
4599,Gemel Smith,Unsigned,,,,,,
4600,Hunter Miska,Unsigned,,,,,,
4601,Ivan Chekhovich,Unsigned,,,,,,
4602,2017 212th Overall,Draft Pick,,,,,,
4603,Trade SJS/CHI 3/2/2015,Trade,,,,,,
4604,Stephan Lebeau,Unsigned,,,,,,
4605,Olli Jokinen,Unsigned,,,,,,
4606,Trade LAK/NYI 6/19/1999,Trade,a,,,,,
4607,Trade PHX/FLA 6/20/2008,Trade,a,,,,,
4608,Trade PHX/CGY 3/4/2009,Trade,a,,,,,
4609,Trade CGY/NYR 2/1/2010,Trade,a,,,,,
4610,Trade STL/TOR 3/2/2015,Trade,a,,,,,
4611,Oleg Tverdovsky,Unsigned,a,,,,,
4612,Trade PHX/ANA 6/26/1999,Trade,a,,,,,
4613,Trade NJD/ANA 7/6/2002,Trade,a,,,,,
4614,Oleg Kvasha,Unsigned,,,,,,
4615,1996 65th Overall,Draft Pick,,,,,,
4616,Trade VAN/FLA 3/20/1996,Trade,,,,,,
4617,Normand Lacombe,Unsigned,,,,,,
4618,Trade EDM/PHI 1/5/1990,Trade,,,,,,
4619,1983 10th Overall,Draft Pick,,,,,,
4620,Trade CGY/BUF 6/8/1982,Trade,,,,,,
4621,Jacob de la Rose,Unsigned,,,,,,
4622,2013 34th Overall,Draft Pick,,,,,,
4623,Trade NSH/MTL 2/27/2012,Trade,,,,,,
4624,Ziggy Palffy,Unsigned,,,,,,
4625,Travis Green,Unsigned,,,,,,
4626,Trade NYI/ANA 2/5/1998,Trade,,,,,,
4627,Trade PHX/TOR 6/12/2001,Trade,,,,,,
4628,Trade CBJ/BOS 10/3/2003,Trade,,,,,,
4629,Richie Dunn,Unsigned,,,,,,
4630,Trade CGY/HFD 7/5/1983,Trade,,,,,,
4631,Petr Sykora (1976),Unsigned,,,,,,
4632,Trade ANA/NYR 1/8/2006,Trade,,,,,,
4633,Norm Maciver,Unsigned,,,,,,
4634,Trade NYR/HFD 12/26/1988,Trade,a,,,,,
4635,Trade EDM/HFD 10/10/1989,Trade,a,,,,,
4636,Trade WPG/PIT 12/28/1995,Trade,a,,,,,
4637,Jake Gardiner,Unsigned,a,,,,,
4638,2008 17th Overall,Draft Pick,a,,,,,
4639,Jake Virtanen,Unsigned,,,,,,
4640,Jayce Hawryluk,Unsigned,,,,,,
4641,Joachim Blichfeld,Unsigned,,,,,,
4642,Joakim Nordstrom,Unsigned,a,,,,,
4643,Trade CHI/CAR 9/11/2015,Trade,a,,,,,
4644,Tony Tuzzolino,Unsigned,,,,,,
4645,Robert Reichel,Unsigned,,,,,,
4646,Trade CGY/NYI 3/18/1997,Trade,,,,,,
4647,Trade PHX/NYI 3/20/1999,Trade,,,,,,
4648,1989 70th Overall,Draft Pick,,,,,,
4649,Trade MNS/CGY 3/4/1989,Trade,,,,,,
4650,Nolan Stevens,Unsigned,,,,,,
4651,2016 125th Overall,Draft Pick,,,,,,
4652,Trade CBJ/STL 11/15/2014,Trade,,,,,,
4653,Nolan Schaefer,Unsigned,,,,,,
4654,2000 166th Overall,Draft Pick,,,,,,
4655,Trade DET/SJS 6/26/1999,Trade,,,,,,
4656,Nolan Burke,Unsigned,a,,,,,
4657,Joakim Nygard,Unsigned,,,,,,
4658,Joel Kellman,Unsigned,,,,,,
4659,Joel L'Esperance,Unsigned,,,,,,
4660,Josh Currie,Unsigned,,,,,,
4661,Kasimir Kaskisuo,Unsigned,,,,,,
4662,Kenny Agostino,Unsigned,,,,,,
4663,Trade CGY/PIT 3/28/2013,Trade,,,,,,
4664,Kevan Miller,Unsigned,,,,,,
4665,Tyrone Garner,Unsigned,,,,,,
4666,Shane Churla,Unsigned,,,,,,
4667,Trade HFD/CGY 1/3/1988,Trade,,,,,,
4668,Trade MNS/SJS 6/3/1991,Trade,,,,,,
4669,Trade LAK/DAL 2/17/1996,Trade,,,,,,
4670,Trade LAK/NYR 3/14/1996,Trade,,,,,,
4671,Perry Berezan,Unsigned,,,,,,
4672,1983 55th Overall,Draft Pick,a,,,,,
4673,Trade WSH/CGY 6/9/1982,Trade,a,,,,,
4674,Noel Hoefenmayer,Unsigned,a,,,,,
4675,2017 108th Overall,Draft Pick,a,,,,,
4676,Nils Juntorp,CAR,a,,,,,
4677,2022 188th Overall,Draft Pick,a,,,,,
4678,Kevin Czuczman,Unsigned,,,,,,
4679,Lean Bergmann,Unsigned,,,,,,
4680,Luca Sbisa,Unsigned,a,,,,,
4681,2008 19th Overall,Draft Pick,a,,,,,
4682,Lucas Wallmark,Unsigned,a,,,,,
4683,Luke Johnson,Unsigned,,,,,,
4684,2013 134th Overall,Draft Pick,,,,,,
4685,Marc Michaelis,Unsigned,,,,,,
4686,Spencer Smallman,WSH,a,,,,,
4687,2015 138th Overall,Draft Pick,a,,,,,
4688,Trade WPG/CAR 2/25/2015,Trade,a,,,,,
4689,Damien Carfagna,EDM,a,,,,,
4690,Callum Tung,NYR,a,,,,,
4691,Taige Harding,CHI,a,,,,,
4692,2021 91st Overall,Draft Pick,a,,,,,
4693,Trevor Connelly,VGK,a,,,,,
4694,Talyn Boyko,NYR,a,,,,,
4695,Marcus Sorensen,Unsigned,,,,,,
4696,Mark Alt,Unsigned,,,,,,
4697,2010 53rd Overall,Draft Pick,,,,,,
4698,Trade SJS/BUF 7/4/2008,Trade,,,,,,
4699,Trade CAR/SJS 2/7/2010,Trade,,,,,,
4700,Trade PHI/CAR 1/13/2013,Trade,,,,,,
4701,Ray Ferraro,Unsigned,,,,,,
4702,Trade NYI/HFD 11/13/1990,Trade,,,,,,
4703,Trade STL/ATL 3/18/2002,Trade,,,,,,
4704,Pat Riggin,Unsigned,,,,,,
4705,Trade BOS/WSH 11/14/1985,Trade,a,,,,,
4706,Trade BOS/PIT 2/6/1987,Trade,a,,,,,
4707,Nikolay Goldobin,Unsigned,a,,,,,
4708,2014 27th Overall,Draft Pick,a,,,,,
4709,Niklas Backstrom,Unsigned,,,,,,
4710,Nikita Nesterov,Unsigned,,,,,,
4711,Mathias Brome,Unsigned,,,,,,
4712,Roberto Romano,Unsigned,,,,,,
4713,Pete Peeters,Unsigned,,,,,,
4714,Trade BOS/PHI 6/9/1982,Trade,,,,,,
4715,Trade PHI/WIN 9/28/1989,Trade,,,,,,
4716,Trade PHI/WIN 10/3/1989,Trade,,,,,,
4717,1977 135th Overall,Draft Pick,,,,,,
4718,Trade PHI/PIT 3/8/1976,Trade,,,,,,
4719,Nikita Gusev,Unsigned,,,,,,
4720,2012 202nd Overall,Draft Pick,,,,,,
4721,Nikita Filatov,Unsigned,,,,,,
4722,Nikita Alexeev,Unsigned,,,,,,
4723,2000 8th Overall,Draft Pick,,,,,,
4724,Trade TBL/NYR 6/26/1999,Trade,,,,,,
4725,Matiss Kivlenieks,Unsigned,,,,,,
4726,Matt Bartkowski,Unsigned,a,,,,,
4727,Matt Calvert,Unsigned,,,,,,
4728,Maksim Sushko,Unsigned,,,,,,
4729,2017 107th Overall,Draft Pick,,,,,,
4730,Michael Chaput,Unsigned,,,,,,
4731,Trade CBJ/PHI 2/28/2011,Trade,,,,,,
4732,Trade MTL/ARI 2/25/2019,Trade,,,,,,
4733,Tom Sestito,Unsigned,,,,,,
4734,2006 85th Overall,Draft Pick,,,,,,
4735,Trade PHI/SJS 3/9/2006,Trade,,,,,,
4736,Trade SJS/CBJ 6/24/2006,Trade,,,,,,
4737,Niklas Sundstrom,Unsigned,,,,,,
4738,Trade TBL/SJS 8/4/1999,Trade,,,,,,
4739,Trade MTL/SJS 1/22/2003,Trade,,,,,,
4740,Nicolas Kerdiles,Unsigned,,,,,,
4741,Niclas Wallin,Unsigned,,,,,,
4742,2000 97th Overall,Draft Pick,,,,,,
4743,Trade ATL/CAR 6/25/2000,Trade,,,,,,
4744,Niclas Bergfors,Unsigned,,,,,,
4745,Michael Frolik,Unsigned,,,,,,
4746,Trade CHI/FLA 2/10/2011,Trade,,,,,,
4747,Steve Guolla,Unsigned,,,,,,
4748,Shawn Burr,Unsigned,,,,,,
4749,Trade DET/TBL 8/17/1995,Trade,,,,,,
4750,Trade TBL/SJS 6/21/1997,Trade,,,,,,
4751,Niko Dimitrakos,Unsigned,,,,,,
4752,1999 155th Overall,Draft Pick,a,,,,,
4753,Trade NJD/SJS 8/26/1998,Trade,a,,,,,
4754,Niklas Hjalmarsson,Unsigned,a,,,,,
4755,2005 108th Overall,Draft Pick,a,,,,,
4756,Trade CHI/NYI 3/9/2004,Trade,a,,,,,
4757,Cole O'Hara,NSH,a,,,,,
4758,Tomas Lavoie,UTH,a,,,,,
4759,2024 89th Overall,Draft Pick,a,,,,,
4760,Jackson Hallum,VGK,a,,,,,
4761,Josh Samanski,EDM,a,,,,,
4762,David Tomasek,EDM,a,,,,,
4763,Oscar Fisker Molgaard,SEA,a,,,,,
4764,Kenny Connors,LAK,a,,,,,
4765,2022 103rd Overall,Draft Pick,a,,,,,
4766,Micheal Haley,Unsigned,,,,,,
4767,Mikhail Grigorenko,Unsigned,a,,,,,
4768,Dalton Bancroft,BOS,a,,,,,
4769,Anton Lundmark,FLA,a,,,,,
4770,Jacob Fowler,MTL,a,,,,,
4771,Mikko Koivu,Unsigned,,,,,,
4772,Nicklas Grossmann,Unsigned,,,,,,
4773,Mikko Lehtonen (1994),Unsigned,,,,,,
4774,Trade CBJ/TOR 3/12/2021,Trade,,,,,,
4775,Veini Vehvilainen,Unsigned,,,,,,
4776,Nate Prosser,Unsigned,,,,,,
4777,Nick Tarnasky,Unsigned,,,,,,
4778,Trade TBL/NSH 9/29/2008,Trade,,,,,,
4779,Nathan Gerbe,Unsigned,,,,,,
4780,Jaroslav Janus,Unsigned,,,,,,
4781,2009 162nd Overall (Janus),Draft Pick,,,,,,
4782,Nick Caamano,Unsigned,,,,,,
4783,Nathaniel Day,EDM,a,,,,,
4784,Olle Alsing,Unsigned,,,,,,
4785,Nick Spaling,Unsigned,a,,,,,
4786,2007 58th Overall (Spaling),Draft Pick,a,,,,,
4787,Otto Leskinen,Unsigned,,,,,,
4788,Nicholas Shore,Unsigned,,,,,,
4789,2011 82nd Overall,Draft Pick,,,,,,
4790,Patrick Russell,Unsigned,,,,,,
4791,Pekka Rinne,Unsigned,,,,,,
4792,2004 258th Overall,Draft Pick,,,,,,
4793,Trade TBL/NSH 2/25/2004,Trade,,,,,,
4794,Timo Helbling,Unsigned,,,,,,
4795,Trade WSH/BUF 2/27/2007,Trade,,,,,,
4796,Philippe Maillet,Unsigned,,,,,,
4797,Nick Petrecki,Unsigned,,,,,,
4798,2007 28th Overall,Draft Pick,,,,,,
4799,Trade WSH/SJS 6/22/2007,Trade,,,,,,
4800,Samuel Morin,Unsigned,,,,,,
4801,Eric Mestery,Unsigned,,,,,,
4802,2008 57th Overall,Draft Pick,,,,,,
4803,Sean Malone,Unsigned,,,,,,
4804,Kevin Marshall,Unsigned,,,,,,
4805,2007 41st Overall,Draft Pick,,,,,,
4806,Trade CAR/PIT 3/9/2006,Trade,,,,,,
4807,Trade SJS/PIT 7/20/2006,Trade,,,,,,
4808,Trade WSH/PHI 6/23/2007,Trade,,,,,,
4809,Trade PHI/WSH 2/2/2012,Trade,,,,,,
4810,Trade WSH/TOR 3/14/2013,Trade,,,,,,
4811,Tomas Jurco,Unsigned,,,,,,
4812,Trade CHI/DET 2/24/2017,Trade,,,,,,
4813,Trade CAR/FLA 2/25/2019,Trade,,,,,,
4814,2011 35th Overall,Draft Pick,,,,,,
4815,Trade DET/OTT 6/24/2011,Trade,,,,,,
4816,Xavier Ouellet,Unsigned,,,,,,
4817,2011 48th Overall (Ouellet),Draft Pick,,,,,,
4818,Trade CHI/OTT 2/28/2011,Trade,,,,,,
4819,Ryan Potulny,Unsigned,,,,,,
4820,2003 87th Overall,Draft Pick,,,,,,
4821,Trade PHI/EDM 6/18/2002,Trade,,,,,,
4822,Trade PHI/EDM 6/6/2008,Trade,,,,,,
4823,Yannick Weber,Unsigned,,,,,,
4824,Danny Syvret,Unsigned,,,,,,
4825,Trade PHI/NYR 7/1/2013,Trade,,,,,,
4826,2005 81st Overall,Draft Pick,,,,,,
4827,Trade PHI/EDM 12/16/2003,Trade,,,,,,
4828,Zac Rinaldo,Unsigned,,,,,,
4829,Trade PHI/BOS 6/29/2015,Trade,,,,,,
4830,Adam Johnson,Unsigned,,,,,,
4831,Kirill Ustimenko,Unsigned,,,,,,
4832,2017 80th Overall,Draft Pick,,,,,,
4833,Adam Werner,Unsigned,,,,,,
4834,Kris Newbury,Unsigned,,,,,,
4835,Trade DET/NYR 3/3/2010,Trade,,,,,,
4836,Alan Quine,Unsigned,,,,,,
4837,Jordan Owens,Unsigned,,,,,,
4838,Aleksi Saarela,Unsigned,,,,,,
4839,Trade CHI/FLA 10/22/2019,Trade,,,,,,
4840,Ian McCoshen,Unsigned,,,,,,
4841,Alexander Steen,Unsigned,,,,,,
4842,Trade STL/TOR 11/24/2008,Trade,a,,,,,
4843,Lee Stempniak,Unsigned,a,,,,,
4844,Trade PHX/CGY 8/29/2011,Trade,a,,,,,
4845,Trade CGY/PIT 3/5/2014,Trade,a,,,,,
4846,Trade NYR/WPG 3/1/2015,Trade,a,,,,,
4847,2003 148th Overall,Draft Pick,a,,,,,
4848,Trade PHX/STL 6/21/2003,Trade,a,,,,,
4849,Kieron Walton,WPG,a,,,,,
4850,Ludwig Persson,WSH,a,,,,,
4851,Carter George,LAK,a,,,,,
4852,2024 57th Overall (George),Draft Pick,a,,,,,
4853,Trade MTL/LAK 6/28/2024,Trade,a,,,,,
4854,Connor Clattenburg,EDM,a,,,,,
4855,Alexander Yelesin,Unsigned,,,,,,
4856,James Reeder,LAK,a,,,,,
4857,2024 198th Overall,Draft Pick,a,,,,,
4858,Anders Nilsson,Unsigned,a,,,,,
4859,2009 62nd Overall,Draft Pick,a,,,,,
4860,Trade CHI/EDM 7/6/2015,Trade,,,,,,
4861,Trade EDM/STL 2/27/2016,Trade,,,,,,
4862,Trade STL/BUF 7/2/2016,Trade,,,,,,
4863,David Noel,Unsigned,,,,,,
4864,2017 130th Overall,Draft Pick,,,,,,
4865,Andrei Chibisov,Unsigned,,,,,,
4866,Graham McPhee,Unsigned,,,,,,
4867,2016 149th Overall,Draft Pick,a,,,,,
4868,Antoine Bibeau,Unsigned,a,,,,,
4869,Niklas Lundstrom,Unsigned,,,,,,
4870,Anton Lindholm,Unsigned,a,,,,,
4871,Liam Coughlin,Unsigned,a,,,,,
4872,2014 130th Overall,Draft Pick,a,,,,,
4873,Trade OTT/EDM 3/5/2014,Trade,a,,,,,
4874,Anton Wedin,Unsigned,,,,,,
4875,Sergey Zborovskiy,Unsigned,a,,,,,
4876,2015 79th Overall,Draft Pick,,,,,,
4877,Antti Suomela,Unsigned,,,,,,
4878,Ales Hemsky,Unsigned,a,,,,,
4879,2001 13th Overall,Draft Pick,a,,,,,
4880,Ashton Sautner,Unsigned,,,,,,
4881,Liam Greentree,LAK,a,,,,,
4882,2024 26th Overall,Draft Pick,,,,,,
4883,Ben Bishop,Unsigned,,,,,,
4884,Trade STL/OTT 2/26/2012,Trade,,,,,,
4885,Trade LAK/DAL 5/9/2017,Trade,,,,,,
4886,Trade DAL/BUF 6/10/2022,Trade,,,,,,
4887,Linus Sjodin,Unsigned,,,,,,
4888,2022 211th Overall,Draft Pick,,,,,,
4889,Ben Street,Unsigned,,,,,,
4890,Markus Phillips,Unsigned,,,,,,
4891,2017 118th Overall,Draft Pick,,,,,,
4892,Trade LAK/WPG 3/21/2022,Trade,,,,,,
4893,Brandon Davidson,Unsigned,,,,,,
4894,2010 162nd Overall,Draft Pick,,,,,,
4895,Trade ANA/EDM 3/3/2010,Trade,,,,,,
4896,Trade EDM/MTL 2/28/2017,Trade,,,,,,
4897,Trade EDM/NYI 2/24/2018,Trade,,,,,,
4898,Ilya Konovalov,Unsigned,,,,,,
4899,2019 85th Overall (Konovalov),Draft Pick,,,,,,
4900,Brandon Manning,Unsigned,,,,,,
4901,David Desharnais,Unsigned,,,,,,
4902,Brandon Pirri,Unsigned,,,,,,
4903,Lubomir Visnovsky,Unsigned,,,,,,
4904,2000 118th Overall,Draft Pick,,,,,,
4905,Trade LAK/OTT 6/25/2000,Trade,,,,,,
4906,Trade LAK/EDM 6/29/2008,Trade,,,,,,
4907,Trade NYI/ANA 6/22/2012,Trade,,,,,,
4908,Brendan Leipsic,Unsigned,,,,,,
4909,Trade VAN/VGK 2/26/2018,Trade,,,,,,
4910,2012 89th Overall,Draft Pick,,,,,,
4911,Trade NYR/NSH 6/23/2012,Trade,,,,,,
4912,Adam Tambellini,Unsigned,,,,,,
4913,2013 65th Overall,Draft Pick,,,,,,
4914,Brennan Menell,Unsigned,,,,,,
4915,Philip Holm,Unsigned,,,,,,
4916,Brent Seabrook,Unsigned,a,,,,,
4917,Nick Sorensen,Unsigned,,,,,,
4918,2013 45th Overall,Draft Pick,,,,,,
4919,Brian Gibbons,Unsigned,,,,,,
4920,Matt Greene,Unsigned,,,,,,
4921,Brian Lashoff,Unsigned,a,,,,,
4922,Jarret Stoll,Unsigned,,,,,,
4923,2000 46th Overall,Draft Pick,,,,,,
4924,2002 36th Overall,Draft Pick,,,,,,
4925,Trade CGY/NSH 6/24/2000,Trade,,,,,,
4926,Trade BUF/EDM 6/22/2002,Trade,,,,,,
4927,Bryan Little,Unsigned,,,,,,
4928,Jeff Deslauriers,Unsigned,,,,,,
4929,2002 31st Overall (Deslauriers),Draft Pick,,,,,,
4930,Trade BUF/ATL 6/22/2002,Trade,,,,,,
4931,Calvin Thurkauf,Unsigned,,,,,,
4932,John Adams,Unsigned,,,,,,
4933,2002 82nd Overall,Draft Pick,,,,,,
4934,Trade FLA/VAN 5/31/2001,Trade,,,,,,
4935,Trade FLA/ATL 6/22/2002,Trade,,,,,,
4936,Cameron Gaunce,Unsigned,,,,,,
4937,Trade COL/DAL 4/2/2013,Trade,,,,,,
4938,Tomas Vincour,Unsigned,,,,,,
4939,Cameron Hughes,DAL,a,,,,,
4940,Guilllaume Desbiens,Unsigned,,,,,,
4941,2003 116th Overall (Desbiens),Draft Pick,a,,,,,
4942,Trade FLA/NYR 3/18/2002,Trade,a,,,,,
4943,Andrei Loshko,SEA,a,,,,,
4944,Carl Dahlstrom,Unsigned,,,,,,
4945,2013 51st Overall,Draft Pick,,,,,,
4946,Vyacheslav Kozlov,Unsigned,,,,,,
4947,Trade BUF/DET 6/30/2001,Trade,a,,,,,
4948,Chris Stewart,Unsigned,a,,,,,
4949,Jim Slater,Unsigned,,,,,,
4950,2002 30th Overall,Draft Pick,,,,,,
4951,Trade CBJ/BUF 6/22/2002,Trade,,,,,,
4952,Trade CBJ/ATL 6/22/2002,Trade,,,,,,
4953,Christian Folin,Unsigned,,,,,,
4954,Joakim Lindstrom,Unsigned,,,,,,
4955,2002 41st Overall,Draft Pick,,,,,,
4956,Trade CBJ/ANA 7/15/2008,Trade,,,,,,
4957,Trade PHX/ANA 12/3/2008,Trade,,,,,,
4958,Christoffer Ehn,Unsigned,,,,,,
4959,Logan Stephenson,Unsigned,,,,,,
4960,Cody Goloubef,Unsigned,,,,,,
4961,Trade COL/CBJ 11/28/2016,Trade,,,,,,
4962,Ryan Stanton,Unsigned,,,,,,
4963,Colby Cave,Unsigned,,,,,,
4964,Mathieu Corbeil-Theriault,Unsigned,,,,,,
4965,2010 102nd Overall,Draft Pick,a,,,,,
4966,Colin Wilson,Unsigned,a,,,,,
4967,2008 7th Overall,Draft Pick,a,,,,,
4968,Jeff Genovy,Unsigned,,,,,,
4969,2002 96th Overall (Genovy),Draft Pick,,,,,,
4970,Trade DET/ATL 3/19/2002,Trade,,,,,,
4971,Corey Crawford,Unsigned,,,,,,
4972,Yuri Butsayev,Unsigned,,,,,,
4973,Cory Conacher,Unsigned,,,,,,
4974,Trade VAN/NYI 3/2/2015,Trade,,,,,,
4975,Dustin Jeffrey,Unsigned,,,,,,
4976,Trade ARI/PIT 2/29/2016,Trade,,,,,,
4977,Boo Nieves,Unsigned,,,,,,
4978,James Melindy,Unsigned,,,,,,
4979,Dale Weise,Unsigned,a,,,,,
4980,Trade VAN/MTL 2/3/2014,Trade,a,,,,,
4981,2008 111th Overall,Draft Pick,a,,,,,
4982,Trade STL/NYR 2/26/208,Trade,a,,,,,
4983,Trade STL/NSH 6/20/2008,Trade,a,,,,,
4984,Trade NSH/NYR 6/21/2008,Trade,a,,,,,
4985,Nick Oliver,Unsigned,,,,,,
4986,2009 110th Overall,Draft Pick,,,,,,
4987,Dalton Prout,Unsigned,,,,,,
4988,Trade CBJ/NJD 3/1/2017,Trade,a,,,,,
4989,Trade NJD/CGY 12/30/2017,Trade,a,,,,,
4990,Eddie Lack,Unsigned,a,,,,,
4991,Dalton Smith,Unsigned,a,,,,,
4992,Kyle Quincey,Unsigned,,,,,,
4993,Trade COL/LAK 7/3/2009,Trade,,,,,,
4994,Trade COL/TBL 2/21/2012,Trade,,,,,,
4995,Dan Hamhuis,Unsigned,,,,,,
4996,Trade PHI/PIT 6/25/2010,Trade,,,,,,
4997,Danil Yurtaykin,Unsigned,,,,,,
4998,Harrison Ruopp,Unsigned,,,,,,
4999,2011 84th Overall,Draft Pick,,,,,,
5000,David Ayres,Unsigned,,,,,,
5001,Steve Downie,Unsigned,,,,,,
5002,Trade COL/PHI 10/31/2013,Trade,,,,,,
5003,2005 29th Overall,Draft Pick,,,,,,
5004,Trade PHI/FLA 7/30/2005,Trade,,,,,,
5005,Deryk Engelland,Unsigned,,,,,,
5006,Kenndal McArdle,Unsigned,a,,,,,
5007,2005 20th Overall,Draft Pick,a,,,,,
5008,Trade FLA/WPG 7/9/2011,Trade,a,,,,,
5009,Devan Dubnyk,Unsigned,,,,,,
5010,Trade EDM/NSH 3/5/2014,Trade,,,,,,
5011,Trade ARI/MIN 1/14/2015,Trade,,,,,,
5012,Trade MIN/SJS 10/5/2020,Trade,,,,,,
5013,Reese Laubach,SJS,a,,,,,
5014,2022 217th Overall,Draft Pick,,,,,,
5015,Gabriel Bourque,Unsigned,,,,,,
5016,Jake Furlong,SJS,a,,,,,
5017,2022 140th Overall,Draft Pick,,,,,,
5018,Gabriel Dumont,Unsigned,,,,,,
5019,Brendan Warren,Unsigned,,,,,,
5020,2015 81st Overall,Draft Pick,,,,,,
5021,Gage Quinney,Unsigned,a,,,,,
5022,Matt Hendricks,Unsigned,,,,,,
5023,2000 131st Overall,Draft Pick,,,,,,
5024,Trade NSH/ATL 6/21/1999,Trade,,,,,,
5025,Trade BOS/COL 6/24/2008,Trade,,,,,,
5026,Trade MIN/WPG 2/25/2019,Trade,,,,,,
5027,German Rubtsov,Unsigned,,,,,,
5028,2016 22nd Overall,Draft Pick,,,,,,
5029,Tyler Thorpe,MTL,a,,,,,
5030,2024 130th Overall,Draft Pick,a,,,,,
5031,Nathan Villeneuve,SEA,a,,,,,
5032,2024 63rd Overall,Draft Pick,a,,,,,
5033,Ivan Demidov,MTL,a,,,,,
5034,Noel Nordh,UTH,a,,,,,
5035,2023 72nd Overall,Draft Pick,a,,,,,
5036,Owen Allard,UTH,a,,,,,
5037,Carson Rehkopf,SEA,a,,,,,
5038,2023 50th Overall,Draft Pick,a,,,,,
5039,Gilles Senn,Unsigned,,,,,,
5040,Ilya Kovalchuk,Unsigned,,,,,,
5041,Trade MTL/WSH 2/23/2020,Trade,,,,,,
5042,Dylan Peterson,STL,a,,,,,
5043,2020 86th Overall (Peterson),Draft Pick,,,,,,
5044,Jake Bischoff,Unsigned,,,,,,
5045,Tyson Nash,Unsigned,,,,,,
5046,Trade TOR/PHX 11/27/2006,Trade,,,,,,
5047,Jakob Lilja,Unsigned,,,,,,
5048,Jay Bouwmeester,Unsigned,,,,,,
5049,2002 3rd Overall (Bouwmeester),Draft Pick,,,,,,
5050,Trade CGY/FLA 6/27/2009,Trade,,,,,,
5051,Josh Birkholz,Unsigned,,,,,,
5052,2009 67th Overall (Birkholz),Draft Pick,,,,,,
5053,Jean-Christophe Beaudin,Unsigned,,,,,,
5054,Jordan Leopold,Unsigned,,,,,,
5055,Trade CGY/COL 6/24/2006,Trade,,,,,,
5056,Trade FLA/PIT 3/1/2010,Trade,,,,,,
5057,Trade CBJ/MIN 3/2/2015,Trade,,,,,,
5058,1999 44th Overall,Draft Pick,,,,,,
5059,Trade NYR/OTT 11/27/1998,Trade,,,,,,
5060,Trade ANA/OTT 6/26/1999,Trade,,,,,,
5061,Jimmy Howard,Unsigned,,,,,,
5062,Joel Persson,Unsigned,,,,,,
5063,Trade EDM/ANA 2/24/2020,Trade,,,,,,
5064,Angus Redmond,Unsigned,,,,,,
5065,John Gilmour,Unsigned,,,,,,
5066,2013 198th Overall (Gilmour),Draft Pick,,,,,,
5067,Trade CHI/CGY 1/21/2013,Trade,,,,,,
5068,Henrik Karlsson,Unsigned,,,,,,
5069,Trade CGY/SJS 6/26/2010,Trade,a,,,,,
5070,John Quenneville,Unsigned,a,,,,,
5071,Konrad Abeltshauser,Unsigned,,,,,,
5072,2010 163rd Overall,Draft Pick,,,,,,
5073,Johnny Boychuk,Unsigned,,,,,,
5074,Mikko Ruutu,Unsigned,,,,,,
5075,1999 201st Overall,Draft Pick,a,,,,,
5076,Jonathan Davidsson,Unsigned,a,,,,,
5077,2017 170th Overall (Davidsson),Draft Pick,a,,,,,
5078,Simon Lajeunesse,Unsigned,,,,,,
5079,1999 48th Overall (Lajeunesse),Draft Pick,,,,,,
5080,Trade FLA/OTT 3/3/2003,Trade,,,,,,
5081,Jonathan Ericsson,Unsigned,,,,,,
5082,Joey Tetarenko,Unsigned,,,,,,
5083,1996 82nd Overall,Draft Pick,,,,,,
5084,Trade FLA/SJS 3/16/1996,Trade,,,,,,
5085,Jordan Szwarz,Unsigned,,,,,,
5086,Jordan Weal,Unsigned,,,,,,
5087,Trade PHI/ARI 1/11/2019,Trade,,,,,,
5088,2010 70th Overall,Draft Pick,,,,,,
5089,Roddy Ross,Unsigned,,,,,,
5090,2019 169th Overall,Draft Pick,,,,,,
5091,Joseph Blandisi,Unsigned,,,,,,
5092,Jacob Graves,Unsigned,,,,,,
5093,Josh Jacobs,Unsigned,,,,,,
5094,Matt Bradley,Unsigned,,,,,,
5095,1996 102nd Overall,Draft Pick,,,,,,
5096,Justin Abdelkader,Unsigned,,,,,,
5097,Justin Williams,Unsigned,,,,,,
5098,2000 28th Overall,Draft Pick,,,,,,
5099,Trade PHI/CAR 1/20/2004,Trade,,,,,,
5100,Danny Markov,Unsigned,,,,,,
5101,Trade PHX/CAR 6/21/203,Trade,,,,,,
5102,Trade PHI/NSH 8/2/2005,Trade,,,,,,
5103,Karl Alzner,Unsigned,,,,,,
5104,Bud Holloway,Unsigned,,,,,,
5105,2006 86th Overall (Holloway),Draft Pick,a,,,,,
5106,Korbinian Holzer,Unsigned,a,,,,,
5107,2006 111th Overall,Draft Pick,a,,,,,
5108,Trade COL/CHI 3/9/2006,Trade,a,,,,,
5109,Jim Dowd,Unsigned,,,,,,
5110,Trade HFD/VAN 12/19/1995,Trade,,,,,,
5111,Trade NJD/HFD 12/19/1995,Trade,,,,,,
5112,Trade EDM/NSH 10/1/1998,Trade,,,,,,
5113,Trade MTL/MIN 3/4/2004,Trade,,,,,,
5114,Lukas Radil,Unsigned,,,,,,
5115,Mark Barberio,Unsigned,,,,,,
5116,Mark Letestu,Unsigned,,,,,,
5117,Trade PIT/CBJ 11/8/2011,Trade,,,,,,
5118,Matia Marcantuoni,Unsigned,,,,,,
5119,2012 92nd Overall,Draft Pick,a,,,,,
5120,Marko Dano,Unsigned,a,,,,,
5121,2013 27th Overall,Draft Pick,a,,,,,
5122,Julien Sprunger,Unsigned,,,,,,
5123,2004 117th Overall,Draft Pick,,,,,,
5124,Markus Granlund,Unsigned,,,,,,
5125,2011 45th Overall,Draft Pick,,,,,,
5126,Trade VAN/CGY 2/22/2016,Trade,,,,,,
5127,Hunter Shinkaruk,Unsigned,,,,,,
5128,Trade MTL/CGY 8/20/2018,Trade,,,,,,
5129,Martin Marincin,Unsigned,,,,,,
5130,2010 46th Overall,Draft Pick,,,,,,
5131,Trade CAR/OTT 2/12/2010,Trade,,,,,,
5132,Matt Cullen,Unsigned,,,,,,
5133,Trade FLA/ANA 1/30/2003,Trade,,,,,,
5134,Trade NYR/CAR 7/17/2007,Trade,,,,,,
5135,Matt Niskanen,Unsigned,,,,,,
5136,Maxim Letunov,Unsigned,,,,,,
5138,Max Veronneau,Unsigned,,,,,,
5139,Trade TOR/OTT 2/19/2020,Trade,,,,,,
5140,Patrick Thomas,WSH,a,,,,,
5141,Braeden Kressler,TOR,a,,,,,
5142,Micheal Ferland,Unsigned,a,,,,,
5143,Michael Grabner,Unsigned,,,,,,
5144,Trade NJD/NYR 2/22/2018,Trade,,,,,,
5145,Miikka Salomaki,Unsigned,,,,,,
5146,Mike Green (1985),Unsigned,,,,,,
5147,2004 29th Overall,Draft Pick,,,,,,
5148,Trade DET/EDM 2/23/2020,Trade,,,,,,
5149,Mikhail Vorobyev,Unsigned,,,,,,
5150,2015 104th Overall,Draft Pick,,,,,,
5151,Mikkel Boedker,Unsigned,a,,,,,
5152,Trade ARI/COL 2/29/2016,Trade,,,,,,
5153,Mirco Mueller,Unsigned,,,,,,
5154,2013 18th Overall,Draft Pick,,,,,,
5155,Nikolai Prokhorkin,Unsigned,,,,,,
5156,Oscar Fantenberg,Unsigned,,,,,,
5157,Trade LAK/CGY 2/25/2019,Trade,,,,,,
5158,Oscar Klefbom,Unsigned,,,,,,
5159,2011 19th Overall,Draft Pick,,,,,,
5160,Trade LAK/EDM 2/28/2011,Trade,,,,,,
5161,Peter Cehlarik,Unsigned,,,,,,
5162,Thomas Di Pauli,Unsigned,,,,,,
5163,2012 100th Overall,Draft Pick,,,,,,
5164,Trade WSH/WPG 7/8/2011,Trade,,,,,,
5165,Tim Heed,Unsigned,,,,,,
5166,Tom Kuhnhackl,Unsigned,,,,,,
5167,Trevor Carrick,Unsigned,,,,,,
5168,2012 115th Overall,Draft Pick,,,,,,
5169,Trade BOS/CAR 7/5/2011,Trade,,,,,,
5170,Trade CAR/SJS 8/6/2019,Trade,,,,,,
5171,Trade ANA/SJS 1/27/2021,Trade,,,,,,
5172,Valentin Zykov,Unsigned,,,,,,
5173,2013 37th Overall (Zykov),Draft Pick,,,,,,
5174,Trade LAK/CAR 2/28/2016,Trade,,,,,,
5175,Zach Trotman,Unsigned,,,,,,
5176,2010 210th Overall,Draft Pick,,,,,,
5177,Trade CHI/BOS 6/26/2010,Trade,,,,,,
5178,Johan Mattsson,Unsigned,,,,,,
5179,2011 211th Overall,Draft Pick,a,,,,,
5180,Kris Versteeg,Unsigned,a,,,,,
5181,Trade CHI/BOS 2/3/2007,Trade,a,,,,,
5182,Trade CHI/TOR 6/30/2010,Trade,a,,,,,
5183,Trade FLA/CHI 11/14/2013,Trade,a,,,,,
5184,2004 134th Overall,Draft Pick,a,,,,,
5185,Trade BOS/PHX 5/31/2003,Trade,a,,,,,
5186,Darren McLachlan,Unsigned,,,,,,
5187,Dylan Olsen,Unsigned,,,,,,
5188,Jimmy Hayes,Unsigned,a,,,,,
5189,Trade TOR/CHI 6/26/2010,Trade,a,,,,,
5190,2008 60th Overall,Draft Pick,a,,,,,
5191,Trade PIT/TOR 2/26/2008,Trade,a,,,,,
5192,Andy Bathgate (1991),Unsigned,,,,,,
5193,2009 151st Overall,Draft Pick,,,,,,
5194,Trade TOR/NYR 7/14/2008,Trade,,,,,,
5195,Trade PIT/NYR 6/27/2009,Trade,,,,,,
5196,Chad Johnson,Unsigned,,,,,,
5197,Ryan Hollweg,Unsigned,,,,,,
5198,Hal Gill,Unsigned,,,,,,
5199,Navrin Mutter,NSH,a,,,,,
5200,Blake Smith,TOR,a,,,,,
5201,Vilmer Alriksson,VAN,a,,,,,
5202,Igor Chernyshov,SJS,a,,,,,
5203,Yegor Rykov,Unsigned,,,,,,
5204,Viktor Stalberg,Unsigned,,,,,,
5205,2006 161st Overall,Draft Pick,,,,,,
5206,Trade PHX/TOR 6/24/2006,Trade,,,,,,
5207,Trade CAR/OTT 2/28/2017,Trade,,,,,,
5208,Evan Barratt,Unsigned,,,,,,
5209,2017 90th Overall,Draft Pick,,,,,,
5211,Trade CHI/PHI 10/26/2022,Trade,a,,,,,
5212,Cooper Zech,Unsigned,a,,,,,
5213,Benn Ferriero,Unsigned,,,,,,
5214,2006 196th Overall (Ferriero),Draft Pick,,,,,,
5215,Trade PIT/NYR 1/24/2013,Trade,,,,,,
5216,Trade NYR/MIN 6/30/2013,Trade,,,,,,
5217,Chase Lang,Unsigned,,,,,,
5218,2014 167th Overall,Draft Pick,,,,,,
5219,Justin Falk,Unsigned,,,,,,
5220,Chad Kolarik,Unsigned,,,,,,
5221,Trade CBJ/PHX 3/3/2010,Trade,a,,,,,
5222,Trade CBJ/NYR 11/11/2010,Trade,a,,,,,
5223,Dane Byers,Unsigned,a,,,,,
5224,Trade WSH/EDM 4/2/2013,Trade,a,,,,,
5225,2004 48th Overall,Draft Pick,a,,,,,
5226,Trade EDM/NYR 3/3/2004,Trade,a,,,,,
5227,Jussi Markkanen,Unsigned,,,,,,
5228,Trade NYR/EDM 6/30/2003,Trade,,,,,,
5229,Roman Kukumberg,Unsigned,,,,,,
5230,2004 113th Overall,Draft Pick,,,,,,
5231,Trade TOR/NYR 3/3/2004,Trade,,,,,,
5232,Mike Sauer,Unsigned,,,,,,
5233,2005 40th Overall,Draft Pick,,,,,,
5234,Kris Chucko,Unsigned,,,,,,
5235,2004 24th Overall (Chucko),Draft Pick,,,,,,
5236,Trade NYR/CGY 6/26/2004,Trade,,,,,,
5237,Jarkko Immonen,Unsigned,,,,,,
5238,Maxim Kondratiev,Unsigned,,,,,,
5239,2001 168th Overall,Draft Pick,,,,,,
5240,Trade TOR/ATL 7/15/1999,Trade,,,,,,
5241,Martin Prochazka,Unsigned,,,,,,
5242,Brian Leetch,HOF,,,,,,
5243,Petr Nedved,Unsigned,,,,,,
5244,Trade VAN/STL 3/4/1994,Trade,a,,,,,
5245,Trade STL/NYR 7/24/1994,Trade,a,,,,,
5246,Trade NYR/PIT 8/31/1995,Trade,a,,,,,
5247,Trade PIT/NYR 11/25/1998,Trade,a,,,,,
5248,Trade PHX/PHI 1/20/2006,Trade,a,,,,,
5249,Joonas Lehtivuori,Unsigned,,,,,,
5250,2006 101st Overall,Draft Pick,,,,,,
5251,Tomas Marcinko,Unsigned,,,,,,
5252,2006 115th Overall,Draft Pick,,,,,,
5253,Trade PHX/NYI 6/24/2006,Trade,,,,,,
5254,Doug Rogers,Unsigned,,,,,,
5255,2006 119th Overall,Draft Pick,,,,,,
5256,Trade PHX/CGY 3/9/2006,Trade,,,,,,
5257,Jamie Lundmark,Unsigned,,,,,,
5258,Trade PHX/NYR 10/18/2005,Trade,,,,,,
5259,1999 9th Overall,Draft Pick,,,,,,
5260,Trade CGY/NYR 6/26/1999,Trade,,,,,,
5261,Oleg Saprykin,Unsigned,,,,,,
5262,1999 11th Overall,Draft Pick,,,,,,
5263,Trade PHX/CGY 8/26/2004,Trade,,,,,,
5264,Trade PHX/OTT 2/27/2007,Trade,,,,,,
5265,Samuel Jonsson,EDM,a,,,,,
5266,Aidan Thompson,CHI,a,,,,,
5267,2022 90th Overall,Draft Pick,,,,,,
5268,Jack Devine,FLA,a,,,,,
5269,Ryan Greene,CHI,a,,,,,
5270,2022 57th Overall,Draft Pick,a,,,,,
5271,Zeev Buium,MIN,a,,,,,
5272,2024 12th Overall,Draft Pick,a,,,,,
5273,Atro Leppanen,EDM,a,,,,,
5274,Jared Wright,LAK,a,,,,,
5275,2022 169th Overall,Draft Pick,a,,,,,
5276,Carter King,CGY,a,,,,,
5277,Quinn Hutson,EDM,a,,,,,
5278,Tim Washe,ANA,a,,,,,
5279,Devin Kaplan,PHI,a,,,,,
5280,Alex Bump,PHI,a,,,,,
5281,Leo Sahlin Wallenius,SJS,a,,,,,
5282,2024 53rd Overall,Draft Pick,a,,,,,
5283,Trade NSH/DET 6/25/2024,Trade,a,,,,,
5284,Jeremy Hanzel,NJD,a,,,,,
5285,Kirill Kudryavtsev,VAN,a,,,,,
5286,Ty Mueller,VAN,a,,,,,
5287,2023 105th Overall,Draft Pick,a,,,,,
5288,Taylor Ward,LAK,a,,,,,
5289,Ville Ottavainen,SEA,a,,,,,
5290,Ryan Ufko,NSH,a,,,,,
5291,Axel Sandin Pellikka,DET,a,,,,,
5292,2023 17th Overall,Draft Pick,a,,,,,
5293,Michael Brandsegg-Nygard,DET,a,,,,,
5294,Clay Stevenson,WSH,a,,,,,
5295,Filip Kral,Unsigned,a,,,,,
5296,Cam Squires,NJD,a,,,,,
5297,Koehn Ziemmer,LAK,a,,,,,
5298,2023 78th Overall,Draft Pick,a,,,,,
5299,Terik Parascak,WSH,a,,,,,
5300,Jesse Kiiskinen,DET,a,,,,,
5301,2023 68th Overall,Draft Pick,a,,,,,
5302,Andrew Gibson,NSH,a,,,,,
5303,2023 42nd Overall,Draft Pick,a,,,,,
5304,Ulf Samuelsson,Unsigned,,,,,,
5305,Trade PIT/HFD 3/4/1991,Trade,,,,,,
5306,Trade NYR/DET 3/23/1999,Trade,,,,,,
5307,Igor Radulov,Unsigned,,,,,,
5308,2000 74th Overall,Draft Pick,,,,,,
5309,Trade NYR/DET 10/1/1998,Trade,,,,,,
5310,Trade CHI/SJS 6/24/2000,Trade,,,,,,
5311,Jonas Nordqvist,Unsigned,,,,,,
5312,2000 49th Overall,Draft Pick,,,,,,
5313,Tero Maatta,Unsigned,,,,,,
5314,2000 41st Overall,Draft Pick,,,,,,
5315,Mike Knuble,Unsigned,,,,,,
5316,Trade BOS/NYR 3/10/2000,Trade,,,,,,
5317,Rob DiMaio,Unsigned,,,,,,
5318,Trade PHI/TBL 3/18/1994,Trade,,,,,,
5319,Trade SJS/BOS 9/30/1996,Trade,,,,,,
5320,Trade CAR/NYR 8/4/2000,Trade,,,,,,
5321,Bryce Lampman,Unsigned,,,,,,
5322,2001 113th Overall,Draft Pick,,,,,,
5323,Trade TBL/NYR 7/4/2007,Trade,,,,,,
5324,Trade TBL/DAL 11/19/2007,Trade,,,,,,
5325,Mario Scalzo,Unsigned,,,,,,
5326,Mitch Fritz,Unsigned,,,,,,
5327,Sandy McCarthy,Unsigned,,,,,,
5328,Trade CGY/TBL 3/24/1998,Trade,,,,,,
5329,Trade TBL/PHI 3/20/1999,Trade,,,,,,
5330,Trade CAR/PHI 3/14/2000,Trade,,,,,,
5331,1991 52nd Overall,Draft Pick,,,,,,
5332,Trade MNS/CGY 3/5/1991,Trade,,,,,,
5333,Marc Bureau,Unsigned,,,,,,
5334,Trade MTL/TBL 6/29/1995,Trade,,,,,,
5335,Trade CGY/PHI 3/6/2000,Trade,,,,,,
5336,Andrei Razin,Unsigned,,,,,,
5337,2001 177th Overall,Draft Pick,,,,,,
5338,Travis Brigley,Unsigned,,,,,,
5339,Brian Bellows,Unsigned,,,,,,
5340,Trade MNS/MTL 8/31/1992,Trade,,,,,,
5341,Trade TBL/ANA 11/19/1996,Trade,,,,,,
5342,1982 2nd Overall,Draft Pick,,,,,,
5343,Trade MNS/DET 8/21/1981,Trade,,,,,,
5344,Trade BOS/MNS 6/9/1982,Trade,,,,,,
5345,Zarley Zalapski,Unsigned,,,,,,
5346,Trade CGY/HFD 3/10/1994,Trade,,,,,,
5347,Trade CGY/MTL 2/1/1998,Trade,,,,,,
5348,Shaun Sutter,Unsigned,,,,,,
5349,1998 102nd Overall,Draft Pick,,,,,,
5350,Valeri Bure,Unsigned,,,,,,
5351,Trade CGY/FLA 6/23/2001,Trade,,,,,,
5352,Trade STL/FLA 3/11/2003,Trade,,,,,,
5353,Trade FLA/DAL 3/8/2004,Trade,,,,,,
5354,1992 33rd Overall (Bure),Draft Pick,,,,,,
5355,Trade HFD/MTL 9/17/1991,Trade,,,,,,
5356,Andrew Cassels,Unsigned,,,,,,
5357,Trade CGY/CAR 8/25/1997,Trade,,,,,,
5358,Jean-Sebastien Giguere,Unsigned,,,,,,
5359,Trade CGY/ANA 6/10/2000,Trade,,,,,,
5360,1995 13th Overall,Draft Pick,,,,,,
5361,Trade NYR/HFD 3/23/1995,Trade,,,,,,
5362,Steve Wasylko,Unsigned,,,,,,
5363,1996 104th Overall,Draft Pick,,,,,,
5364,Pat Verbeek,Unsigned,,,,,,
5365,Trade NJD/HFD 6/17/1989,Trade,,,,,,
5366,Sylvain Turgeon,Unsigned,,,,,,
5367,Trade NJD/MTL 9/4/1990,Trade,,,,,,
5368,Claude Lemieux,Unsigned,,,,,,
5369,Trade NJD/NYI 10/3/1995,Trade,,,,,,
5370,Trade COL/NJD 11/3/1999,Trade,,,,,,
5371,Trade PHX/DAL 1/16/2003,Trade,,,,,,
5372,1983 26th Overall,Draft Pick,,,,,,
5373,Trade MTL/LAK 2/18/1981,Trade,,,,,,
5374,Rick Chartraw,Unsigned,,,,,,
5375,Trade NYR/EDM 1/20/1984,Trade,,,,,,
5376,1974 10th Overall,Draft Pick,,,,,,
5377,Trade MTL/ATF 5/30/1973,Trade,,,,,,
5378,Chuck Arnason,Unsigned,,,,,,
5379,Trade ATF/PIT 1/4/1974,Trade,,,,,,
5380,Trade CRL/CLE 1/9/1978,Trade,,,,,,
5381,1971 7th Overall,Draft Pick,,,,,,
5382,Trade MTL/MNS 6/6/1967,Trade,,,,,,
5383,Trade MTL/MNS 6/14/1967,Trade,,,,,,
5384,Chuck Lefley,Unsigned,,,,,,
5385,1970 6th Overall,Draft Pick,,,,,,
5386,Trade MTL/MNS 6/10/1970,Trade,,,,,,
5387,Fred Harvey,Unsigned,,,,,,
5388,1970 17th Overall,Draft Pick,,,,,,
5389,Trade MTL/STL 11/28/1974,Trade,,,,,,
5390,Trade MTL/LAK 11/17/1969,Trade,,,,,,
5391,Trade MNS/ATF 5/27/1974,Trade,,,,,,
5392,Trade ATF/KCS 10/13/1975,Trade,,,,,,
5393,Trade KCS/DET 1/14/1976,Trade,,,,,,
5394,Phil Roberto,Unsigned,,,,,,
5395,Trade STL/MTL 12/13/1971,Trade,,,,,,
5396,Trade STL/DET 12/30/1974,Trade,,,,,,
5397,Blair Davidson,Unsigned,,,,,,
5398,1975 45th Overall,Draft Pick,,,,,,
5399,Red Berenson,Unsigned,,,,,,
5400,Trade MTL/NYR 6/13/1966,Trade,,,,,,
5401,Trade STL/NYR 11/27/1967,Trade,,,,,,
5402,Trade STL/DET 2/6/1971,Trade,,,,,,
5403,Garry Unger,Unsigned,,,,,,
5404,Trade TOR/DET 3/3/1968,Trade,,,,,,
5405,Trade STL/ATF 10/10/1979,Trade,,,,,,
5406,Trade LAK/ATF 6/6/1980,Trade,,,,,,
5407,Trade LAK/EDM 3/8/1981,Trade,,,,,,
5408,Criag Hurley,Unsigned,,,,,,
5409,1981 134th Overall,Draft Pick,,,,,,
5410,Randy Holt,Unsigned,,,,,,
5411,Trade CHI/CLE 11/23/1977,Trade,,,,,,
5412,Trade VAN/LAK 12/31/1978,Trade,,,,,,
5413,Trade WSH/CGY 11/25/1981,Trade,,,,,,
5414,Todd Francis,Unsigned,,,,,,
5415,1983 35th Overall (Francis),Draft Pick,,,,,,
5416,Trade CGY/MTL 9/10/1982,Trade,,,,,,
5417,Graeme Bonar,Unsigned,,,,,,
5418,1984 54th Overall,Draft Pick,a,,,,,
5419,Bogdan Trineyev,WSH,a,,,,,
5420,Artur Akhtyamov,TOR,a,,,,,
5421,Wayne Connelly,Unsigned,,,,,,
5422,Trade BOS/MTL 10/26/1961,Trade,,,,,,
5423,Trade MNS/DET 2/15/1969,Trade,,,,,,
5424,Trade STL/DET 11/15/1971,Trade,,,,,,
5425,Trade VAN/NYR 11/16/1971,Trade,,,,,,
5426,Jim Wiste,Unsigned,,,,,,
5427,Gary Doak,Unsigned,,,,,,
5428,Trade BOS/DET 2/17/1966,Trade,,,,,,
5429,Trade DET/NYR 5/24/1972,Trade,,,,,,
5430,Trade BOS/DET 3/1/1973,Trade,,,,,,
5431,Murray Wing,Unsigned,,,,,,
5432,Ace Bailey,Unsigned,,,,,,
5433,Trade STL/DET 2/14/1974,Trade,,,,,,
5434,Trade STL/WSH 2/10/1975,Trade,,,,,,
5435,Denis Dupere,Unsigned,,,,,,
5436,Trade TOR/NYR 3/3/1970,Trade,,,,,,
5437,Trade STL/KCS 6/18/1975,Trade,,,,,,
5438,Brian Sutter,Unsigned,,,,,,
5439,1976 20th Overall,Draft Pick,,,,,,
5440,Craig Patrick,HOF,,,,,,
5441,Trade STL/CGS 11/11/1974,Trade,,,,,,
5442,Dave Gardner,Unsigned,,,,,,
5443,Trade STL/MTL 3/9/1974,Trade,,,,,,
5444,Trade MNS/LAK 7/15/1978,Trade,,,,,,
5445,1972 8th Overall,Draft Pick,,,,,,
5446,Trade MTL/MNS 6/10/1968,Trade,,,,,,
5447,Trade MNS/PIT 10/1/1968,Trade,,,,,,
5448,Trade MTL/MNS 5/24/1971,Trade,,,,,,
5449,Stan Weir,Unsigned,,,,,,
5450,1972 28th Overall (Weir),Draft Pick,,,,,,
5451,Trade MTL/CGS 6/8/1972,Trade,,,,,,
5452,Trade CGS/TOR 6/20/1975,Trade,,,,,,
5453,Trade EDM/CRL 3/9/1982,Trade,,,,,,
5454,Ed Cooper,Unsigned,,,,,,
5455,Gary Sabrourin,Unsigned,,,,,,
5456,Blake Dunlop,Unsigned,,,,,,
5457,1973 18th Overall (Dunlop),Draft Pick,,,,,,
5458,Trade MTL/MNS 5/15/1973,Trade,,,,,,
5459,Trade PHI/MNS 10/28/1977,Trade,,,,,,
5460,Trade STL/PHI 6/7/1979,Trade,,,,,,
5461,Phil Myre,Unsigned,,,,,,
5462,Trade STL/ATF 12/12/1977,Trade,,,,,,
5463,Mike Perovich,Unsigned,,,,,,
5464,1979 23rd Overall,Draft Pick,,,,,,
5465,Bob MacMillan,Unsigned,,,,,,
5466,Trade STL/NYR 9/20/1975,Trade,,,,,,
5467,Trade CGY/CRL 11/25/1981,Trade,,,,,,
5468,Trade CHI/NJD 6/19/1984,Trade,,,,,,
5469,Eric Weinrich,Unsigned,,,,,,
5470,1985 32nd Overall,Draft Pick,,,,,,
5471,Trade NJD/HFD 8/29/1992,Trade,,,,,,
5472,Trade CHI/MTL 11/16/1998,Trade,,,,,,
5473,Trade PHI/STL 2/9/2004,Trade,,,,,,
5474,Trade STL/VAN 3/9/2006,Trade,,,,,,
5475,Vladimir Zharkov,Unsigned,,,,,,
5476,2006 77th Overall (Zharkov),Draft Pick,,,,,,
5477,Tomas Mojzis,Unsigned,,,,,,
5478,Trade VAN/TOR 9/4/2002,Trade,,,,,,
5479,Brad Leeb,Unsigned,,,,,,
5480,Gino Pisellini,Unsigned,,,,,,
5481,2004 149th Overall,Draft Pick,a,,,,,
5482,Chris Dyment,Unsigned,a,,,,,
5483,1999 97th Overall,Draft Pick,a,,,,,
5484,Trade CHI/TBL 7/17/1998,Trade,a,,,,,
5485,Trade MTL/MIN 5/25/2002,Trade,a,,,,,
5486,Trade MIN/PHX 12/9/2003,Trade,a,,,,,
5487,Michael Schutte,Unsigned,,,,,,
5488,Jiri Cetkovsky,Unsigned,a,,,,,
5489,2002 141st Overall,Draft Pick,a,,,,,
5490,Trade MTL/CGY 6/23/2002,Trade,a,,,,,
5491,Yuri Artemenkov,Unsigned,a,,,,,
5492,2002 112th Overall,Draft Pick,a,,,,,
5493,Michael Lambert,Unsigned,a,,,,,
5494,2002 99th Overall (Lambert),Draft Pick,a,,,,,
5495,Trade CGY/FLA 6/22/2002,Trade,a,,,,,
5496,Eric Nystrom,Unsigned,,,,,,
5497,2002 10th Overall,Draft Pick,a,,,,,
5498,Petr Taticek,Unsigned,a,,,,,
5499,2002 9th Overall,Draft Pick,a,,,,,
5500,Trade FLA/PIT 3/9/2006,Trade,a,,,,,
5501,Ric Jackman,Unsigned,a,,,,,
5502,Trade DAL/BOS 6/24/2001,Trade,a,,,,,
5503,Trade BOS/TOR 5/13/2002,Trade,a,,,,,
5504,Trade TOR/PIT 2/11/2004,Trade,a,,,,,
5505,Trade FLA/ANA 1/3/2007,Trade,a,,,,,
5506,Corey Syvret,Unsigned,a,,,,,
5507,2007 181st Overall (Syvret),Draft Pick,a,,,,,
5508,Drake Berehowsky,Unsigned,,,,,,
5509,Trade TOR/PIT 4/7/1995,Trade,,,,,,
5510,Trade NSH/VAN 3/9/2001,Trade,,,,,,
5511,Timofei Shishkanov,Unsigned,,,,,,
5512,2001 33rd Overall,Draft Pick,,,,,,
5513,Trade VAN/ATL 6/24/2000,Trade,,,,,,
5514,Trade NSH/STL 1/29/2006,Trade,,,,,,
5515,Mike Sillinger,Unsigned,,,,,,
5516,Trade DET/ANA 4/4/1995,Trade,,,,,,
5517,Trade ANA/VAN 3/15/1996,Trade,,,,,,
5518,Trade VAN/PHI 2/5/1998,Trade,,,,,,
5519,Trade PHI/TBL 12/12/1998,Trade,,,,,,
5520,Trade CBJ/DAL 7/22/2003,Trade,,,,,,
5521,Trade DAL/PHX 7/22/2003,Trade,,,,,,
5522,Trade PHX/STL 3/4/2004,Trade,,,,,,
5523,Marek Vanacker,CHI,a,,,,,
5524,2024 27th Overall,Draft Pick,,,,,,
5525,Yves Belanger,Unsigned,,,,,,
5526,Trevor Kidd,Unsigned,,,,,,
5527,Trade FLA/ATL 6/25/1999,Trade,,,,,,
5528,1990 11th Overall,Draft Pick,,,,,,
5529,Trade NJD/CGY 6/16/1990,Trade,,,,,,
5530,Chris Gotziaman,Unsigned,,,,,,
5531,1990 29th Overall,Draft Pick,,,,,,
5532,Trade CGY/MNS 9/5/1989,Trade,,,,,,
5533,Peter Lappin,Unsigned,,,,,,
5534,Martin Brodeur,HOF,,,,,,
5535,1990 20th Overall (Brodeur),Draft Pick,,,,,,
5536,Vesa Viitakoski,Unsigned,,,,,,
5537,1990 32nd Overall (Viitakoski),Draft Pick,,,,,,
5538,Trade CGY/COL 3/19/1996,Trade,,,,,,
5539,Paxton Schulte,Unsigned,,,,,,
5540,David Harlock,Unsigned,,,,,,
5541,1990 24th Overall,Draft Pick,a,,,,,
5542,Trade CGY/DET 6/15/1990,Trade,a,,,,,
5543,Brad McCrimmon,Unsigned,a,,,,,
5544,Trade DET/HFD 6/1/1993,Trade,a,,,,,
5545,Tim Spitzig,Unsigned,a,,,,,
5546,1993 152nd Overall,Draft Pick,a,,,,,
5547,Trade DET/HFD 3/22/1993,Trade,a,,,,,
5548,Steve Konroyd,Unsigned,a,,,,,
5549,Trade CGY/NYI 3/11/1986,Trade,a,,,,,
5550,Trade CHI/NYI 11/25/1988,Trade,a,,,,,
5551,Trade CHI/HFD 1/24/1992,Trade,a,,,,,
5552,Trade DET/OTT 3/21/1994,Trade,a,,,,,
5553,1980 39th Overall,Draft Pick,a,,,,,
5554,Daniel Berthiaume,Unsigned,,,,,,
5555,Trade LAK/MNS 9/6/1990,Trade,,,,,,
5556,Trade BOS/WIN 6/10/1992,Trade,,,,,,
5557,Doug Evans (1963),Unsigned,,,,,,
5558,Trade STL/WIN 1/22/1990,Trade,,,,,,
5559,Ron Wilson (1956),Unsigned,,,,,,
5560,Craig Duncanson,Unsigned,,,,,,
5561,Rob Brown,Unsigned,,,,,,
5562,Trade PIT/HFD 12/21/1990,Trade,,,,,,
5563,Scott Young,Unsigned,,,,,,
5564,Trade QUE/PIT 3/10/1992,Trade,,,,,,
5565,Trade COL/ANA 9/17/1997,Trade,,,,,,
5566,Lance Ward,Unsigned,,,,,,
5567,1998 63rd Overall (Ward),Draft Pick,,,,,,
5568,Trade COL/FLA 3/23/1998,Trade,,,,,,
5569,Tom Fitzgerald,Unsigned,,,,,,
5570,Trade NSH/CHI 3/13/2002,Trade,,,,,,
5571,Nathan Saunders,Unsigned,,,,,,
5572,2003 119th Overall,Draft Pick,,,,,,
5573,Trade ANA/NSH 6/22/2003,Trade,,,,,,
5574,Trade ANA/BOS 9/24/2007,Trade,,,,,,
5575,Tom Preissing,Unsigned,,,,,,
5576,Trade SJS/CHI 7/9/2006,Trade,,,,,,
5577,Trade CHI/OTT 7/9/2006,Trade,,,,,,
5578,Patrick Wiercioch,Unsigned,,,,,,
5579,2008 42nd Overall,Draft Pick,,,,,,
5580,Martin Havlat,Unsigned,,,,,,
5581,Trade MIN/SJS 7/3/2011,Trade,a,,,,,
5582,Dany Heatley,Unsigned,a,,,,,
5583,Trade OTT/SJS 9/12/2009,Trade,a,,,,,
5584,Trade ATL/OTT 8/23/2005,Trade,a,,,,,
5585,Marian Hossa,HOF,a,,,,,
5586,Greg DeVries,Unsigned,a,,,,,
5587,Trade NSH/COL 10/25/1998,Trade,a,,,,,
5588,Trade NYR/OTT 3/9/2004,Trade,a,,,,,
5589,Alexandre Giroux,Unsigned,,,,,,
5590,Trade ATL/WSH 2/26/2008,Trade,,,,,,
5591,Joe Motzko,Unsigned,,,,,,
5592,Trade CBJ/ANA 1/26/2007,Trade,,,,,,
5593,Trent Vogelhuber,Unsigned,,,,,,
5594,2007 211th Overall (Vogelhuber),Draft Pick,,,,,,
5595,Sebastian Stefaniszin,Unsigned,,,,,,
5596,2007 98th Overall,Draft Pick,a,,,,,
5597,Curtis Glencross,Unsigned,a,,,,,
5598,Trade CBJ/EDM 2/1/2008,Trade,a,,,,,
5599,Dick Tarnstrom,Unsigned,,,,,,
5600,Trade EDM/PIT 1/26/2006,Trade,,,,,,
5601,Cory Cross,Unsigned,,,,,,
5602,Trade TBL/TOR 10/1/1999,Trade,,,,,,
5603,Trade PIT/DET 3/9/2006,Trade,,,,,,
5604,Alex Grant,Unsigned,,,,,,
5605,2007 188th Overall,Draft Pick,,,,,,
5606,Trade PIT/ANA 6/24/2013,Trade,,,,,,
5607,Trade ANA/OTT 3/5/2014,Trade,,,,,,
5608,Andre Petersson,Unsigned,,,,,,
5609,Harry Zolnierczyk,Unsigned,,,,,,
5610,Trade ANA/PHI 4/1/2013,Trade,,,,,,
5611,Jay Rosehill,Unsigned,,,,,,
5612,2003 227th Overall,Draft Pick,,,,,,
5613,Trade TBL/DAL 6/22/2002,Trade,,,,,,
5614,Tobias Stephan,Unsigned,,,,,,
5615,2002 34th Overall,Draft Pick,,,,,,
5616,Trade TBL/OTT 6/30/1999,Trade,,,,,,
5617,Trade TBL/PHI 6/21/2002,Trade,,,,,,
5618,Dan Spang,Unsigned,,,,,,
5619,2002 52nd Overall,Draft Pick,,,,,,
5620,Trade TBL/SJS 6/22/2002,Trade,,,,,,
5621,Adam Henrich,Unsigned,,,,,,
5622,2002 60th Overall,Draft Pick,,,,,,
5623,Gerard Dicaire,Unsigned,,,,,,
5624,2002 162nd Overall,Draft Pick,,,,,,
5625,Joni Pitkanen,Unsigned,,,,,,
5626,2002 4th Overall,Draft Pick,a,,,,,
5627,Trade EDM/CAR 7/1/2008,Trade,a,,,,,
5628,Erik Cole,Unsigned,a,,,,,
5629,Trade MTL/DAL 2/26/2013,Trade,a,,,,,
5630,Connor Crisp,Unsigned,,,,,,
5631,2013 71st Overall,Draft Pick,a,,,,,
5632,Michael Ryder,Unsigned,a,,,,,
5633,Ruslan Fedotenko,Unsigned,,,,,,
5634,Rob Zamuner,Unsigned,,,,,,
5635,Trade TBL/NYR 7/13/1992,Trade,,,,,,
5636,1989 45th Overall,Draft Pick,,,,,,
5637,Trade TOR/NYR 3/5/1987,Trade,,,,,,
5638,Mark Osborne,Unsigned,,,,,,
5639,Trade DET/NYR 6/13/1983,Trade,,,,,,
5640,Trade TOR/WIN 11/10/1990,Trade,,,,,,
5641,Trade WIN/TOR 3/10/1992,Trade,,,,,,
5642,Lucien DeBlois,Unsigned,,,,,,
5643,Trade NYR/CRL 11/2/1979,Trade,,,,,,
5644,Trade CRL/WIN/VAN 7/15/1981,Trade,,,,,,
5645,Trade WIN/MTL 6/13/1984,Trade,,,,,,
5646,1977 8th Overall,Draft Pick,,,,,,
5647,Trade STL/NYR 8/29/1974,Trade,,,,,,
5648,Zenon Konopka,Unsigned,,,,,,
5649,Willie Huber,Unsigned,,,,,,
5650,Trade NYR/VAN 11/4/1987,Trade,,,,,,
5651,Trade VAN/PHI 3/1/1988,Trade,,,,,,
5652,Peter White,Unsigned,,,,,,
5653,1989 92nd Overall,Draft Pick,,,,,,
5654,Trade PHI/VAN 6/13/1987,Trade,,,,,,
5655,Trade EDM/TOR 12/4/1995,Trade,,,,,,
5656,Jason Sessa,Unsigned,,,,,,
5657,1986 86th Overall,Draft Pick,,,,,,
5658,Kent Manderville,Unsigned,,,,,,
5659,Trade PIT/PHI 3/17/2002,Trade,,,,,,
5660,1989 24th Overall,Draft Pick,,,,,,
5661,Billy Tibbetts,Unsigned,,,,,,
5662,Sean Fabian,Unsigned,,,,,,
5663,1987 87th Overall,Draft Pick,,,,,,
5664,Trade VAN/PHI 6/6/1986,Trade,,,,,,
5665,Kent Hawley,Unsigned,,,,,,
5666,1986 28th Overall,Draft Pick,,,,,,
5667,Don Gibson,Unsigned,,,,,,
5668,1986 49th Overall,Draft Pick,,,,,,
5669,Trade VAN/PHI 3/12/1985,Trade,,,,,,
5670,Glen Cochrane,Unsigned,,,,,,
5671,JJ Daigneault,Unsigned,,,,,,
5672,Trade PHI/MTL 11/7/1988,Trade,,,,,,
5673,Trade STL/MTL 11/7/1995,Trade,,,,,,
5674,Trade STL/PIT 3/20/1996,Trade,,,,,,
5675,Trade ANA/PIT 2/21/1997,Trade,,,,,,
5676,Garry Valk,Unsigned,,,,,,
5677,Stephen Wagner,Unsigned,,,,,,
5678,1996 159th Overall,Draft Pick,a,,,,,
5679,Michal Kunc,UTH,a,,,,,
5680,Topias Vilen,NJD,a,,,,,
5681,2021 129th Overall,Draft Pick,,,,,,
5682,Tim Horton,Unsigned,,,,,,
5683,Tim Ecclestone,Unsigned,,,,,,
5684,Trade STL/NYR 6/6/1967,Trade,,,,,,
5685,Trade DET/TOR 11/28/1973,Trade,,,,,,
5686,Trade TOR/WSH 11/1/1974,Trade,,,,,,
5687,Trade WSH/ATF 11/2/1974,Trade,,,,,,
5688,Trade TOR/STL 5/27/1974,Trade,,,,,,
5689,Ed Johnston,Unsigned,,,,,,
5690,Trade TOR/BOS 3/3/1973,Trade,,,,,,
5691,Ian Turnbull,Unsigned,,,,,,
5692,1973 15th Overall,Draft Pick,,,,,,
5693,Trade TOR/LAK 11/11/1981,Trade,,,,,,
5694,John Gibson (1959),Unsigned,,,,,,
5695,Billy Harris (1952),Unsigned,,,,,,
5696,Trade NYI/LAK 3/10/1980,Trade,,,,,,
5697,Dave Lewis,Unsigned,,,,,,
5698,Trade LAK/MNS/NJD 10/2/1983,Trade,,,,,,
5699,Brent Ashton,Unsigned,,,,,,
5700,Trade MNS/QUE 12/14/1984,Trade,,,,,,
5701,Trade QUE/DET 1/17/1987,Trade,,,,,,
5702,Trade DET/WIN 6/13/1988,Trade,,,,,,
5703,Trade WIN/BOS 10/29/1991,Trade,,,,,,
5704,Trade BOS/CGY 2/1/1993,Trade,,,,,,
5705,CJ Young,Unsigned,,,,,,
5706,Petri Skriko,Unsigned,,,,,,
5707,Trade VAN/BOS 1/16/1991,Trade,,,,,,
5708,Michael Peca,Unsigned,,,,,,
5709,1992 40th Overall,Draft Pick,,,,,,
5710,Trade VAN/BUF 7/8/1995,Trade,,,,,,
5711,Trade BUF/NYI 6/24/2001,Trade,,,,,,
5712,Trade EDM/NYI 8/3/2005,Trade,,,,,,
5713,Kevin Montgomery,Unsigned,,,,,,
5714,2006 110th Overall,Draft Pick,,,,,,
5715,Trade NYI/COL 6/24/2006,Trade,,,,,,
5716,Trade EDM/COL 2/28/2001,Trade,,,,,,
5717,Shawn Belle,Unsigned,,,,,,
5718,Trade STL/DAL 6/25/2004,Trade,a,,,,,
5719,Trade DAL/MIN 3/9/2006,Trade,a,,,,,
5720,Trade MIN/MTL 7/11/2008,Trade,a,,,,,
5721,2003 30th Overall,Draft Pick,a,,,,,
5722,Riley Mercer,MIN,a,,,,,
5723,Taylor Gauthier,Unsigned,a,,,,,
5724,Carter Yakemchuk,OTT,a,,,,,
5725,Tomas Hamara,OTT,a,,,,,
5726,2022 87th Overall,Draft Pick,a,,,,,
5727,Tyler Boucher,OTT,a,,,,,
5728,Wyatt Bongiovanni,OTT,a,,,,,
5729,Willie Mitchell,Unsigned,,,,,,
5730,Trade NJD/MIN 3/4/2001,Trade,,,,,,
5731,Sean O'Donnell,Unsigned,,,,,,
5732,Trade LAK/BUF 7/26/1994,Trade,,,,,,
5733,Trade PHX/ANA 3/9/2006,Trade,,,,,,
5734,Joel Perrault,Unsigned,,,,,,
5735,Doug Houda,Unsigned,,,,,,
5736,Trade DET/HFD 2/20/1991,Trade,,,,,,
5737,Trade HFD/LAK 11/3/1993,Trade,,,,,,
5738,Marc Potvin,Unsigned,,,,,,
5739,Doug Crossman,Unsigned,,,,,,
5740,Trade CHI/PHI 6/8/1983,Trade,,,,,,
5741,Trade PHI/CHI 9/29/1988,Trade,,,,,,
5742,Trade DET/QUE 6/15/1992,Trade,,,,,,
5743,Trade TBL/STL 6/28/1993,Trade,,,,,,
5744,Andrei Petrakov,Unsigned,,,,,,
5745,1996 97th Overall,Draft Pick,,,,,,
5746,Jason Ruff,Unsigned,,,,,,
5747,Basil McRae,Unsigned,,,,,,
5748,Dennis Vial,Unsigned,,,,,,
5749,Trade NYR/DET 3/5/1991,Trade,,,,,,
5750,Trade DET/TBL 6/8/1993,Trade,,,,,,
5751,Steve Maltais,Unsigned,,,,,,
5752,Trade MNS/WSH 6/21/1991,Trade,,,,,,
5753,Trade MNS/QUE 3/8/1992,Trade,,,,,,
5754,Kip Miller,Unsigned,,,,,,
5755,Trade PIT/ANA 1/29/2000,Trade,,,,,,
5756,Roman Simicek,Unsigned,,,,,,
5757,2000 273rd Overall,Draft Pick,,,,,,
5758,Trade PIT/MIN 1/13/2001,Trade,,,,,,
5759,Steve McKenna,Unsigned,,,,,,
5760,Shawn Chambers,Unsigned,,,,,,
5761,Trade TBL/NJD 3/14/1995,Trade,,,,,,
5762,Alexander Semak,Unsigned,,,,,,
5763,Trade TBL/NYI 9/14/1995,Trade,,,,,,
5764,1988 207th Overall,Draft Pick,,,,,,
5765,Trade BOS/NJD 3/8/1988,Trade,,,,,,
5766,Steve Tsujiura,Unsigned,,,,,,
5767,Karel Betik,Unsigned,,,,,,
5768,1997 112th Overall,Draft Pick,,,,,,
5769,Ben Hankinson,Unsigned,,,,,,
5770,Danton Cole,Unsigned,,,,,,
5771,Trade CHI/NYI 2/2/1996,Trade,,,,,,
5772,Bob Halkidis,Unsigned,,,,,,
5773,Trade BUF/LAK 11/24/1989,Trade,,,,,,
5774,Dale DeGray,Unsigned,,,,,,
5775,Trade CGY/TOR 9/17/1987,Trade,,,,,,
5776,Scott Matusovich,Unsigned,,,,,,
5777,1988 80th Overall,Draft Pick,,,,,,
5778,Trent Klatt,Unsigned,,,,,,
5779,Trade DAL/PHI 12/13/1995,Trade,,,,,,
5780,Trade PHI/VAN 10/19/1998,Trade,,,,,,
5781,Jeff Dwyer,Unsigned,,,,,,
5782,2000 178th Overall,Draft Pick,,,,,,
5783,Trade PHI/ATL 3/14/2000,Trade,,,,,,
5784,Pasi Nurminen,Unsigned,,,,,,
5785,2001 189th Overall,Draft Pick,,,,,,
5786,Kirby Law,Unsigned,,,,,,
5787,Brent Fedyk,Unsigned,,,,,,
5788,Trade DET/PHI 10/1/1992,Trade,,,,,,
5789,Charles Paquette,Unsigned,,,,,,
5790,1993 88th Overall,Draft Pick,,,,,,
5791,Trade BOS/PHI 1/2/1992,Trade,,,,,,
5792,Trade PHI/DET 6/20/1993,Trade,,,,,,
5793,Frederic Deschenes,Unsigned,,,,,,
5794,1994 114th Overall,Draft Pick,,,,,,
5795,Trade PHI/WIN 10/1/1992,Trade,,,,,,
5796,Trade PHI/Win 6/11/1993,Trade,,,,,,
5797,Dave Roche,Unsigned,,,,,,
5798,1993 62nd Overall,Draft Pick,,,,,,
5799,Trade PIT/PHI 2/19/1992,Trade,,,,,,
5800,Trade PIT/CGY 6/17/1998,Trade,,,,,,
5801,Trade NYI/ANA 1/14/2002,Trade,,,,,,
5802,Trade ANA/NYI 3/19/2002,Trade,,,,,,
5803,Willie Brossart,Unsigned,,,,,,
5804,Wes Walz,Unsigned,,,,,,
5805,1989 57th Overall,Draft Pick,,,,,,
5806,Trade BOS/EDM 6/17/1989,Trade,,,,,,
5807,Tommy Lehmann,Unsigned,,,,,,
5808,Tony McKegney,Unsigned,,,,,,
5809,Trade BUF/QUE 6/8/1983,Trade,,,,,,
5810,Trade MNS/NYR 11/13/1986,Trade,,,,,,
5811,Trade STL/NYR 5/28/1987,Trade,,,,,,
5812,Trade STL/DET 6/15/1989,Trade,,,,,,
5813,Trade DET/QUE 12/4/1989,Trade,,,,,,
5814,Trade QUE/CHI 1/29/1991,Trade,,,,,,
5815,Jacques Cloutier,Unsigned,,,,,,
5816,Trade CHI/BUF 9/28/1989,Trade,,,,,,
5817,1979 55th Overall,Draft Pick,,,,,,
5818,Trade NYR/BUF 3/12/1979,Trade,,,,,,
5819,Sean McKenna,Unsigned,,,,,,
5820,1980 56th Overall,Draft Pick,,,,,,
5821,Trade LAK/BUF 1/29/1986,Trade,,,,,,
5822,Doug Smith,Unsigned,,,,,,
5823,Trade LAK/DET 8/22/1979,Trade,,,,,,
5824,Trade VAN/EDM 3/7/1989,Trade,,,,,,
5825,1981 2nd Overall,Draft Pick,,,,,,
5826,Larry Murphy,HOF,,,,,,
5827,1980 4th Overall,Draft Pick,,,,,,
5828,Trade LAK/WSH 10/18/1983,Trade,,,,,,
5829,Trade WSH/MNS 3/7/1989,Trade,,,,,,
5830,Trade MNS/PIT 12/11/1990,Trade,,,,,,
5831,Trade PIT/TOR 7/8/1995,Trade,,,,,,
5832,Josh DeWolf,Unsigned,,,,,,
5833,1996 41st Overall,Draft Pick,,,,,,
5834,Trade NJD/PIT 6/22/1996,Trade,,,,,,
5835,Pavel Skrbek,Unsigned,,,,,,
5836,1996 28th Overall,Draft Pick,,,,,,
5837,Trade SJS/NJD 11/15/1995,Trade,,,,,,
5838,Trade PIT/NSH 03/13/2000,Trade,,,,,,
5839,Bob Boughner,Unsigned,,,,,,
5840,Trade FLA/BUF 2/1/1996,Trade,,,,,,
5841,Trade CGY/CAR 7/16/2003,Trade,,,,,,
5842,Trade COL/CAR 2/20/2004,Trade,,,,,,
5843,Risto Korhonen,Unsigned,,,,,,
5844,2005 159th Overall,Draft Pick,,,,,,
5845,Casey Borer,Unsigned,,,,,,
5846,2004 69th Overall,Draft Pick,,,,,,
5847,Trade COL/WSH 10/22/2003,Trade,,,,,,
5848,Jonas Johansson (1984),Unsigned,,,,,,
5849,Bates Battaglia,Unsigned,,,,,,
5850,Trade ANA/HFD 3/18/1997,Trade,a,,,,,
5851,Trade COL/CAR 3/11/2003,Trade,a,,,,,
5852,Radim Vrbata,Unsigned,a,,,,,
5853,Trade CAR/CHI 12/29/2005,Trade,a,,,,,
5854,Trade CHI/PHX 8/11/2007,Trade,a,,,,,
5855,Trade TBL/PHX 7/21/2009,Trade,a,,,,,
5856,David Edstrom,NSH,a,,,,,
5857,Todd Hlushko,Unsigned,,,,,,
5858,Todd Fedoruk,Unsigned,,,,,,
5859,Trade PHI/ANA 7/29/2005,Trade,,,,,,
5860,Trade ANA/PHI 11/13/2006,Trade,,,,,,
5861,1997 164th Overall,Draft Pick,,,,,,
5862,Trade PHI/LAK 3/19/1996,Trade,,,,,,
5863,Mikael Simons,Unsigned,,,,,,
5864,1996 84th Overall,Draft Pick,,,,,,
5865,Trade PHI/TOR 8/30/1995,Trade,,,,,,
5866,Francis Larivee,Unsigned,,,,,,
5867,1996 50th Overall,Draft Pick,,,,,,
5868,Dainius Zubrus,Unsigned,,,,,,
5869,1996 15th Overall (Zubrus),Draft Pick,,,,,,
5870,Jean-Marc Pelletier,Unsigned,,,,,,
5871,1997 30th Overall (Pelletier),Draft Pick,,,,,,
5872,Trade CAR/PHX 12/31/2002,Trade,,,,,,
5873,Patrick DesRochers,Unsigned,,,,,,
5874,Dmitri Yushkevich,Unsigned,,,,,,
5875,Trade TOR/FLA 7/18/2002,Trade,,,,,,
5876,Trade LAK/FLA 11/26/2002,Trade,,,,,,
5877,Trade LAK/PHI 3/1/2003,Trade,,,,,,
5878,1991 122nd Overall,Draft Pick,,,,,,
5879,Trade PHI/EDM 2/7/1989,Trade,,,,,,
5880,Dave Brown,Unsigned,,,,,,
5881,Trade PHI/EDM 5/30/1991,Trade,,,,,,
5882,Scott Mellanby,Unsigned,,,,,,
5883,Trade FLA/STL 2/9/2001,Trade,,,,,,
5884,1984 27th Overall,Draft Pick,,,,,,
5885,Vince Bellissimo,Unsigned,,,,,,
5886,2002 158th Overall,Draft Pick,,,,,,
5887,David Morisset,Unsigned,,,,,,
5888,Craig Fisher,Unsigned,,,,,,
5889,Craig Berube,Unsigned,,,,,,
5890,Trade CGY/WSH 6/26/1993,Trade,,,,,,
5891,Trade WSH/NYI 1/11/2001,Trade,,,,,,
5892,Robert Muller,Unsigned,,,,,,
5893,2001 275th Overall,Draft Pick,,,,,,
5894,Darryl LaFrance,Unsigned,,,,,,
5895,1993 121st Overall,Draft Pick,,,,,,
5896,Corey Foster,Unsigned,,,,,,
5897,Trade NJD/EDM 6/17/1989,Trade,,,,,,
5898,Jason Miller,Unsigned,,,,,,
5899,1989 18th Overall,Draft Pick,,,,,,
5900,Trade LAK/EDM 8/9/1988,Trade,,,,,,
5901,Martin Rucinsky,Unsigned,,,,,,
5902,1991 20th Overall,Draft Pick,,,,,,
5903,Trade COL/MTL 12/6/1995,Trade,,,,,,
5904,Trade MTL/DAL 11/21/1991,Trade,,,,,,
5905,Trade DAL/NYR 3/12/2002,Trade,,,,,,
5906,Barrett Heisten,Unsigned,,,,,,
5907,Manny Malhotra,Unsigned,,,,,,
5908,Roman Lyashenko,Unsigned,,,,,,
5909,Shaun Van Allen,Unsigned,,,,,,
5910,Trade ANA/OTT 10/1/1996,Trade,,,,,,
5911,Trade DAL/OTT 7/12/2000,Trade,,,,,,
5912,Wayne Gretzky,HOF,,,,,,
5913,Trade STL/LAK 2/27/1996,Trade,,,,,,
5914,Peter Hogan,Unsigned,,,,,,
5915,1996 123rd Overall,Draft Pick,,,,,,
5916,Matt Zultek,Unsigned,,,,,,
5917,1997 15th Overall,Draft Pick,,,,,,
5918,Trade STL/EDM 8/4/1995,Trade,,,,,,
5919,Matt Zultek (2nd draft),Unsigned,,,,,,
5920,Trade BOS/PHI 2/13/2001,Trade,,,,,,
5921,Marcel Rodman,Unsigned,,,,,,
5922,2001 282nd Overall,Draft Pick,a,,,,,
5923,Marty Reasoner,Unsigned,a,,,,,
5924,1996 14th Overall,Draft Pick,a,,,,,
5925,Trade STL/EDM 6/30/2001,Trade,a,,,,,
5926,Trade CHI/FLA 7/22/2010,Trade,a,,,,,
5927,Jeff Taffe,Unsigned,,,,,,
5928,Trade STL/PHX 3/13/2001,Trade,,,,,,
5929,Trade PHX/NYR 1/24/2006,Trade,,,,,,
5930,Martin Sonnenberg,Unsigned,,,,,,
5931,Ben Eager,Unsigned,a,,,,,
5932,2002 23rd Overall,Draft Pick,a,,,,,
5933,Trade PHX/PHI 2/9/2004,Trade,a,,,,,
5934,Trade PHI/CHI 12/18/2007,Trade,a,,,,,
5935,Trade ATL/SJS 1/18/2011,Trade,a,,,,,
5936,Austen Brassard,Unsigned,,,,,,
5937,2011 149th Overall,Draft Pick,,,,,,
5938,Jim Vandermeer,Unsigned,,,,,,
5939,Trade PHI/CHI 2/19/2004,Trade,,,,,,
5940,Trade PHI/CGY 2/20/2008,Trade,,,,,,
5941,Trade CGY/PHX 6/27/2009,Trade,,,,,,
5942,Brandon Prust,Unsigned,,,,,,
5943,2004 70th Overall,Draft Pick,,,,,,
5944,Adam Morrison,Unsigned,,,,,,
5945,2009 81st Overall,Draft Pick,a,,,,,
5946,Bryan Bickell,Unsigned,a,,,,,
5947,2004 41st Overall,Draft Pick,a,,,,,
5948,Trade LAK/PHI 5/28/2003,Trade,a,,,,,
5949,Roman Cechmanek,Unsigned,,,,,,
5950,2000 171st Overall,Draft Pick,,,,,,
5951,Trade TBL/PHI 6/25/2000,Trade,,,,,,
5952,Milan Kopecky,Unsigned,,,,,,
5953,2000 287th Overall,Draft Pick,,,,,,
5954,Trade TBL/TOR 8/5/1999,Trade,,,,,,
5955,Ken Holland,HOF,,,,,,
5956,Tim Connolly,Unsigned,,,,,,
5957,Jarome Iginla,HOF,,,,,,
5958,Trade CGY/DAL 12/19/1995,Trade,,,,,,
5959,Joe Nieuwendyk,HOF,,,,,,
5960,Trade NJD/DAL 3/19/2002,Trade,,,,,,
5961,1985 27th Overall,Draft Pick,,,,,,
5962,Daniel Paille,Unsigned,,,,,,
5963,2002 20th Overall,Draft Pick,,,,,,
5964,Trade BOS/BUF 10/20/2009,Trade,,,,,,
5965,Kevin Sundher,Unsigned,,,,,,
5966,2010 75th Overall,Draft Pick,,,,,,
5967,Kevin Lowe,HOF,,,,,,
5968,Trade EDM/NYR 12/11/1992,Trade,,,,,,
5969,Alexander Kerch,Unsigned,,,,,,
5970,1993 60th Overall,Draft Pick,,,,,,
5971,Roman Oksiuta,Unsigned,,,,,,
5972,Trade ANA/VAN 4/7/1995,Trade,,,,,,
5973,Trade ANA/PIT 3/18/1997,Trade,,,,,,
5974,Richard Park,Unsigned,,,,,,
5975,Doug Wilson,HOF,,,,,,
5976,Trade SJS/CHI 9/6/1991,Trade,,,,,,
5977,Boris Mironov,Unsigned,,,,,,
5978,1992 27th Overall,Draft Pick,,,,,,
5979,Trade CHI/WIN 6/20/1992,Trade,,,,,,
5980,Trade WIN/EDM 3/15/1994,Trade,,,,,,
5981,Trade CHI/EDM 3/20/1999,Trade,,,,,,
5982,Trade CHI/NYR 1/8/2003,Trade,,,,,,
5983,Fredrik Naslund,Unsigned,,,,,,
5984,2004 104th Overall,Draft Pick,,,,,,
5985,Trade CHI/DAL 11/17/2003,Trade,,,,,,
5986,Dmitri Levinsky,Unsigned,,,,,,
5987,1999 46th Overall,Draft Pick,,,,,,
5988,Jakub Sindel,Unsigned,,,,,,
5989,2004 54th Overall,Draft Pick,,,,,,
5990,Guy Carbonneau,HOF,,,,,,
5991,1979 44th Overall,Draft Pick,,,,,,
5992,Trade STL/MTL 8/18/1977,Trade,,,,,,
5993,Trade STL/MTL 8/19/2004,Trade,,,,,,
5994,Paul Broten,Unsigned,,,,,,
5995,Jim Rutherford,HOF,,,,,,
5996,Trade PIT/DET 1/17/1974,Trade,,,,,,
5997,Trade DET/TOR 12/4/1980,Trade,,,,,,
5998,Trade TOR/LAK 3/8/1981,Trade,,,,,,
5999,Barry Brigley,Unsigned,,,,,,
6000,1981 102nd Overall,Draft Pick,,,,,,
6001,Sergei Zubov,HOF,,,,,,
6002,Trade PIT/DAL 6/22/1996,Trade,,,,,,
6003,1990 95th Overall,Draft Pick,,,,,,
6004,Trade QUE/NYR 6/16/1990,Trade,,,,,,
6005,Guy Lafleur,HOF,,,,,,
6006,Trade QUE/MNS 5/31/1991,Trade,,,,,,
6007,1971 1st Overall,Draft Pick,,,,,,
6008,Trade MTL/CGS 5/22/1970,Trade,,,,,,
6009,Chris Oddleifson,Unsigned,,,,,,
6010,1970 10th Overall,Draft Pick,,,,,,
6011,Trade CGS/BOS 11/17/1971,Trade,,,,,,
6012,Trade BOS/VAN 2/7/1974,Trade,,,,,,
6013,Bobby Schmautz,Unsigned,,,,,,
6014,Trade STL/MTL 6/27/1969,Trade,,,,,,
6015,Trade BOS/EDM 12/9/1979,Trade,,,,,,
6016,Trade EDM/CRL 2/25/1980,Trade,,,,,,
6017,Don Ashby,Unsigned,,,,,,
6018,Trade TOR/CRL 3/13/1979,Trade,,,,,,
6019,Trevor Johansen,Unsigned,,,,,,
6020,1977 12th Overall,Draft Pick,,,,,,
6021,Trade TOR/PIT 9/13/1974,Trade,,,,,,
6022,Rick Kehoe,Unsigned,,,,,,
6023,1971 22nd Overall,Draft Pick,,,,,,
6024,Trade PHI/TOR 1/31/1971,Trade,,,,,,
6025,Pierre Plante,Unsigned,,,,,,
6026,1971 9th Overall,Draft Pick,a,,,,,
6027,Trade STL/PHI 12/14/1972,Trade,a,,,,,
6028,Trade CHI/STL 8/9/1977,Trade,a,,,,,
6029,Trade CHI/MNS 3/14/1978,Trade,a,,,,,
6030,Will Cranley,STL,a,,,,,
6031,2020 163rd Overall,Draft Pick,a,,,,,
6032,Austin Roest,NSH,a,,,,,
6033,Mitchell Gibson,Unsigned,a,,,,,
6034,Teppo Numminen,Unsigned,,,,,,
6035,Ted Taylor,Unsigned,,,,,,
6036,Trade TOR/MNS 12/23/1967,Trade,,,,,,
6037,Milan Marcetta,Unsigned,,,,,,
6037.1,Trade OAK/TOR 10/12/1967,Trade,,,,,,
6038,JP Parise,Unsigned,,,,,,
6038.1,Trade NYI/MNS 1/5/1975,Trade,,,,,,
6039,Trade CLE/NYI 1/10/1978,Trade,,,,,,
6040,Darcy Regier,Unsigned,,,,,,
6041,Willie O'Ree,HOF,,,,,,
6042,Trade BOS/MTL 5/10/1961,Trade,,,,,,
6043,Stan Maxwell,Unsigned,,,,,,
6044,Martin St Louis,HOF,,,,,,
6045,Terry Gray,Unsigned,,,,,,
6046,Trade CHI/MTL 6/7/1960,Trade,,,,,,
6047,Trade BOS/MTL 11/1/1962,Trade,,,,,,
6048,Trade MTL/BOS 6/4/1963,Trade,,,,,,
6049,Trade STL/LAK 6/11/1968,Trade,,,,,,
6050,Myron Stankiewicz,Unsigned,,,,,,
6051,Trade BOS/DET 6/1/1960,Trade,,,,,,
6052,Al Millar,Unsigned,,,,,,
6053,Dave Andreychuk,HOF,,,,,,
6054,Trade BUF/TOR 2/2/1993,Trade,,,,,,
6055,Trade TOR/NJD 3/13/1996,Trade,,,,,,
6056,Andre Lakos,Unsigned,,,,,,
6057,1999 95th Overall,Draft Pick,,,,,,
6058,Trade NJD/TOR 2/25/1997,Trade,,,,,,
6059,Trade NJD/DAL 1/15/2002,Trade,,,,,,
6060,Valeri Kamensky,Unsigned,,,,,,
6061,Paul Kariya,HOF,,,,,,
6062,Jason Smith,Unsigned,a,,,,,
6063,Trade TOR/EDM 3/23/1999,Trade,a,,,,,
6064,Kris Vernarsky,Unsigned,a,,,,,
6065,2000 51st Overall,Draft Pick,a,,,,,
6066,Mark Recchi,HOF,a,,,,,
6067,Trade PHI/MTL 2/9/1995,Trade,a,,,,,
6068,Trade MTL/PHI 3/10/1999,Trade,a,,,,,
6069,Scott Selig,Unsigned,,,,,,
6070,2000 172nd Overall,Draft Pick,,,,,,
6071,Trade PHI/NYI 8/25/1998,Trade,,,,,,
6072,Raymond Giroux,Unsigned,,,,,,
6073,1994 202nd Overall,Draft Pick,,,,,,
6074,Trade PHI/DAL 3/21/1994,Trade,,,,,,
6075,Pelle Eklund,Unsigned,,,,,,
6076,Eric Lindros,HOF,,,,,,
6077,Trade PHI/NYR 8/20/2001,Trade,,,,,,
6078,Brayden Yager,WPG,a,,,,,
6079,Wayne Merrick,Unsigned,,,,,,
6080,Trade STL/CGS 11/24/1975,Trade,,,,,,
6081,Reg Kerr,Unsigned,,,,,,
6082,1977 41st Overall,Draft Pick,,,,,,
6083,Trade STL/CGS 3/9/1976,Trade,,,,,,
6084,Cal Sandbeck,Unsigned,,,,,,
6085,1976 79th Overall,Draft Pick,,,,,,
6086,Pat Quinn,HOF,,,,,,
6087,Trade STL/MTL 6/14/1967,Trade,,,,,,
6088,Ron Attwell,Unsigned,,,,,,
6089,Rogie Vachon,HOF,,,,,,
6090,Trade MTL/LAK 11/4/1971,Trade,,,,,,
6091,Trade BOS/DET 7/15/1980,Trade,,,,,,
6092,Gilles Gilbert,Unsigned,,,,,,
6093,Trade MNS/BOS 5/22/1973,Trade,,,,,,
6094,Sergei Fedorov,HOF,,,,,,
6095,Trade ANA/CBJ 11/15/2005,Trade,,,,,,
6096,Trade CBJ/WSH 2/26/2008,Trade,,,,,,
6097,Bill Hay,HOF,,,,,,
6098,Nicklas Lidstrom,HOF,,,,,,
6099,Chris Pronger,HOF,x,,,,,
6100,1993 2nd Overall,Draft Pick,,,,,,
6101,Trade HFD/FLA 6/26/1993,Trade,,,,,,
6102,Trade HFD/STL 7/27/1995,Trade,,,,,,
6103,Trade EDM/STL 8/2/2005,Trade,,,,,,
6104,Dominik Hasek,HOF,,,,,,
6105,Trade CHI/BUF 8/7/1992,Trade,,,,,,
6106,Mike Modano,HOF,,,,,,
6107,Chris Chelios,HOF,,,,,,
6108,Trade CHI/MTL 6/29/1990,Trade,,,,,,
6109,Trade CHI/DET 3/23/1999,Trade,,,,,,
6110,Scott Niedermayer,HOF,,,,,,
6111,1991 3rd Overall,Draft Pick,,,,,,
6112,Trade NJD/TOR 10/16/1989,Trade,,,,,,
6113,Brendan Shanahan,HOF,,,,,,
6114,Trade NJD/STL 7/25/1991,Trade,,,,,,
6115,Fred Shero,HOF,,,,,,
6116,Trade PHI/NYR 6/2/1978 (Shero Comp),Trade,,,,,,
6117,Pavel Bure,HOF,,,,,,
6118,Trade VAN/FLA 1/17/1999,Trade,,,,,,
6119,Adam Oates,HOF,,,,,,
6120,Trade BOS/WSH 3/1/1997,Trade,,,,,,
6121,Trade WSH/PHI 3/19/2002,Trade,,,,,,
6122,Joe Sakic,HOF,,,,,,
6123,1987 15th Overall,Draft Pick,,,,,,
6124,Trade WSH/QUE 6/13/1987,Trade,,,,,,
6125,Mats Sundin,HOF,,,,,,
6126,Ed Belfour,HOF,,,,,,
6127,Trade CHI/SJS 1/26/1997,Trade,,,,,,
6128,Trade NSH/DAL 6/29/2002,Trade,,,,,,
6129,Doug Gilmour,HOF,,,,,,
6130,Trade CHI/BUF 3/10/2000,Trade,,,,,,
6131,Trade MTL/TOR 3/11/2003,Trade,,,,,,
6132,Mark Howe,HOF,,,,,,
6133,1974 25th Overall,Draft Pick,,,,,,
6134,Trade STL/BOS 10/5/1973,Trade,,,,,,
6135,Trade PHI/HFD 8/19/1982,Trade,,,,,,
6136,Dino Ciccarelli,HOF,,,,,,
6137,Trade WSH/DET 6/20/1992,Trade,,,,,,
6138,Trade DET/TBL 8/27/1996,Trade,,,,,,
6139,Trade TBL/FLA 1/15/1998,Trade,,,,,,
6140,Brett Hull,HOF,,,,,,
6141,Luc Robitaille,HOF,,,,,,
6142,Trade LAK/PIT 7/29/1994,Trade,,,,,,
6143,Trade LAK/NYR 8/28/1997,Trade,,,,,,
6144,Steve Yzerman,HOF,,,,,,
6145,Glenn Anderson,HOF,,,,,,
6146,Trade TOR/NYR 3/21/1994,Trade,,,,,,
6147,1979 69th Overall,Draft Pick,,,,,,
6148,Trade EDM/MNS 6/9/1979,Trade,,,,,,
6149,Igor Larionov,HOF,,,,,,
6150,Trade DET/SJS 10/24/1995,Trade,,,,,,
6151,Trade FLA/DET 12/28/2000,Trade,,,,,,
6152,Ron Francis,HOF,,,,,,
6153,Trade CAR/TOR 3/9/2004,Trade,,,,,,
6154,Al MacInnis,HOF,,,,,,
6155,Mark Messier,HOF,,,,,,
6156,Trade EDM/NYR 10/4/1991,Trade,,,,,,
6157,1979 49th Overall,Draft Pick,,,,,,
6158,Trade MNS/EDM 8/9/1979,Trade,,,,,,
6159,Dick Duff,HOF,,,,,,
6160,Trade TOR/NYR 2/22/1964,Trade,,,,,,
6161,Trade MTL/NYR 12/21/1964,Trade,,,,,,
6162,Trade MTL/MNS 6/7/1967,Trade,,,,,,
6163,Trade MTL/MNS 6/1/1969,Trade,,,,,,
6164,Trade MTL/LAK 1/23/1970,Trade,,,,,,
6165,Trade LAK/BUF 11/24/1970,Trade,,,,,,
6166,Patrick Roy,HOF,,,,,,
6167,1984 51st Overall,Draft Pick,,,,,,
6168,Trade MTL/WIN 11/4/1983,Trade,,,,,,
6169,Murray Costello,HOF,,,,,,
6170,Trade CHI/BOS 10/4/1954,Trade,,,,,,
6171,Trade BOS/DET 1/16/1956,Trade,,,,,,
6172,Cam Neely,HOF,,,,,,
6173,Trade VAN/BOS 6/6/1986,Trade,,,,,,
6174,Grant Fuhr,HOF,,,,,,
6175,Trade BUF/LAK 2/14/1995,Trade,,,,,,
6176,Trade STL/CGY 9/5/1999,Trade,,,,,,
6177,Brian Kilrea,HOF,,,,,,
6178,Bernie Federko,HOF,,,,,,
6179,Clark Gillies,HOF,,,,,,
6180,Rod Langway,HOF,,,,,,
6181,Trade MTL/WSH 9/9/1982,Trade,,,,,,
6182,Viacheslav Fetisov,HOF,,,,,,
6183,Trade NJD/DET 4/3/1995,Trade,,,,,,
6184,Mike Gartner,HOF,,,,,,
6185,Trade MNS/NYR 3/6/1990,Trade,,,,,,
6186,Trade TOR/PHX 6/22/1996,Trade,,,,,,
6187,Dale Hawerchuk,HOF,,,,,,
6188,Trade STL/PHI 3/15/1996,Trade,,,,,,
6189,Jari Kurri,HOF,,,,,,
6190,Joe Mullen,HOF,,,,,,
6191,Trade STL/CGY 2/1/1986,Trade,,,,,,
6192,Trade CGY/PIT 6/16/1990,Trade,,,,,,
6193,Denis Savard,HOF,,,,,,
6194,Trade TBL/CHI 4/6/1995,Trade,,,,,,
6195,1980 3rd Overall,Draft Pick,,,,,,
6196,Trade QUE/CHI 6/9/1979,Trade,,,,,,
6197,Roy Conacher,HOF,,,,,,
6198,Trade DET/BOS 8/1/1946,Trade,,,,,,
6199,Michel Goulet,HOF,,,,,,
6200,Trade CHI/QUE 3/5/1990,Trade,,,,,,
6201,Peter Stastny,HOF,,,,,,
6202,Trade QUE/NJD 3/6/1990,Trade,,,,,,
6203,Mario Lemieux,HOF,,,,,,
6204,Glen Sather,HOF,,,,,,
6205,Trade PIT/NYR 1/26/1971,Trade,,,,,,
6206,Trade NYR/STL 10/28/1973,Trade,,,,,,
6207,Trade MTL/MNS 7/9/1975,Trade,,,,,,
6208,Bryan Trottier,HOF,,,,,,
6209,Al Arbour,HOF,,,,,,
6210,Bobby Bauer,HOF,,,,,,
6211,Borje Salming,HOF,,,,,,
6212,Bun Cook,HOF,,,,,,
6213,Larry Robinson,HOF,,,,,,
6214,1971 20th Overall,Draft Pick,,,,,,
6215,Lionel Conacher,HOF,,,,,,
6216,Trade MTM/CHI 10/1/1933,Trade,,,,,,
6217,Trade MTM/MTL 10/3/1934,Trade,,,,,,
6218,Trade CHI/MTL 10/3/1934,Trade,,,,,,
6219,Harry Watson,HOF,,,,,,
6220,Trade DET/TOR 9/21/1946,Trade,,,,,,
6221,Guy Lapointe,HOF,,,,,,
6222,Trade MTL/STL 3/9/1982,Trade,,,,,,
6223,Edgar Laprade,HOF,,,,,,
6224,Steve Shutt,HOF,,,,,,
6225,1972 4th Overall,Draft Pick,,,,,,
6226,Trade MTL/LAK 6/11/1968,Trade,,,,,,
6227,Trade MTL/LAK 11/18/1984,Trade,,,,,,
6228,Billy Smith,HOF,,,,,,
6229,Keith Allen,HOF,,,,,,
6230,Marcel Dionne,HOF,,,,,,
6231,Trade DET/LAK 6/23/1975,Trade,,,,,,
6232,Trade LAK/NYR 3/10/1987,Trade,,,,,,
6233,Woody Dumart,HOF,,,,,,
6234,Bob Gainey,HOF,,,,,,
6235,1973 8th Overall,Draft Pick,,,,,,
6236,Trade STL/MTL 5/15/1973,Trade,,,,,,
6237,Frank Mathers,HOF,,,,,,
6238,Trade TOR/NYR 4/26/1948,Trade,,,,,,
6239,Lanny McDonald,HOF,,,,,,
6240,Trade TOR/CLR 12/29/1979,Trade,,,,,,
6241,Mike Bossy,HOF,,,,,,
6242,Denis Potvin,HOF,,,,,,
6243,Bob Pulford,HOF,,,,,,
6244,Trade LAK/TOR 9/3/1970,Trade,,,,,,
6245,Clint Smith,HOF,,,,,,
6246,Bill Barber,HOF,,,,,,
6247,Fern Flaman,HOF,,,,,,
6248,Trade BOS/TOR 11/15/1950,Trade,,,,,,
6249,Trade TOR/BOS 7/19/1954,Trade,,,,,,
6250,Gilbert Perreault,HOF,,,,,,
6251,Jason Pominville,Unsigned,a,,,,,
6252,Kyle Brodziak,Unsigned,,,,,,
6253,Dan Girardi,Unsigned,,,,,,
6254,Niklas Kronwall,Unsigned,,,,,,
6255,Dion Phaneuf,Unsigned,,,,,,
6256,Trade CGY/TOR 1/31/2010,Trade,,,,,,
6257,Chris Kunitz,Unsigned,,,,,,
6258,Trade ANA/PIT 2/26/2009,Trade,a,,,,,
6259,Dustin Byfuglien,Unsigned,a,,,,,
6260,Jason Chimera,Unsigned,,,,,,
6261,Trade PHX/EDM 6/26/2004,Trade,,,,,,
6262,Trade CBJ/PHX 10/8/2005,Trade,,,,,,
6263,Trade WSH/CBJ 12/28/2009,Trade,,,,,,
6264,Daniel Winnik,Unsigned,,,,,,
6265,Trade COL/PHX 6/28/2010,Trade,a,,,,,
6266,Antoine Vermette,Unsigned,a,,,,,
6267,Brooks Orpik,Unsigned,a,,,,,
6268,Drew Stafford,Unsigned,a,,,,,
6269,Brandon Dubinsky,Unsigned,,,,,,
6270,2004 60th Overall,Draft Pick,a,,,,,
6271,Trade PHX/NYR 6/26/2004,Trade,a,,,,,
6272,Charle-Edouard D'Astous,TBL,a,,,,,
6273,Henrik Zetterberg,Unsigned,,,,,,
6274,Francois Beauchemin,Unsigned,,,,,,
6275,Cody McLeod,Unsigned,,,,,,
6276,Trade COL/NSH 1/13/2017,Trade,,,,,,
6277,Trade NSH/NYR 2/6/2019,Trade,,,,,,
6278,Joel Ward,Unsigned,,,,,,
6279,Jussi Jokinen,Unsigned,,,,,,
6280,Trade TBL/CAR 2/7/2009,Trade,,,,,,
6281,Trade LAK/EDM 11/14/2017,Trade,,,,,,
6282,Johnny Oduya,Unsigned,,,,,,
6283,Trade DAL/CHI 2/28/2017,Trade,,,,,,
6284,Derek MacKenzie,Unsigned,,,,,,
6285,Alexandre Burrows,Unsigned,,,,,,
6286,Matt Moulson,Unsigned,a,,,,,
6287,Andrew MacDonald,Unsigned,,,,,,
6288,Matt Stajan,Unsigned,,,,,,
6289,Ben Lovejoy,Unsigned,,,,,,
6290,Trade PIT/ANA 2/6/2013,Trade,a,,,,,
6291,Trade PIT/ANA 3/2/2015,Trade,a,,,,,
6292,Chris Thorburn,Unsigned,a,,,,,
6293,Kevin Bieksa,Unsigned,,,,,,
6294,Jamie McGinn,Unsigned,a,,,,,
6295,2006 36th Overall,Draft Pick,,,,,,
6296,Dominic Moore,Unsigned,,,,,,
6297,2000 95th Overall,Draft Pick,,,,,,
6298,Trade DET/NYR 6/24/2000,Trade,,,,,,
6299,Trade NSH/NYR 7/19/2006,Trade,,,,,,
6300,Trade NSH/PIT 7/19/2006,Trade,,,,,,
6301,Trade PIT/MIN 2/27/2007,Trade,,,,,,
6302,Trade TOR/BUF 3/4/2009,Trade,,,,,,
6303,Brian Campbell,Unsigned,,,,,,
6304,Trade CHI/FLA 6/24/2011,Trade,,,,,,
6305,Benoit Pouliot,Unsigned,,,,,,
6306,Trade MIN/MTL 11/23/2009,Trade,,,,,,
6307,Trade BOS/TBL 6/22/2012,Trade,,,,,,
6308,Marcus Kruger,Unsigned,a,,,,,
6309,Trade VGK/CAR 7/4/2017,Trade,a,,,,,
6310,Jannik Hansen,Unsigned,a,,,,,
6311,Nikolay Kulemin,Unsigned,,,,,,
6312,Ludvig Jansson,FLA,a,,,,,
6313,Arseny Gritsyuk,NJD,a,,,,,
6314,2019 129th Overall,Draft Pick,a,,,,,
6315,Jason Garrison,Unsigned,,,,,,
6316,Jay McClement,Unsigned,,,,,,
6317,Vernon Fiddler,Unsigned,,,,,,
6318,Trade NJD/NSH 2/4/2017,Trade,,,,,,
6319,Shane Doan,Unsigned,,,,,,
6320,Adam McQuaid,Unsigned,a,,,,,
6321,Trade NYR/CBJ 2/25/2019,Trade,a,,,,,
6322,Mike Ribeiro,Unsigned,,,,,,
6323,Trade MTL/DAL 9/30/2006,Trade,,,,,,
6325,Brian Gionta,Unsigned,,,,,,
6326,1998 82nd Overall,Draft Pick,,,,,,
6327,Trade EDM/PIT 8/12/1997,Trade,,,,,,
6328,Trade EDM/NJD 6/27/1998,Trade,,,,,,
6329,Cody Franson,Unsigned,,,,,,
6330,Dennis Seidenberg,Unsigned,a,,,,,
6331,Trade PHX/CAR 1/8/2007,Trade,a,,,,,
6332,2001 172nd Overall,Draft Pick,a,,,,,
6333,Trade MTL/PHI 12/7/2000,Trade,a,,,,,
6334,Mike Fisher,Unsigned,,,,,,
6335,Michael Cammalleri,Unsigned,,,,,,
6336,2001 49th Overall,Draft Pick,,,,,,
6337,Trade TOR/LAK 3/13/2001,Trade,,,,,,
6338,Eric Fehr,Unsigned,,,,,,
6339,Trade PIT/TOR 3/1/2017,Trade,,,,,,
6340,Trade TOR/SJS 2/20/2018,Trade,,,,,,
6341,Alexei Emelin,Unsigned,,,,,,
6342,Trade VGK/NSH 7/1/2017,Trade,,,,,,
6343,Andrew Desjardins,Unsigned,,,,,,
6344,Barret Jackman,Unsigned,,,,,,
6345,Boyd Gordon,Unsigned,,,,,,
6346,2002 17th Overall,Draft Pick,,,,,,
6347,Trade EDM/ARI 6/30/2015,Trade,,,,,,
6348,Brad Boyes,Unsigned,,,,,,
6349,Trade TOR/SJS 3/5/2003,Trade,,,,,,
6350,Trade SJS/BOS 3/9/2004,Trade,,,,,,
6351,Trade STL/BOS 2/27/2007,Trade,,,,,,
6352,Brad Richards,Unsigned,,,,,,
6353,1998 64th Overall,Draft Pick,,,,,,
6354,Brooks Laich,Unsigned,,,,,,
6355,Trade OTT/WSH 2/18/2004,Trade,,,,,,
6356,Chris Kelly,Unsigned,,,,,,
6357,Chris Neil,Unsigned,,,,,,
6358,1998 161st Overall,Draft Pick,a,,,,,
6359,Trade OTT/CHI 3/18/1997,Trade,a,,,,,
6360,Trade OTT/CHI 9/24/1997,Trade,a,,,,,
6361,Dan Boyle,Unsigned,a,,,,,
6362,Trade FLA/TBL 1/7/2002,Trade,a,,,,,
6363,David Legwand,Unsigned,a,,,,,
6364,1998 2nd Overall,Draft Pick,a,,,,,
6365,Trade SJS/NSH 6/27/1998,Trade,a,,,,,
6366,David Schlemko,Unsigned,,,,,,
6367,Trade MTL/VGK 6/22/2017,Trade,a,,,,,
6368,Dennis Wideman,Unsigned,a,,,,,
6369,Trade FLA/WSH 2/28/2011,Trade,a,,,,,
6370,Derek Dorsett,Unsigned,,,,,,
6371,Trade NYR/VAN 6/27/2014,Trade,,,,,,
6372,Devante Smith-Pelly,Unsigned,,,,,,
6373,Trade ANA/MTL 2/24/2015,Trade,,,,,,
6374,Drew Miller,Unsigned,,,,,,
6375,Trade ANA/TBL 8/13/2009,Trade,,,,,,
6376,Fedor Tyutin,Unsigned,,,,,,
6377,Trade NYR/CBJ 7/2/2008,Trade,a,,,,,
6378,Gregory Campbell,Unsigned,a,,,,,
6379,2002 67th Overall,Draft Pick,a,,,,,
6380,Trade FLA/NYI 6/22/2002,Trade,a,,,,,
6381,Trade FLA/NYI 6/23/2001,Trade,a,,,,,
6382,Jaromir Jagr,HOF,a,,,,,
6383,Trade PIT/WSH 7/11/2001,Trade,,,,,,
6384,Trade WSH/NYR 1/23/2004,Trade,,,,,,
6385,Jiri Hudler,Unsigned,,,,,,
6386,2002 58th Overall,Draft Pick,,,,,,
6387,Trade CAR/DET 7/9/2001,Trade,,,,,,
6388,John Mitchell,Unsigned,,,,,,
6389,Trade TOR/NYR 2/28/2011,Trade,,,,,,
6390,John-Michael Liles,Unsigned,,,,,,
6391,Trade COL/TOR 6/24/2011,Trade,,,,,,
6392,Jordan Nolan,Unsigned,,,,,,
6393,Josh Gorges,Unsigned,,,,,,
6394,Trade MTL/BUF 7/1/2014,Trade,,,,,,
6395,Kevin Klein,Unsigned,,,,,,
6396,Lauri Korpikoski,Unsigned,a,,,,,
6397,2004 19th Overall,Draft Pick,a,,,,,
6398,Trade CGY/NYR 6/26/2004,Trade,a,,,,,
6399,Trade NYR/PHX 7/13/2009,Trade,a,,,,,
6400,Trade DAL/CBJ 3/1/2017,Trade,a,,,,,
6401,Magnus Paajarvi,Unsigned,a,,,,,
6402,Marc Methot,Unsigned,,,,,,
6403,2003 168th Overall,Draft Pick,a,,,,,
6404,Trade CAR/CBJ 6/22/2003,Trade,a,,,,,
6405,Trade CBJ/OTT 7/1/2012,Trade,a,,,,,
6406,Marian Gaborik,Unsigned,a,,,,,
6407,Mark Fayne,Unsigned,,,,,,
6408,Mark Streit,Unsigned,,,,,,
6409,2004 262nd Overall,Draft Pick,,,,,,
6410,Trade PHX/ATL 8/5/2003,Trade,,,,,,
6411,Mark Stuart,Unsigned,,,,,,
6412,2003 21st Overall,Draft Pick,,,,,,
6413,Martin Hanzal,Unsigned,,,,,,
6414,Matt Beleskey,Unsigned,x,,,,,
6415,Matt Carle,Unsigned,,,,,,
6416,2003 47th Overall,Draft Pick,a,,,,,
6417,Trade CGY/DET 7/2/2002,Trade,a,,,,,
6418,Trade SJS/CGY 6/21/2003,Trade,a,,,,,
6419,Matt Hunwick,Unsigned,a,,,,,
6420,Trade BOS/COL 11/29/2010,Trade,a,,,,,
6421,Matt Read,Unsigned,,,,,,
6422,Max Talbot,Unsigned,a,,,,,
6423,Mike Richards,Unsigned,,,,,,
6424,Nick Schultz,Unsigned,,,,,,
6425,Trade MIN/EDM 2/27/2012,Trade,,,,,,
6426,Trade EDM/CBJ 3/5/2014,Trade,,,,,,
6427,Paul Martin,Unsigned,,,,,,
6428,Shawn Thornton,Unsigned,,,,,,
6429,1997 190th Overall (Thornton),Draft Pick,,,,,,
6430,Trade TOR/COL 10/1/2001,Trade,,,,,,
6431,Tanner Glass,Unsigned,,,,,,
6432,Toby Enstrom,Unsigned,,,,,,
6433,Tom Gilbert,Unsigned,,,,,,
6434,Trade COL/EDM 3/8/2004,Trade,a,,,,,
6436,Alex Tanguay,Unsigned,a,,,,,
6437,1998 12th Overall,Draft Pick,a,,,,,
6438,Trade SJS/COL 11/20/1997,Trade,a,,,,,
6439,Alexander Burmistrov,Unsigned,,,,,,
6440,Alexander Semin,Unsigned,,,,,,
6441,2002 13th Overall,Draft Pick,,,,,,
6442,Trade DAL/WSH 6/12/2002,Trade,,,,,,
6443,Andrei Markov,Unsigned,,,,,,
6444,Andrej Meszaros,Unsigned,,,,,,
6445,Andrew Ference,Unsigned,,,,,,
6446,Trade PIT/CGY 2/9/2003,Trade,,,,,,
6447,Anton Volchenkov,Unsigned,,,,,,
6448,Brad Stuart,Unsigned,a,,,,,
6449,1998 3rd Overall,Draft Pick,a,,,,,
6450,Trade DET/SJS 6/10/2012,Trade,a,,,,,
6451,Trade SJS/COL 7/1/2014,Trade,a,,,,,
6452,Brenden Morrow,Unsigned,a,,,,,
6453,Brian Flynn,Unsigned,,,,,,
6454,Trade MTL/BUF 3/2/2015,Trade,,,,,,
6455,Bryan Allen,Unsigned,,,,,,
6456,Chris Butler,Unsigned,,,,,,
6457,2005 96th Overall,Draft Pick,,,,,,
6458,Trade CGY/BUF 7/30/2005,Trade,,,,,,
6459,Chris Higgins,Unsigned,,,,,,
6460,2002 14th Overall,Draft Pick,,,,,,
6461,Trade EDM/MTL 6/22/2002,Trade,,,,,,
6462,Trade VAN/FLA 2/28/2011,Trade,,,,,,
6463,Lenni Hameenaho,NJD,a,,,,,
6464,Mattias Havelid,SJS,a,,,,,
6465,2022 45th Overall,Draft Pick,,,,,,
6466,Chris Phillips,Unsigned,,,,,,
6467,Chris VandeVelde,Unsigned,,,,,,
6468,Christian Ehrhoff,Unsigned,,,,,,
6469,2001 106th Overall,Draft Pick,,,,,,
6470,Trade CHI/SJS 6/24/2001,Trade,,,,,,
6471,Trade SJS/VAN 8/28/2009,Trade,,,,,,
6472,Trade NYI/BUF 6/29/2011,Trade,,,,,,
6473,Clarke MacArthur,Unsigned,,,,,,
6474,Trade BUF/ATL 3/3/2010,Trade,,,,,,
6475,Clayton Stoner,Unsigned,,,,,,
6476,2004 79th Overall,Draft Pick,,,,,,
6477,Trade NSH/MIN 3/5/2004,Trade,,,,,,
6478,Trade NSH/BUF 6/27/2003,Trade,,,,,,
6479,Cody Hodgson,Unsigned,,,,,,
6480,Colin Greening,Unsigned,,,,,,
6481,Craig Adams,Unsigned,,,,,,
6482,Trade CAR/ANA 10/3/2005,Trade,,,,,,
6483,Daniel Briere,Unsigned,,,,,,
6484,1996 24th Overall,Draft Pick,,,,,,
6485,Trade BUF/SJS 11/16/1995,Trade,,,,,,
6486,Trade WIN/BUF 2/15/1996,Trade,,,,,,
6487,Daniel Cleary,Unsigned,,,,,,
6488,Dave Bolland,Unsigned,,,,,,
6489,David Clarkson,Unsigned,,,,,,
6490,Trade TOR/CBJ 2/26/2015,Trade,a,,,,,
6491,David Jones,Unsigned,a,,,,,
6492,Derek Roy,Unsigned,a,,,,,
6493,2001 32nd Overall,Draft Pick,a,,,,,
6494,Trade EDM/NSH 12/29/2014,Trade,a,,,,,
6495,Devin Setoguchi,Unsigned,,,,,,
6496,2005 8th Overall,Draft Pick,,,,,,
6497,Dwight King,Unsigned,,,,,,
6498,2007 109th Overall,Draft Pick,a,,,,,
6499,Trade MTL/LAK 3/1/2017,Trade,a,,,,,
6500,Eric Brewer,Unsigned,a,,,,,
6501,Trade NYI/EDM 6/24/2000,Trade,a,,,,,
6502,Trade TBL/ANA 11/28/2014,Trade,a,,,,,
6503,Eric Gryba,Unsigned,,,,,,
6504,2006 68th Overall,Draft Pick,,,,,,
6505,Trade OTT/BOS 5/26/2006,Trade,,,,,,
6506,Erik Condra,Unsigned,,,,,,
6507,JT Brown,Unsigned,,,,,,
6508,Jack Skille,Unsigned,,,,,,
6509,Jacob Josefson,Unsigned,,,,,,
6510,2009 20th Overall,Draft Pick,,,,,,
6511,Jakub Kindl,Unsigned,,,,,,
6512,Trade DET/FLA 2/27/2016,Trade,a,,,,,
6513,James Wisniewski,Unsigned,a,,,,,
6514,Trade NYI/MTL 12/28/2010,Trade,a,,,,,
6515,Jamie McBain,Unsigned,a,,,,,
6516,Jan Hejda,Unsigned,,,,,,
6517,Trade EDM/BUF 7/10/2006,Trade,a,,,,,
6518,Jared Boll,Unsigned,a,,,,,
6519,2005 101st Overall,Draft Pick,a,,,,,
6520,Jay Harrison,Unsigned,,,,,,
6521,Trade CAR/WPG 12/18/2014,Trade,,,,,,
6522,Jiri Tlusty,Unsigned,,,,,,
6523,Trade CAR/TOR 12/3/2009,Trade,a,,,,,
6524,Joe Colborne,Unsigned,a,,,,,
6525,Johan Franzen,Unsigned,,,,,,
6526,Jordin Tootoo,Unsigned,,,,,,
6527,2001 98th Overall,Draft Pick,,,,,,
6528,Trade PHI/NYI 6/25/2000,Trade,,,,,,
6529,Trade PHI/NSH 6/23/2001,Trade,,,,,,
6530,Jori Lehtera,Unsigned,,,,,,
6531,Kimmo Timonen,Unsigned,,,,,,
6532,Trade NSH/LAK 6/26/1998,Trade,,,,,,
6533,Kyle Chipchura,Unsigned,,,,,,
6534,Trade MTL/ANA 12/1/2009,Trade,a,,,,,
6535,Ladislav Smid,Unsigned,x,,,,,
6536,Lance Bouma,Unsigned,,,,,,
6537,Marcel Goc,Unsigned,,,,,,
6538,Trade PIT/STL 1/27/2015,Trade,,,,,,
6539,Marek Zidlicky,Unsigned,,,,,,
6540,Trade NSH/NYR 12/12/2002,Trade,,,,,,
6541,Trade NSH/MIN 7/1/2008,Trade,,,,,,
6542,Trade NJD/MIN 2/24/2012,Trade,,,,,,
6543,Trade DET/NJD 3/2/2015,Trade,,,,,,
6544,Martin Erat,Unsigned,,,,,,
6545,Mason Raymond,Unsigned,,,,,,
6546,Matt Cooke,Unsigned,,,,,,
6547,Trade VAN/WSH 2/26/2008 ,Trade,,,,,,
6548,Matt Halischuk,Unsigned,,,,,,
6549,Maxim Lapierre,Unsigned,,,,,,
6550,2003 61st Overall,Draft Pick,,,,,,
6551,Trade PHI/MTL 1/29/2003,Trade,,,,,,
6552,Trade MTL/ANA 12/31/2010,Trade,,,,,,
6553,Melker Karlsson,Unsigned,,,,,,
6554,Michal Rozsival,Unsigned,,,,,,
6555,Trade NYR/PHX 1/10/2011,Trade,,,,,,
6556,Mike Brown (1985),Unsigned,,,,,,
6557,Trade VAN/ANA 2/4/2009,Trade,,,,,,
6558,Trade TOR/EDM 3/4/2013,Trade,,,,,,
6559,Trade EDM/SJS 10/21/2013,Trade,,,,,,
6560,Mike Santorelli,Unsigned,,,,,,
6561,Trade NSH/FLA 8/5/2010,Trade,,,,,,
6562,Mike Weaver,Unsigned,,,,,,
6563,Trade MTL/FLA 3/4/2014,Trade,,,,,,
6564,Mike Weber,Unsigned,,,,,,
6565,Mikhail Grabovski,Unsigned,,,,,,
6566,Milan Michalek,Unsigned,,,,,,
6567,Nail Yakupov,Unsigned,,,,,,
6568,Nikita Nikitin,Unsigned,,,,,,
6569,2004 136th Overall,Draft Pick,,,,,,
6570,Trade STL/CBJ 11/11/2011,Trade,,,,,,
6571,Trade CBJ/EDM 6/25/2014,Trade,,,,,,
6572,Patrick Dwyer,Unsigned,,,,,,
6573,2002 116th Overall,Draft Pick,,,,,,
6574,Trade PHX/ATL 3/19/2002,Trade,,,,,,
6575,Patrik Elias,Unsigned,,,,,,
6576,Ryan Smyth,Unsigned,,,,,,
6577,Trade EDM/NYI 2/27/2007,Trade,,,,,,
6578,Trade LAK/EDM 6/26/2011,Trade,,,,,,
6579,Saku Koivu,Unsigned,,,,,,
6580,Shawn Horcoff,Unsigned,,,,,,
6581,Trade EDM/DAL 7/4/2013,Trade,,,,,,
6582,Stephane Robidas,Unsigned,,,,,,
6583,Trade ATL/DAL 10/4/2002,Trade,,,,,,
6584,Trade DAL/ANA 3/4/2014,Trade,,,,,,
6585,Stephen Gionta,Unsigned,,,,,,
6586,Tim Jackman,Unsigned,a,,,,,
6587,Trade PHX/LAK 3/9/2006,Trade,a,,,,,
6588,Trade CGY/ANA 11/21/2013,Trade,a,,,,,
6589,Trade ANA/CHI 2/29/2016,Trade,a,,,,,
6590,Tomas Kopecky,Unsigned,,,,,,
6591,2000 38th Overall,Draft Pick,,,,,,
6592,Trade DET/NYR 10/1/998,Trade,,,,,,
6593,Trade CHI/FLA 6/27/2011,Trade,,,,,,
6594,Adam Burish,Unsigned,,,,,,
6595,Adam Cracknell,Unsigned,a,,,,,
6596,Trade TOR/ANA 12/10/2018,Trade,a,,,,,
6597,Adam Hall,Unsigned,,,,,,
6598,Trade CAR/TBL 4/2/2013,Trade,,,,,,
6599,Adam Pardy,Unsigned,x,,,,,
6600,2004 173rd Overall,Draft Pick,,,,,,
6601,Trade CGY/ATL 12/18/2001,Trade,,,,,,
6602,Adrian Aucoin,Unsigned,,,,,,
6603,Trade VAN/TBL 2/7/2001,Trade,,,,,,
6604,Trade TBL/NYI 6/22/2001,Trade,,,,,,
6605,Trade CHI/DAL 6/22/2007,Trade,,,,,,
6606,Alexei Ponikarovsky,Unsigned,,,,,,
6607,1998 87th Overall,Draft Pick,,,,,,
6608,Trade TOR/DET 3/24/1998,Trade,,,,,,
6609,Trade TOR/PIT 3/2/2010,Trade,,,,,,
6610,Trade WPG/NJD 2/13/2013,Trade,,,,,,
6611,Andre Benoit,Unsigned,,,,,,
6612,Anton Lander,Unsigned,,,,,,
6613,Beau Bennett,Unsigned,,,,,,
6614,Trade PIT/NJD 6/25/2016,Trade,,,,,,
6615,Ben Smith,Unsigned,,,,,,
6616,2008 168th Overall,Draft Pick,,,,,,
6617,Trade CHI/OTT 2/26/2008,Trade,,,,,,
6618,Brandon Bollig,Unsigned,,,,,,
6619,Trade CHI/CGY 6/28/2014,Trade,,,,,,
6620,Brian Strait,Unsigned,,,,,,
6621,Bryce Salvador,Unsigned,,,,,,
6622,Trade STL/NJD 2/26/2008,Trade,,,,,,
6623,Carlo Colaiacovo,Unsigned,,,,,,
6624,Chad Larose,Unsigned,,,,,,
6625,Chris Porter,Unsigned,,,,,,
6626,2003 282nd Overall,Draft Pick,a,,,,,
6627,Chuck Kobasew,Unsigned,a,,,,,
6628,2001 14th Overall,Draft Pick,a,,,,,
6629,Trade PHX/CGY 6/23/2001,Trade,a,,,,,
6630,Trade BOS/MIN 10/18/2009,Trade,a,,,,,
6631,Cody McCormick,Unsigned,a,,,,,
6632,Colin Fraser,Unsigned,,,,,,
6633,2003 69th Overall,Draft Pick,a,,,,,
6634,Trade CAR/PHI 6/22/2002,Trade,a,,,,,
6635,Trade CHI/EDM 6/24/2010,Trade,a,,,,,
6636,Cory Sarich,Unsigned,a,,,,,
6637,1996 27th Overall,Draft Pick,a,,,,,
6638,Trade BUF/STL 3/20/1996,Trade,a,,,,,
6639,Daniel Carcillo,Unsigned,,,,,,
6640,2003 73rd Overall,Draft Pick,a,,,,,
6641,Trade PIT/PHX 2/27/2007,Trade,a,,,,,
6642,Trade CHI/LAK 7/16/2013,Trade,a,,,,,
6643,Trade LAK/NYR 1/3/2014,Trade,a,,,,,
6644,Darroll Powe,Unsigned,,,,,,
6645,Trade MIN/NYR 2/4/2013,Trade,a,,,,,
6646,David Steckel,Unsigned,a,,,,,
6647,2001 30th Overall,Draft Pick,a,,,,,
6648,Trade WSH/NJD 2/28/2011,Trade,a,,,,,
6649,Trade NJD/TOR 10/4/2011,Trade,a,,,,,
6650,Derek Morris,Unsigned,a,,,,,
6651,Trade COL/CGY 10/1/2002,Trade,a,,,,,
6652,Trade PHX/NYR 3/4/2009,Trade,a,,,,,
6653,Trade BOS/PHX 3/3/2010,Trade,a,,,,,
6654,Douglas Murray,Unsigned,,,,,,
6655,1999 241st Overall (Murray),Draft Pick,a,,,,,
6656,Trade OTT/SJS 6/27/1998,Trade,a,,,,,
6657,Dustin Penner,Unsigned,a,,,,,
6658,Trade ANA/WSH 4/4/2014,Trade,a,,,,,
6659,Eric Belanger,Unsigned,a,,,,,
6660,1996 96th Overall,Draft Pick,a,,,,,
6661,Trade LAK/TOR 10/3/1994,Trade,a,,,,,
6663,Eric Boulton,Unsigned,,,,,,
6664,Eric Gelinas,Unsigned,,,,,,
6665,Filip Kuba,Unsigned,,,,,,
6666,Trade FLA/CGY 3/16/2000,Trade,,,,,,
6667,Francis Bouillon,Unsigned,,,,,,
6668,George Parros,Unsigned,,,,,,
6669,Trade MTL/FLA 7/5/2013,Trade,,,,,,
6670,Grant Clitsome,Unsigned,,,,,,
6671,2004 271st Overall,Draft Pick,,,,,,
6672,Trade CBJ/LAK 6/27/2004,Trade,,,,,,
6673,Greg Zanon,Unsigned,,,,,,
6674,2000 156th Overall,Draft Pick,,,,,,
6675,Henrik Tallinder,Unsigned,,,,,,
6676,Trade NJD/BUF 7/7/2013,Trade,,,,,,
6677,Ian White,Unsigned,,,,,,
6678,Trade CGY/CAR 11/17/2010,Trade,,,,,,
6679,Jack Hillen,Unsigned,,,,,,
6680,Jamal Mayers,Unsigned,,,,,,
6681,Trade TOR/STL 6/19/2008,Trade,,,,,,
6682,Jared Cowen,Unsigned,,,,,,
6683,Jeff Halpern,Unsigned,,,,,,
6684,Jerred Smithson,Unsigned,,,,,,
6685,Trade NSH/FLA 2/24/2012,Trade,,,,,,
6686,Trade FLA/EDM 4/3/2013,Trade,,,,,,
6687,Joakim Andersson,Unsigned,,,,,,
6688,Joe Corvo,Unsigned,,,,,,
6689,Trade CAR/WSH 3/3/2010,Trade,a,,,,,
6690,Joe Vitale,Unsigned,a,,,,,
6691,John Scott,Unsigned,,,,,,
6692,Trade CHI/NYR 2/27/2012,Trade,,,,,,
6693,Josh Jooris,Unsigned,,,,,,
6694,Justin Fontaine,Unsigned,a,,,,,
6695,Keaton Ellerby,Unsigned,,,,,,
6696,Trade LAK/FLA 2/8/2013,Trade,,,,,,
6697,Keith Ballard,Unsigned,,,,,,
6698,Kevin Porter,Unsigned,,,,,,
6699,2004 199th Overall,Draft Pick,,,,,,
6700,Trade COL/PHX 3/3/2010,Trade,,,,,,
6701,Mark Fistric,Unsigned,,,,,,
6702,2004 28th Overall,Draft Pick,,,,,,
6703,Trade EDM/DAL 1/14/2013,Trade,,,,,,
6704,Matt D'Agostini,Unsigned,,,,,,
6705,Trade STL/MTL 3/2/2010,Trade,,,,,,
6706,Michal Handzus,Unsigned,,,,,,
6707,Trade PHX/PHI 6/12/2002,Trade,,,,,,
6708,Trade PHI/CHI 8/4/2006,Trade,,,,,,
6709,Mike Rupp,Unsigned,,,,,,
6710,2000 76th Overall,Draft Pick,,,,,,
6711,Trade NJD/CHI 11/13/1998,Trade,,,,,,
6712,Trade PHX/NJD 3/5/204,Trade,,,,,,
6713,Milan Hejduk,Unsigned,,,,,,
6714,Nate Guenin,Unsigned,,,,,,
6715,2002 127th Overall,Draft Pick,,,,,,
6716,Trade NYR/OTT 6/23/2002,Trade,,,,,,
6717,Trade PIT/STL 2/11/2010,Trade,,,,,,
6718,Trade CBJ/ANA 1/4/2011,Trade,,,,,,
6719,Nathan Horton,Unsigned,,,,,,
6720,2003 3rd Overall,Draft Pick,,,,,,
6721,Nik Antropov,Unsigned,,,,,,
6722,1998 10th Overall,Draft Pick,,,,,,
6723,Trade CHI/TOR 6/27/1998,Trade,,,,,,
6724,Trade TOR/NYR 3/4/2009,Trade,,,,,,
6725,Patrick Kaleta,Unsigned,,,,,,
6726,Paul Postma,Unsigned,,,,,,
6727,Raphael Diaz,Unsigned,,,,,,
6728,Ray Whitney,Unsigned,,,,,,
6729,Trade CBJ/FLA 1/13/2001,Trade,,,,,,
6730,Ryan Jones,Unsigned,,,,,,
6731,Ryan Malone,Unsigned,,,,,,
6732,Trade TBL/PIT 6/28/2008,Trade,,,,,,
6733,Ryan O'Byrne,Unsigned,,,,,,
6734,Trade MTL/COL 11/11/2010,Trade,,,,,,
6735,Trade COL/TOR 4/3/2013,Trade,,,,,,
6736,Sami Salo,Unsigned,,,,,,
6737,1996 239th Overall,Draft Pick,,,,,,
6738,Trade PHI/OTT 3/19/1996,Trade,,,,,,
6739,Trade OTT/VAN 9/21/2002,Trade,,,,,,
6740,Sheldon Brookbank,Unsigned,,,,,,
6741,Trade NJD/ANA 2/3/2009,Trade,,,,,,
6742,Simon Despres,Unsigned,,,,,,
6743,Tom Willander,VAN,a,,,,,
6744,Slava Voynov,Unsigned,,,,,,
6745,Stephen Weiss,Unsigned,,,,,,
6746,Sven Andrighetto,Unsigned,,,,,,
6747,Trade MTL/COL 3/1/2017,Trade,,,,,,
6748,Taylor Pyatt,Unsigned,,,,,,
6749,1999 8th Overall,Draft Pick,,,,,,
6750,Trade BUF/VAN 7/14/2006,Trade,,,,,,
6751,Tim Brent,Unsigned,,,,,,
6752,Trade ANA/PIT 6/23/2007,Trade,,,,,,
6753,Trade PIT/CHI 7/17/2008,Trade,,,,,,
6754,Toni Lydman,Unsigned,,,,,,
6755,Trade BUF/CGY 8/25/2005,Trade,,,,,,
6756,Ville Leino,Unsigned,,,,,,
6757,Trade DET/PHI 2/6/2010,Trade,,,,,,
6758,Aaron Rome,Unsigned,,,,,,
6759,2002 104th Overall,Draft Pick,,,,,,
6760,Trade MIN/DAL 6/12/2000,Trade,,,,,,
6761,Trade DAL/MIN 6/25/2000,Trade,,,,,,
6762,Trade LAK/MIN 6/22/2002,Trade,,,,,,
6763,Trade ANA/CBJ 11/15/2007,Trade,,,,,,
6764,Andreas Martinsen,Unsigned,,,,,,
6765,Trade MTL/CHI 10/4/2017,Trade,,,,,,
6766,Andreas Nodl,Unsigned,,,,,,
6767,2006 39th Overall,Draft Pick,,,,,,
6768,Trade PHX/PHI 7/20/2005,Trade,,,,,,
6769,Andrei Kostitsyn,Unsigned,,,,,,
6770,Andrei Loktionov,Unsigned,a,,,,,
6771,Trade LAK/NJD 2/6/2013,Trade,a,,,,,
6772,Andrew Brunette,Unsigned,,,,,,
6773,1993 174th Overall,Draft Pick,,,,,,
6774,Trade WSH/CGY 6/26/1993,Trade,,,,,,
6775,Anthony Peluso,Unsigned,,,,,,
6776,Anthony Stewart,Unsigned,,,,,,
6777,2003 25th Overall,Draft Pick,,,,,,
6778,Trade TBL/FLA 6/21/2003,Trade,,,,,,
6779,Trade CAR/LAK 1/13/2013,Trade,,,,,,
6780,Antti Miettinen,Unsigned,,,,,,
6781,Arron Asham,Unsigned,,,,,,
6782,Trade MTL/NYI 6/22/2002,Trade,,,,,,
6783,Brad Staubitz,Unsigned,,,,,,
6784,Trade SJS/MIN 6/21/2010,Trade,,,,,,
6785,Brad Winchester,Unsigned,,,,,,
6786,2000 35th Overall,Draft Pick,a,,,,,
6787,Trade CHI/MIN 2/26/2014,Trade,a,,,,,
6788,Oscar Eklind,PHI,a,,,,,
6789,Brandon McMillan,Unsigned,,,,,,
6790,2008 85th Overall,Draft Pick,,,,,,
6791,Trade ANA/MIN 6/10/2008,Trade,,,,,,
6792,Matthew Lombardi,Unsigned,,,,,,
6793,Brandon Yip,Unsigned,,,,,,
6794,2004 239th Overall,Draft Pick,,,,,,
6795,Trade MIN/COL 2/25/2004,Trade,,,,,,
6796,Brett Clark,Unsigned,,,,,,
6797,Trade MTL/ATL 6/2/2000,Trade,,,,,,
6798,Trade COL/ATL 1/23/2002,Trade,,,,,,
6799,Brian McGrattan,Unsigned,,,,,,
6800,Trade PHX/OTT 6/25/2008,Trade,,,,,,
6801,Trade CGY/NSH 2/28/2013,Trade,,,,,,
6802,Brian Rolston,Unsigned,,,,,,
6803,Trade TBL/MIN 6/29/2008,Trade,,,,,,
6804,Trade NJD/NYI 7/28/2011,Trade,,,,,,
6805,Trade BOS/NYI 2/27/2012,Trade,,,,,,
6806,Bruno Gervais,Unsigned,,,,,,
6807,Chris Terry,Unsigned,,,,,,
6808,Colin McDonald,Unsigned,,,,,,
6809,Colton Orr,Unsigned,,,,,,
6810,Corey Tropp,Unsigned,,,,,,
6811,Cory Emmerton,Unsigned,a,,,,,
6812,2006 41st Overall,Draft Pick,a,,,,,
6813,Oiva Keskinen,CBJ,a,,,,,
6814,Ryan Chesley,WSH,a,,,,,
6815,2022 37th Overall,Draft Pick,a,,,,,
6816,Danila Yurov,MIN,a,,,,,
6817,Dana Tyrell,Unsigned,a,,,,,
6818,Dennis Rasmussen,Unsigned,,,,,,
6819,Drayson Bowman,Unsigned,,,,,,
6820,Ed Jovanovski,Unsigned,,,,,,
6821,Emerson Etem,Unsigned,,,,,,
6822,2010 29th Overall,Draft Pick,,,,,,
6823,Trade NYR/VAN 1/8/2016,Trade,,,,,,
6824,Eric Tangradi,Unsigned,,,,,,
6825,2007 42nd Overall,Draft Pick,,,,,,
6826,Trade MIN/ANA 6/22/2007,Trade,,,,,,
6827,Trade PIT/WPG 2/13/2013,Trade,,,,,,
6828,Erik Gustafsson (1988),Unsigned,,,,,,
6829,Iiro Pakarinen,Unsigned,,,,,,
6830,Jake Dowell,Unsigned,,,,,,
6831,Jamie Langenbrunner,Unsigned,a,,,,,
6832,Jason Arnott,Unsigned,a,,,,,
6833,Trade EDM/NJD 1/4/1998,Trade,a,,,,,
6834,Jeff Schultz,Unsigned,,,,,,
6835,2004 27th Overall,Draft Pick,,,,,,
6836,Jesse Winchester,Unsigned,,,,,,
6837,Jochen Hecht,Unsigned,,,,,,
6838,Trade EDM/BUF 6/22/2002,Trade,a,,,,,
6839,Joey Crabb,Unsigned,a,,,,,
6840,2002 226th Overall,Draft Pick,a,,,,,
6841,Trade NYR/SJS 6/24/2001,Trade,a,,,,,
6842,John Erskine,Unsigned,,,,,,
6843,1998 39th Overall,Draft Pick,a,,,,,
6844,Trade DAL/NYI 1/10/2006,Trade,a,,,,,
6845,Jordan Caron,Unsigned,a,,,,,
6846,Jordan Schroeder,Unsigned,,,,,,
6847,Trade MIN/CBJ 6/23/2017,Trade,a,,,,,
6848,Joe Morrow,Unsigned,a,,,,,
6849,Trade MTL/WPG 2/26/2018,Trade,a,,,,,
6850,Jyrki Jokipakka,Unsigned,a,,,,,
6851,Keith Aulie,Unsigned,,,,,,
6852,2007 116th Overall,Draft Pick,,,,,,
6853,Trade CGY/BUF 6/23/2007,Trade,,,,,,
6854,Trade TOR/TBL 2/27/2012,Trade,,,,,,
6855,Kevin Westgarth,Unsigned,,,,,,
6856,Trade CAR/CGY 12/30/2013,Trade,a,,,,,
6857,Klas Dahlbeck,Unsigned,a,,,,,
6858,Krys Barch,Unsigned,,,,,,
6859,1998 106th Overall,Draft Pick,a,,,,,
6861,Trade DAL/FLA 12/7/2011,Trade,a,,,,,
6862,Trade NJD/FLA 9/28/2013,Trade,a,,,,,
6863,Kurtis Foster,Unsigned,a,,,,,
6864,Trade ATL/ANA 6/26/2004,Trade,a,,,,,
6865,Trade EDM/ANA 7/1/2011,Trade,a,,,,,
6866,Kyle Wellwood,Unsigned,,,,,,
6867,2001 134th Overall,Draft Pick,,,,,,
6868,Trade TOR/TBL 2/9/2000,Trade,,,,,,
6869,Linden Vey,Unsigned,,,,,,
6870,Luke Gazdic,Unsigned,,,,,,
6871,Marc-Andre Cliche,Unsigned,,,,,,
6872,2005 56th Overall,Draft Pick,,,,,,
6873,Trade MTL/NYR 7/30/2005,Trade,,,,,,
6874,Trade NYR/LAK 2/5/2007,Trade,,,,,,
6875,Mark Arcobello,Unsigned,a,,,,,
6876,Mark Fraser,Unsigned,,,,,,
6877,Trade ANA/TOR 2/27/2012,Trade,,,,,,
6878,Trade TOR/EDM 1/31/2014,Trade,,,,,,
6879,Matt Carkner,Unsigned,,,,,,
6880,1999 58th Overall,Draft Pick,,,,,,
6881,Matt Ellis,Unsigned,,,,,,
6882,Matt Frattin,Unsigned,,,,,,
6883,2007 99th Overall,Draft Pick,,,,,,
6884,Trade BOS/PHX 6/26/2006,Trade,,,,,,
6885,Trade CBJ/TOR 7/1/2014,Trade,,,,,,
6886,Matt Gilroy,Unsigned,,,,,,
6887,Trade TBL/OTT 2/27/2012,Trade,,,,,,
6888,Mikael Samuelsson,Unsigned,,,,,,
6889,1998 145th Overall,Draft Pick,a,,,,,
6990,Trade SJS/DAL 8/15/1996,Trade,a,,,,,
6991,Trade PIT/NYR 2/10/2003,Trade,a,,,,,
6992,Mike Komisarek,Unsigned,,,,,,
6993,Niklas Hagman,Unsigned,,,,,,
6994,Trade FLA/DAL 12/12/2005,Trade,,,,,,
6995,Paul Bissonnette,Unsigned,,,,,,
6996,Trade BOS/PIT 3/11/2003,Trade,,,,,,
6997,Philip Larsen,Unsigned,,,,,,
6998,Trade EDM/VAN 2/24/2016,Trade,,,,,,
6999,Reid Boucher,Unsigned,,,,,,
7000,Roman Hamrlik,Unsigned,,,,,,
7001,Trade TBL/EDM 12/30/1997,Trade,,,,,,
7002,Scott Nichol,Unsigned,,,,,,
7003,Simon Gagne,Unsigned,,,,,,
7004,1998 22nd Overall,Draft Pick,,,,,,
7005,Trade PHI/TBL 7/19/2010,Trade,,,,,,
7006,Trade PHI/LAK 3/26/2013,Trade,,,,,,
7007,Steve Sullivan,Unsigned,,,,,,
7008,Trade CHI/NSH 2/16/2004,Trade,,,,,,
7009,Trade PHX/NJD 4/3/2013,Trade,,,,,,
7010,Tom Kostopoulos,Unsigned,,,,,,
7011,Tom Wandell,Unsigned,,,,,,
7012,Tomas Holmstrom,Unsigned,,,,,,
7013,Tyson Strachan,Unsigned,,,,,,
7014,Alex Hicks,Unsigned,,,,,,
7015,Trade ANA/PIT 11/19/1996,Trade,,,,,,
7016,Trade SJS/FLA 11/11/1998,Trade,,,,,,
7017,Anatoli Semenov,Unsigned,,,,,,
7018,Trade TBL/VAN 11/3/1992,Trade,,,,,,
7019,Trade ANA/PHI 3/8/1995,Trade,,,,,,
7020,Trade PHI/ANA 3/19/1996,Trade,,,,,,
7021,Andrew Ebbett,Unsigned,,,,,,
7022,Andy McDonald,Unsigned,,,,,,
7023,Trade ANA/STL 12/14/2007,Trade,,,,,,
7024,Antti Aalto,Unsigned,,,,,,
7025,Bill Houlder,Unsigned,,,,,,
7026,Trade WSH/BUF 9/30/1990,Trade,,,,,,
7027,Trade ANA/STL 8/29/1994,Trade,,,,,,
7028,Bob Corkum,Unsigned,,,,,,
7029,Trade ANA/PHI 2/6/1996,Trade,a,,,,,
7030,Trade LAK/NJD 2/23/2001,Trade,a,,,,,
7031,Trade ATL/BUF 3/19/2002,Trade,a,,,,,
7032,Simon Zajicek,BOS,a,,,,,
7033,Harrison Meneghin,TBL,a,,,,,
7034,2024 2067th Overall,Draft Pick,a,,,,,
7035,Bobby Dollas,Unsigned,,,,,,
7036,1983 14th Overall,Draft Pick,,,,,,
7037,Trade WSH/WIN 6/8/1983,Trade,,,,,,
7038,Trade WIN/QUE 12/17/1987,Trade,,,,,,
7039,Trade EDM/ANA 1/9/1998,Trade,,,,,,
7040,Trade EDM/PIT 6/16/1998,Trade,,,,,,
7041,Trade PIT/SJS 3/12/2001,Trade,,,,,,
7042,Brendan Morrison,Unsigned,,,,,,
7043,Trade NJD/VAN 4/14/2000,Trade,,,,,,
7044,Trade CGY/CHI 1/27/2012,Trade,,,,,,
7045,Chad Kilger,Unsigned,,,,,,
7046,Trade PHX/CHI 3/4/1998,Trade,,,,,,
7047,Trade EDM/MTL 12/18/2000,Trade,,,,,,
7048,Trade TOR/FLA 2/26/2008,Trade,,,,,,
7049,Dan Bylsma,Unsigned,,,,,,
7050,Dan Sexton,Unsigned,,,,,,
7051,Trade ANA/TBL 3/11/2013,Trade,,,,,,
7052,Darren Van Impe,Unsigned,,,,,,
7053,Trade ANA/NYI 8/31/1994,Trade,,,,,,
7054,Trade NYI/FLA 3/19/2002,Trade,,,,,,
7055,Dave Karpa,Unsigned,,,,,,
7056,Trade QUE/ANA 3/9/1995,Trade,,,,,,
7057,Trade ANA/CAR 8/11/1998,Trade,,,,,,
7058,David Williams,Unsigned,,,,,,
7059,Dmitri Mironov,Unsigned,,,,,,
7060,1991 160th Overall,Draft Pick,,,,,,
7061,Trade PHI/TOR 6/16/1990,Trade,,,,,,
7062,Trade ANA/DET 3/24/1998,Trade,,,,,,
7063,Doug Weight,Unsigned,,,,,,
7064,Trade NYR/EDM 3/17/1993,Trade,,,,,,
7065,Evgeny Artyukhin,Unsigned,,,,,,
7066,2001 94th Overall,Draft Pick,,,,,,
7067,Trade TBL/OTT 6/23/2001,Trade,,,,,,
7068,Trade ANA/ATL 3/1/2010,Trade,,,,,,
7069,Frank Banham,Unsigned,,,,,,
7070,Fredrik Olausson,Unsigned,,,,,,
7071,Trade EDM/WPG 12/6/1993,Trade,,,,,,
7072,German Titov,Unsigned,,,,,,
7073,Trade EDM/PIT 3/14/2000,Trade,,,,,,
7074,Tuomas Uronen,VGK,a,,,,,
7075,Lucas Ellinas,OTT,a,,,,,
7076,Andrew Cristall,WSH,a,,,,,
7077,Jarrod Skalde,Unsigned,,,,,,
7078,Trade ANA/CGY 10/30/1995,Trade,,,,,,
7079,Trade ATL/PHI 3/5/2002,Trade,,,,,,
7080,Jason Blake,Unsigned,,,,,,
7081,Trade LAK/NYI 1/3/2001,Trade,,,,,,
7082,Jason Krog,Unsigned,,,,,,
7083,Jason Marshall,Unsigned,,,,,,
7084,Trade ANA/WSH 3/13/2001,Trade,,,,,,
7085,Trade MIN/SJS 3/3/2004,Trade,,,,,,
7086,Jason York,Unsigned,,,,,,
7087,Jean-Francois Jomphe,Unsigned,,,,,,
7088,Trade ANA/PHX 6/18/1998,Trade,,,,,,
7089,Jeff Friesen,Unsigned,,,,,,
7090,Trade NJD/WSH 9/26/2005,Trade,,,,,,
7091,Trade WSH/ANA 3/9/2006,Trade,,,,,,
7092,Jeff Nielsen,Unsigned,,,,,,
7093,1990 69th Overall,Draft Pick,,,,,,
7094,Trade NYI/LAK 8/16/1989,Trade,,,,,,
7095,Trade LAK/NYR 9/1/1989,Trade,,,,,,
7096,Jim Cummins,Unsigned,,,,,,
7097,1989 67th Overall,Draft Pick,,,,,,
7098,Trade WIN/NYR 9/30/1987,Trade,,,,,,
7099,Trade TBL/CHI 2/22/1995,Trade,,,,,,
7100,Trade PHX/MTL 6/26/1999,Trade,,,,,,
7101,Jim McKenzie,Unsigned,,,,,,
7102,Trade FLA/HFD 12/16/1993,Trade,,,,,,
7103,Trade FLA/DAL 12/16/1993,Trade,,,,,,
7104,Trade PIT/DAL 3/21/1994,Trade,,,,,,
7105,Joe DiPenta,Unsigned,,,,,,
7106,Joe Sacco,Unsigned,,,,,,
7107,1987 71st Overall,Draft Pick,,,,,,
7108,Trade CHI/TOR 9/6/1986,Trade,,,,,,
7109,Johan Davidsson,Unsigned,,,,,,
7110,Trade NYI/ANA 3/11/2000,Trade,,,,,,
7111,Jonathan Hedstrom,Unsigned,,,,,,
7112,Trade TOR/ANA 6/25/2000,Trade,,,,,,
7113,Josef Marha,Unsigned,,,,,,
7114,Trade ANA/CHI 1/28/1999,Trade,,,,,,
7115,Keith Carney,Unsigned,,,,,,
7116,1988 76th Overall,Draft Pick,,,,,,
7117,Trade PHI/TOR 2/7/1989,Trade,,,,,,
7118,Trade CHI/BUF 10/26/1993,Trade,,,,,,
7119,Trade PHX/ANA 6/19/2001,Trade,,,,,,
7120,Trade ANA/VAN 3/9/2006,Trade,,,,,,
7121,Kent Huskins,Unsigned,,,,,,
7122,Kevin Roy,Unsigned,,,,,,
7123,Kevin Todd,Unsigned,,,,,,
7124,Trade NJD/EDM 1/13/1993,Trade,,,,,,
7125,Trade EDM/CHI 10/7/1993,Trade,,,,,,
7126,Trade CHI/LAK 3/21/1994,Trade,,,,,,
7127,Ladislav Kohn,Unsigned,,,,,,
7128,Trade TOR/CGY 7/2/1998,Trade,,,,,,
7129,Trade ATL/ANA 9/27/1999,Trade,,,,,,
7130,Trade ANA/ATL 2/9/2001,Trade,,,,,,
7131,Marc Chouinard,Unsigned,,,,,,
7132,Marty McInnis,Unsigned,a,,,,,
7133,Trade CGY/CHI 10/27/1998,Trade,a,,,,,
7134,Trade CHI/ANA 10/27/1998,Trade,a,,,,,
7135,Mathieu Schneider,Unsigned,,,,,,
7136,1987 44th Overall,Draft Pick,,,,,,
7137,Trade MTL/NJD 6/13/1987,Trade,,,,,,
7138,Trade TOR/NYR 10/13/1998,Trade,,,,,,
7139,Trade LAK/DET 3/11/2003,Trade,,,,,,
7140,Trade ATL/ANA 9/26/2008,Trade,,,,,,
7141,Trade ATL/MTL 2/16/2009,Trade,,,,,,
7142,Mike Crowley,Unsigned,,,,,,
7143,Mike Leclerc,Unsigned,,,,,,
7144,Anri Ravinskis,VAN,a,,,,,
7145,Wojciech Stachowiak,TBL,a,,,,,
7146,Niclas Havelid,Unsigned,,,,,,
7147,Trade ATL/NJD 3/2/2009,Trade,,,,,,
7148,Pascal Trepanier,Unsigned,,,,,,
7149,Trade NSH/FLA 3/9/2003,Trade,,,,,,
7150,Patric Kjellberg,Unsigned,,,,,,
7151,Trade NSH/ANA 11/1/2001,Trade,,,,,,
7152,Patrik Carnback,Unsigned,,,,,,
7153,Trade ANA/MTL 8/10/1993,Trade,,,,,,
7154,Pavel Trnka,Unsigned,,,,,,
7155,Tyson Jugnauth,SEA,a,,,,,
7156,Peter Douris,Unsigned,,,,,,
7157,Trade WIN/STL 9/29/1988,Trade,,,,,,
7158,Petr Tenkrat,Unsigned,,,,,,
7159,Trade FLA/CBJ 10/4/2002,Trade,,,,,,
7160,Trade TOR/BOS 6/15/2006,Trade,,,,,,
7161,Rob Niedermayer,Unsigned,,,,,,
7162,Trade CGY/ANA 3/11/2003,Trade,,,,,,
7163,Ruslan Salei,Unsigned,,,,,,
7164,Trade COL/FLA 2/26/2008,Trade,,,,,,
7165,Sandis Ozolinsh,Unsigned,,,,,,
7166,1991 30th Overall,Draft Pick,,,,,,
7167,Trade MNS/SJS 5/31/1991,Trade,,,,,,
7168,Trade SJS/COL 10/26/1995,Trade,,,,,,
7169,Trade CAR/COL 6/24/2000,Trade,,,,,,
7170,Trade CAR/FLA 1/15/2002,Trade,,,,,,
7171,Trade ANA/NYR 3/9/2006,Trade,,,,,,
7172,Sean Hill,Unsigned,,,,,,
7173,Trade ANA/OTT 6/29/1994,Trade,,,,,,
7174,Trade CAR/OTT 11/18/1997,Trade,,,,,,
7175,Trade STL/CAR 12/5/2001,Trade,,,,,,
7176,Sean Pronger,Unsigned,,,,,,
7177,Trade ANA/PIT 3/24/1998,Trade,,,,,,
7178,Trade NYR/LAK 2/12/1999,Trade,,,,,,
7179,Trade CBJ/VAN 10/30/2003,Trade,,,,,,
7180,Stanislav Chistov,Unsigned,,,,,,
7181,Trade ANA/BOS 11/13/2006,Trade,,,,,,
7182,Steve Rucchin,Unsigned,,,,,,
7183,Trade ANA/NYR 8/23/2005,Trade,,,,,,
7184,Steve Thomas,Unsigned,,,,,,
7185,Trade TOR/CHI 9/3/1987,Trade,,,,,,
7186,Trade CHI/NYI 10/25/1991,Trade,,,,,,
7187,Trade CHI/ANA 3/11/2003,Trade,,,,,,
7188,Steven King,Unsigned,,,,,,
7189,Stu Grimson,Unsigned,,,,,,
7190,Ted Donato,Unsigned,,,,,,
7191,Trade BOS/NYI 11/7/1998,Trade,,,,,,
7192,Trade NYI/OTT 3/20/1999,Trade,,,,,,
7193,Trade OTT/ANA 6/18/1999,Trade,,,,,,
7194,Ted Drury,Unsigned,,,,,,
7195,Trade ANA/NYI 10/29/1999,Trade,,,,,,
7196,Trade NJD/CAR 3/4/2002,Trade,,,,,,
7197,Terry Yake,Unsigned,,,,,,
7198,Trade ANA/TOR 9/28/1994,Trade,,,,,,
7199,Tim Sweeney,Unsigned,,,,,,
7200,Todd Ewen,Unsigned,,,,,,
7201,Trade EDM/STL 10/15/1986,Trade,,,,,,
7202,Trade STL/MTL 12/12/1989,Trade,,,,,,
7203,Todd Krygier,Unsigned,,,,,,
7204,Trade HFD/WSH 10/3/1991,Trade,,,,,,
7205,Trade WSH/ANA 2/2/1995,Trade,,,,,,
7206,Trade ANA/WSH 3/8/1996,Trade,,,,,,
7207,Todd Marchant,Unsigned,,,,,,
7208,Trade EDM/NYR 3/21/1994,Trade,,,,,,
7209,Tomas Sandstrom,Unsigned,,,,,,
7210,Trade NYR/LAK 1/20/1990,Trade,,,,,,
7211,Trade LAK/PIT 2/16/1994,Trade,,,,,,
7212,Trade PIT/DET 1/27/1997,Trade,,,,,,
7213,Tony Hrkac,Unsigned,,,,,,
7214,1984 32nd Overall,Draft Pick,,,,,,
7215,Trade QUE/SJS 5/31/1991,Trade,,,,,,
7216,Trade CHI/SJS 2/7/1992,Trade,,,,,,
7217,Trade STL/QUE 12/13/1989,Trade,,,,,,
7218,Troy Loney,Unsigned,,,,,,
7219,Trade ANA/NYI 6/29/1994,Trade,,,,,,
7220,Valeri Karpov,Unsigned,,,,,,
7221,Troy Bodie,Unsigned,,,,,,
7222,Aaron Gavey,Unsigned,,,,,,
7223,Trade TBL/CGY 11/19/1996,Trade,,,,,,
7224,Trade CGY/DAL 7/14/1998,Trade,,,,,,
7225,Adrien Plavsic,Unsigned,,,,,,
7226,Trade STL/VAN 3/6/1990,Trade,,,,,,
7227,Trade VAN/TBL 3/23/1995,Trade,,,,,,
7228,Alexei Kasatonov,Unsigned,,,,,,
7229,Trade ANA/STL 3/21/1994,Trade,,,,,,
7230,Alexei Smirnov,Unsigned,,,,,,
7231,Anatoli Fedotov,Unsigned,,,,,,
7232,Andreas Lilja,Unsigned,,,,,,
7233,Andrei Nazarov,Unsigned,,,,,,
7234,1992 10th Overall,Draft Pick,,,,,,
7234.1,Trade CGY/TBL 1/19/1999,Trade,,,,,,
7235,Trade CGY/ANA 9/26/2000,Trade,,,,,,
7236,Trade BOS/PHX 1/24/2002,Trade,,,,,,
7237,Andrew Gordon,Unsigned,,,,,,
7238,Trade ANA/VAN 2/27/2012,Trade,a,,,,,
7239,Andy Welinski,Unsigned,a,,,,,
7240,Antti-Jussi Niemi,Unsigned,,,,,,
7241,Aris Brimanis,Unsigned,,,,,,
7242,1991 86th Overall,Draft Pick,,,,,,
7243,Barry Nieckar,Unsigned,,,,,,
7244,Ben Maxwell,Unsigned,,,,,,
7245,Trade ATL/MTL 2/24/2011,Trade,,,,,,
7246,Bjorn Melin,Unsigned,,,,,,
7247,1999 163rd Overall,Draft Pick,,,,,,
7248,Brad May,Unsigned,,,,,,
7249,1990 14th Overall,Draft Pick,,,,,,
724911,Trade BUF/VAN 2/4/1998,Trade,,,,,,
7250,Trade PHX/VAN 3/11/2003,Trade,,,,,,
7251,Trade COL/ANA 2/27/2007,Trade,,,,,,
7252,Brandon Bochenski,Unsigned,,,,,,
7253,Trade OTT/CHI 3/9/2006,Trade,,,,,,
7254,Nikita Quapp,CAR,a,,,,,
7255,Brendan Mikkelson,Unsigned,,,,,,
7256,2005 31st Overall,Draft Pick,,,,,,
7257,Trade CGY/TBL 1/6/2012,Trade,,,,,,
7258,Brent Severyn,Unsigned,,,,,,
7259,1984 99th Overall,Draft Pick,,,,,,
7260,Trade QUE/WIN 2/6/1984,Trade,,,,,,
7261,Trade QUE/NJD 6/3/1991,Trade,,,,,,
7262,Trade NJD/WIN 9/30/1993,Trade,,,,,,
7263,Trade WIN/FLA 10/3/1993,Trade,,,,,,
7264,Trade FLA/NYI 3/3/1995,Trade,,,,,,
7265,Trade NYI/COL 9/4/1996,Trade,,,,,,
7266,Bret Hedican,Unsigned,,,,,,
7267,Trade STL/VAN 3/21/1994,Trade,,,,,,
7268,Brett Festerling,Unsigned,,,,,,
7269,Trade MTL/ATL 2/28/2011,Trade,,,,,,
7270,Brian Sutherby,Unsigned,,,,,,
7271,Trade WSH/ANA 11/19/2007,Trade,,,,,,
7272,Trade ANA/DAL 12/14/2008,Trade,,,,,,
7273,Bruno St Jacques,Unsigned,,,,,,
7274,Trade PHI/CAR 2/7/2003,Trade,,,,,,
7275,Cam Severson,Unsigned,,,,,,
7276,Trade CGY/CBJ 2/28/2006,Trade,,,,,,
7277,Casey Hankinson,Unsigned,,,,,,
7278,Chris Armstrong,Unsigned,,,,,,
7279,Chris O'Sullivan,Unsigned,,,,,,
7280,Trade CGY/NYR 3/23/1999,Trade,,,,,,
7281,Craig Johnson,Unsigned,,,,,,
7282,1990 33rd Overall,Draft Pick,,,,,,
7283,Trade VAN/STL 9/6/1988,Trade,,,,,,
7284,Dan Trebil,Unsigned,,,,,,
7285,Trade ANA/PIT 3/14/2000,Trade,,,,,,
7286,Trade NYI/PIT 11/14/2000,Trade,,,,,,
7287,Trade PIT/STL 12/28/2000,Trade,,,,,,
7288,Dmitri Simashev,UTH,a,,,,,
7289,Daniil But,UTH,a,,,,,
7290,2023 12th Overall,Draft Pick,,,,,,
7291,David Sacco,Unsigned,,,,,,
7292,Zenith Komarniski,Unsigned,,,,,,
7293,Denny Lambert,Unsigned,,,,,,
7294,Trade ANA/ATL 7/2/2001,Trade,,,,,,
7295,Zdeno Ciger,Unsigned,,,,,,
7296,Trade NYR/TBL 12/12/2001,Trade,,,,,,
7297,Don McSween,Unsigned,,,,,,
7298,Drew Bannister,Unsigned,,,,,,
7299,Trade ANA/TBL 12/10/1998,Trade,a,,,,,
7300,Yuri Khmylev,Unsigned,a,,,,,
7301,1992 108th Overall,Draft Pick,a,,,,,
7302,Trade WIN/BUF 10/11/1991,Trade,a,,,,,
7303,Dwayne Norris,Unsigned,,,,,,
7304,Ed Ward,Unsigned,,,,,,
7305,Trade CGY/QUE 3/23/1995,Trade,,,,,,
7306,Trade ATL/ANA 3/14/2000,Trade,,,,,,
7307,Trade NJD/ANA 6/12/2000,Trade,,,,,,
7308,Yannick Riendeau,Unsigned,,,,,,
7309,Erik Christensen,Unsigned,,,,,,
7310,Trade NYR/MIN 2/3/2012,Trade,a,,,,,
7311,Yanick Lehoux,Unsigned,a,,,,,
7312,Espen Knutsen,Unsigned,,,,,,
7313,Trade HFD/ANA 10/1/1996,Trade,,,,,,
7314,Trade ANA/CBJ 5/25/2000,Trade,,,,,,
7315,Yan Golubovsky,Unsigned,,,,,,
7316,Garrett Burnett,Unsigned,,,,,,
7317,Geoff Platt,Unsigned,,,,,,
7318,Wojtek Wolski,Unsigned,,,,,,
7319,Trade NYR/FLA 2/25/2012,Trade,,,,,,
7320,Giovanni Fiore,Unsigned,,,,,,
7321,Wilf Paiement,Unsigned,,,,,,
7322,Trade TOR/QUE 3/9/1982,Trade,,,,,,
7323,Trade QUE/NYR 2/5/1986,Trade,,,,,,
7324,Ian Moran,Unsigned,,,,,,
7325,1990 107th Overall,Draft Pick,,,,,,
7326,Trade VAN/PIT 10/24/1989,Trade,,,,,,
7327,Wally Stanowski,Unsigned,,,,,,
7328,Trade NYA/TOR 10/17/1937,Trade,,,,,,
7329,Jake Dotchin,Unsigned,,,,,,
7330,Jamie Pushor,Unsigned,,,,,,
7331,Trade ATL/DAL 6/25/1999,Trade,,,,,,
7332,Trade CBJ/PIT 3/15/2002,Trade,,,,,,
7333,Trade CBJ/NYR 1/23/2004,Trade,,,,,,
7334,Wade Flaherty,Unsigned,,,,,,
7335,Jarkko Ruutu,Unsigned,,,,,,
7336,1998 68th Overall,Draft Pick,,,,,,
7337,Wade Brookbank,Unsigned,,,,,,
7338,Jason King,Unsigned,,,,,,
7339,Trade VAN/ANA 6/23/2007,Trade,,,,,,
7340,Jean-Francois Jacques,Unsigned,,,,,,
7341,2003 68th Overall,Draft Pick,,,,,,
7342,Vic Lynn,Unsigned,,,,,,
7343,Trade MTL/TOR 9/21/1946,Trade,,,,,,
7344,Jeremy Stevenson,Unsigned,,,,,,
7345,Jesse Blacker,Unsigned,,,,,,
7346,2009 58th Overall,Draft Pick,,,,,,
7347,Trade EDM/BUF 3/4/2009,Trade,,,,,,
7348,Trade ANA/FLA 12/4/2014,Trade,,,,,,
7349,Valeri Zelepukin,Unsigned,,,,,,
7350,Trade PHI/EDM 10/5/1998,Trade,,,,,,
7351,Jim Campbell,Unsigned,,,,,,
7352,1991 28th Overall,Draft Pick,,,,,,
7353,Trade PHI/MTL 3/5/1991,Trade,,,,,,
7354,Trade MTL/ANA 1/21/1996,Trade,,,,,,
7355,Vaclav Varada,Unsigned,,,,,,
7356,Trade BUF/OTT 2/25/2003,Trade,,,,,,
7357,Jiri Sekac,Unsigned,,,,,,
7358,Ulf Dahlen,Unsigned,,,,,,
7359,Trade DAL/SJS 3/19/1994,Trade,,,,,,
7360,John Lilley,Unsigned,,,,,,
7361,Jordan Hendry,Unsigned,,,,,,
7362,Jorgen Jonsson,Unsigned,,,,,,
7363,Trade CGY/NYI 7/14/1998,Trade,,,,,,
7364,Tyler Wright,Unsigned,,,,,,
7365,Trade EDM/PIT 6/22/1996,Trade,,,,,,
7366,Josh Green,Unsigned,,,,,,
7367,Tyler Arnason,Unsigned,,,,,,
7368,Justin Kloos,Unsigned,,,,,,
7369,Trevor Smith,Unsigned,,,,,,
7370,Kalle Kossila,Unsigned,,,,,,
7371,Ken Baumgartner,Unsigned,,,,,,
7372,Trade LAK/NYI 11/29/1989,Trade,,,,,,
7373,Trade NYI/TOR 3/10/1992,Trade,,,,,,
7374,Trade TOR/ANA 3/20/1996,Trade,,,,,,
7375,Trevor Gillies,Unsigned,,,,,,
7376,Ken Klee,Unsigned,,,,,,
7377,Trade TOR/NJD 3/8/2006,Trade,,,,,,
7378,Trent Hunter,Unsigned,,,,,,
7379,Trade ANA/NYI 5/23/2000,Trade,,,,,,
7380,Kevin Haller,Unsigned,,,,,,
7381,Trade BUF/MTL 3/10/1992,Trade,,,,,,
7382,Trade MTL/PHI 6/29/1994,Trade,,,,,,
7383,Yves Racine,Unsigned,,,,,,
7384,Trade DET/PHI 10/5/1993,Trade,,,,,,
7385,Kevin Sawyer,Unsigned,,,,,,
7386,Tony Granato,Unsigned,,,,,,
7387,Trade SJS/NSH 6/26/1998,Trade,,,,,,
7388,Kip Brennan,Unsigned,,,,,,
7389,Trade LAK/ATL 3/9/2004,Trade,,,,,,
7390,Trade ATL/ANA 8/25/2005,Trade,,,,,,
7391,Ville Peltonen,Unsigned,,,,,,
7392,1993 58th Overall,Draft Pick,,,,,,
7393,Kurt Sauer,Unsigned,,,,,,
7394,Trade ANA/COL 2/21/2004,Trade,,,,,,
7395,Tommy Salo,Unsigned,,,,,,
7396,Trade NYI/EDM 3/20/1999,Trade,,,,,,
7397,Kyle Calder,Unsigned,,,,,,
7398,1997 130th Overall,Draft Pick,,,,,,
7399,Trade CHI/PHI 2/16/1995,Trade,,,,,,
7400,Trade CHI/DET/PHI 2/26/2007,Trade,,,,,,
7401,Tomas Malec,Unsigned,,,,,,
7402,2001 64th Overall,Draft Pick,,,,,,
7403,Trade CAR/ANA 6/18/2004,Trade,,,,,,
7404,Trade NYI/OTT 1/5/2007,Trade,,,,,,
7405,Lonnie Loach,Unsigned,,,,,,
7406,Marc Moro,Unsigned,,,,,,
7407,Trade ANA/NSH 10/5/1998,Trade,,,,,,
7408,Trade NSH/TOR 3/1/2002,Trade,,,,,,
7409,Tomas Kloucek,Unsigned,,,,,,
7410,Trade NSH/ATL 12/2/2003,Trade,a,,,,,
7411,Gabe Smith,UTH,a,,,,,
7412,Ilya Nabokov,COL,a,,,,,
7413,2024 38th Overall,Draft Pick,,,,,,
7414,Marc-Andre Bergeron,Unsigned,,,,,,
7415,Trade EDM/NYI 2/18/2007,Trade,,,,,,
7416,Trade NYI/ANA 2/26/2008,Trade,,,,,,
7417,Tom Tilley,Unsigned,,,,,,
7418,Trade STL/TBL 10/6/1994,Trade,,,,,,
7419,Mark Bell,Unsigned,,,,,,
7420,1998 8th Overall,Draft Pick,,,,,,
7421,Tom Laidlaw,Unsigned,,,,,,
7422,Mark Ferner,Unsigned,,,,,,
7423,Trade BUF/WSH 6/1/1989,Trade,,,,,,
7424,Tom Kurvers,Unsigned,,,,,,
7425,Trade MTL/BUF 11/18/1986,Trade,,,,,,
7426,Trade BUF/NJD 6/13/1987,Trade,,,,,,
7427,Trade TOR/VAN 1/12/1991,Trade,,,,,,
7428,Trade VAN/MNS 6/22/1991,Trade,,,,,,
7429,Trade MNS/NYI 6/22/1991,Trade,,,,,,
7430,Mark Hartigan,Unsigned,,,,,,
7431,Theo Ruth,Unsigned,,,,,,
7432,2007 46th Overall,Draft Pick,,,,,,
7433,Trade NYI/WSH 2/26/2007,Trade,,,,,,
7434,Mark Janssens,Unsigned,,,,,,
7435,Trade NYR/MNS 3/10/1992,Trade,,,,,,
7436,Trade MNS/HFD 9/3/1992,Trade,,,,,,
7437,Trade NYI/PHX 3/24/1998,Trade,,,,,,
7438,Trade CHI/PHI 6/12/2000,Trade,,,,,,
7439,Terry Johnson,Unsigned,,,,,,
7440,Trade CGY/TOR 10/3/1986,Trade,,,,,,
7441,Mark Mowers,Unsigned,,,,,,
7442,Mark Popovic,Unsigned,,,,,,
7443,Martin Skoula,Unsigned,,,,,,
7444,1998 17th Overall,Draft Pick,,,,,,
7445,Trade LAK/COL 6/20/1996,Trade,,,,,,
7446,Terry Harper,Unsigned,,,,,,
7447,Trade MTL/LAK 8/22/1972,Trade,a,,,,,
7448,Mat Clark,Unsigned,a,,,,,
7449,2009 37th Overall,Draft Pick,a,,,,,
7450,Max Friberg,Unsigned,,,,,,
7451,Maxim Balmochnykh,Unsigned,,,,,,
7452,Maxim Bets,Unsigned,,,,,,
7453,Maxime Macenauer,Unsigned,,,,,,
7454,2007 63rd Overall,Draft Pick,,,,,,
7455,Trade ANA/WPG 2/13/2012,Trade,,,,,,
7456,Terry Carkner,Unsigned,,,,,,
7457,Trade NYR/QUE 9/30/1987,Trade,,,,,,
7458,Trade QUE/PHI 7/25/1988,Trade,,,,,,
7459,Michael Holmqvist,Unsigned,,,,,,
7460,Mike Liambas,Unsigned,,,,,,
7461,Mike Brown (1979),Unsigned,,,,,,
7462,Milos Holan,Unsigned,,,,,,
7463,1993 77th Overall,Draft Pick,,,,,,
7464,Teemu Hartikainen,Unsigned,,,,,,
7465,Myles O'Connor,Unsigned,,,,,,
7466,Nathan McIver,Unsigned,,,,,,
7467,Nathan Oystrick,Unsigned,,,,,,
7468,Nick Boynton,Unsigned,,,,,,
7469,Ted Harris,Unsigned,,,,,,
7470,Trade MTL/NYR 6/1/1963,Trade,,,,,,
7471,Trade MNS/DET 11/6/1973,Trade,,,,,,
7472,Oleg Mikulchik,Unsigned,,,,,,
7473,Paul Mara,Unsigned,,,,,,
7474,Trade TBL/PHX 3/5/2001,Trade,,,,,,
7475,Trade BOS/NYR 2/27/2007,Trade,,,,,,
7476,Trade MTL/ANA 2/17/2011,Trade,,,,,,
7477,Wayne Larkin,Unsigned,,,,,,
7478,Wayne Boddy,Unsigned,,,,,,
7479,Ted Graham,Unsigned,,,,,,
7480,Trade MTM/DET 1/2/1934,Trade,,,,,,
7481,Trade STE/DET 2/11/1935,Trade,,,,,,
7482,Trade BOS/NYA 12/19/1936,Trade,,,,,,
7483,Peter Leboutillier,Unsigned,,,,,,
7484,Petr Schastlivy,Unsigned,,,,,,
7485,Trade OTT/ANA 2/4/2004,Trade,,,,,,
7486,Walter Kalbfleish,Unsigned,,,,,,
7487,Todd Simpson,Unsigned,,,,,,
7488,Trade CGY/FLA 9/30/1999,Trade,,,,,,
7489,Trade PHX/FLA 3/13/2001,Trade,,,,,,
7490,Trade CHI/MTL 3/9/2006,Trade,,,,,,
7491,Petteri Wirtanen,Unsigned,,,,,,
7492,Randy Ladouceur,Unsigned,,,,,,
7493,Trade DET/HFD 1/12/1987,Trade,,,,,,
7494,Syl Apps Jr,Unsigned,,,,,,
7495,Trade PIT/LAK 11/1/1977,Trade,a,,,,,
7496,Mikhail Ilyin,PIT,a,,,,,
7497,Ilya Safonov,VAN,a,,,,,
7498,Rob Valicevic,Unsigned,,,,,,
7499,Robert Dirk,Unsigned,,,,,,
7500,1984 53rd Overall,Draft Pick,,,,,,
7501,Trade STL/VAN 3/5/1991,Trade,,,,,,
7502,Trade VAN/CHI 3/21/1994,Trade,,,,,,
7503,Trade CHI/ANA 6/12/1994,Trade,,,,,,
7504,Syd Howe,Unsigned,,,,,,
7505,Trade OTS/PHO 11/6/1930,Trade,,,,,,
7506,Robin Bawa,Unsigned,,,,,,
7507,Trade VAN/SJS 12/15/1992,Trade,,,,,,
7508,Wally Kilrea,Unsigned,,,,,,
7509,Stu Kulak,Unsigned,,,,,,
7510,Trade EDM/NYR 10/2/1986,Trade,,,,,,
7511,Ryan O'Marra,Unsigned,,,,,,
7512,Trade ANA/EDM 2/16/2012,Trade,,,,,,
7513,Ville Kentala,Unsigned,,,,,,
7514,Stewart Evans,Unsigned,,,,,,
7515,Steven Rice,Unsigned,,,,,,
7516,1989 20th Overall,Draft Pick,,,,,,
7517,Trade MYL/NYR 1/27/1988,Trade,,,,,,
7518,Trade HFD/EDM 8/30/1994,Trade,,,,,,
7519,Ryan Shannon,Unsigned,,,,,,
7520,Trade VAN/OTT 9/2/2008,Trade,,,,,,
7521,Steve Oleksy,Unsigned,,,,,,
7522,Steven Halko,Unsigned,,,,,,
7523,Steve Wagner,Unsigned,,,,,,
7524,Steve Valiquette,Unsigned,,,,,,
7525,1996 190th Overall,Draft Pick,,,,,,
7526,Trade LAK/OTT 3/20/1996,Trade,,,,,,
7527,Ryan Whitney,Unsigned,,,,,,
7528,Scott Ferguson,Unsigned,,,,,,
7529,Trade EDM/OTT 3/9/1998,Trade,,,,,,
7530,Steve Patrick,Unsigned,,,,,,
7531,Trade BUF/NYR 12/6/1984,Trade,,,,,,
7532,Scott McKay,Unsigned,,,,,,
7533,Sergei Krivokrasov,Unsigned,a,,,,,
7534,1992 12th Overall,Draft Pick,a,,,,,
7535,Trade CHI/NSH 6/26/1998,Trade,a,,,,,
7536,Trade CGY/NSH 3/14/2000,Trade,a,,,,,
7537,Trade MIN/ANA 11/1/2001,Trade,a,,,,,
7538,Steve Marr,Unsigned,,,,,,
7539,Kaden Hammell,SEA,a,,,,,
7540,Kirill Kirsanov,LAK,a,,,,,
7541,2021 84th Overall,Draft Pick,,,,,,
7542,Trade CGY/LAK 6/24/2021,Trade,,,,,,
7543,Shawn Antoski,Unsigned,,,,,,
7544,1990 18th Overall,Draft Pick,,,,,,
7545,Trade MTL/STL 1/16/1989,Trade,,,,,,
7546,Trade VAN/PHI 2/15/1995,Trade,,,,,,
7547,Steve Ludzik,Unsigned,,,,,,
7548,1980 28th Overall,Draft Pick,,,,,,
7549,Trade VAN/CHI 6/16/1978,Trade,,,,,,
7550,Timo Parssinen,Unsigned,,,,,,
7551,Tony Martensson,Unsigned,,,,,,
7552,2001 224th Overall,Draft Pick,,,,,,
7553,Thomas Gradin,Unsigned,,,,,,
7554,Viacheslav Butsayev,Unsigned,,,,,,
7555,Trade FLA/SJS 2/1/1994,Trade,,,,,,
7556,Trade FLA//OTT 3/8/1999,Trade,,,,,,
7557,Steve Konowalchuk,Unsigned,,,,,,
7558,Steve Kelly,Unsigned,,,,,,
7559,Trade TBL/NJD 10/7/1999,Trade,,,,,,
7560,Aaron Voros,Unsigned,,,,,,
7561,2001 229th Overall,Draft Pick,,,,,,
7562,Trade NJD/TBL 6/25/2000,Trade,,,,,,
7563,Trade NJD/MIN 2/28/2007,Trade,,,,,,
7564,Steve Jensen,Unsigned,,,,,,
7565,Steve Dubinsky,Unsigned,a,,,,,
7566,Steve Christoff,Unsigned,,,,,,
7567,1978 24th Overall,Draft Pick,,,,,,
7568,Trade MNS/KCS 12/9/1975,Trade,,,,,,
7569,Trade CGY/MNS 6/7/1982,Trade,,,,,,
7570,Trade CGY/MNS 6/8/1983,Trade,,,,,,
7571,Aaron Ward,Unsigned,,,,,,
7572,Trade WIN/DET 6/11/1993,Trade,,,,,,
7573,Trade CAR/ANA 3/3/2010,Trade,,,,,,
7574,Willi Plett,Unsigned,,,,,,
7575,Trade MNS/NYR 9/8/1987,Trade,,,,,,
7576,Andy Sutton,Unsigned,,,,,,
7577,Trade SJS/MIN 6/11/2000,Trade,,,,,,
7578,Trade MIN/ATL 1/22/2002,Trade,,,,,,
7579,Trade OTT/NYI 3/2/2010,Trade,,,,,,
7580,Steve Atkinson,Unsigned,,,,,,
7581,Stephen Dixon,Unsigned,,,,,,
7582,2003 29th Overall,Draft Pick,,,,,,
7583,Stephane Yelle,Unsigned,,,,,,
7584,Trade NJD/QUE 6/1/1994,Trade,,,,,,
7585,Trade CAR/COL 3/3/2010,Trade,,,,,,
7586,Bob Wren,Unsigned,,,,,,
7587,Trade TOR/NSH 12/31/2002,Trade,,,,,,
7588,Stephane Veilleux,Unsigned,,,,,,
7589,2001 93rd Overall,Draft Pick,,,,,,
7590,Trade OTT/MIN 3/13/2001,Trade,,,,,,
7591,Brian Salcido,Unsigned,,,,,,
7592,2005 141st Overall,Draft Pick,,,,,,
7593,Trade ANA/SJS 7/30/2005,Trade,,,,,,
7594,Stephane Fiset,Unsigned,,,,,,
7595,Stephane Beauregard,Unsigned,,,,,,
7596,Trade CHI/WIN 8/10/1992,Trade,,,,,,
7597,Colby Robak,Unsigned,,,,,,
7598,2008 46th Overall,Draft Pick,,,,,,
7599,Trade PHX/FLA 6/21/2008,Trade,,,,,,
7600,Stanislav Neckar,Unsigned,,,,,,
7601,Trade NYR/PHX 3/23/1999,Trade,a,,,,,
7602,Trade NSH/TBL 3/9/2004,Trade,a,,,,,
7603,Ryan Fanti,TBL,a,,,,,
7604,Justin Poirier,CAR,a,,,,,
7605,Craig Reichert,Unsigned,,,,,,
7606,1994 67th Overall,Draft Pick,,,,,,
7607,Trade WSH/TBL 3/21/1994,Trade,,,,,,
7608,Trade TBL/ANA 6/29/1994,Trade,,,,,,
7609,Stan Gilbertson,Unsigned,,,,,,
7610,Trade WSH/PIT 11/11/1974,Trade,,,,,,
7611,Jim Thomson (1965),Unsigned,,,,,,
7612,Trade WSH/HFD 3/6/1989,Trade,,,,,,
7613,Trade HFD/NJD 10/31/1989,Trade,,,,,,
7614,Trade MNS/LAK 6/22/1991,Trade,,,,,,
7615,Trade OTT/LAK 12/19/1992,Trade,,,,,,
7616,Todd Elik,Unsigned,,,,,,
7617,Trade NYR/LAK 12/12/1988,Trade,,,,,,
7618,Trade MNS/EDM 3/5/1993,Trade,,,,,,
7619,Trade SJS/STL 3/23/1995,Trade,,,,,,
7620,Jonas Ronnqvist,Unsigned,,,,,,
7621,2000 98th Overall,Draft Pick,,,,,,
7622,Trade CBJ/NYI 5/11/2000,Trade,,,,,,
7623,Simon Gamache,Unsigned,,,,,,
7624,2000 290th Overall,Draft Pick,,,,,,
7625,Sheldon Kannegiesser,Unsigned,,,,,,
7626,Trade STL/NYR 11/17/1969,Trade,,,,,,
7627,Trade PIT/NYR 3/2/1973,Trade,,,,,,
7628,Trade LAK/NYR 11/30/1973,Trade,,,,,,
7629,Trade LAK/VAN 11/21/1977,Trade,,,,,,
7630,MacGregor Sharp,Unsigned,,,,,,
7631,Nikolai Tsulygin,Unsigned,,,,,,
7632,Nolan Yonkman,Unsigned,,,,,,
7633,Tom Williams,Unsigned,,,,,,
7634,Trade LAK/NYI/STL 6/9/1979,Trade,a,,,,,
7635,Martin Chromiak,LAK,a,,,,,
7636,Dominic Roussel,Unsigned,,,,,,
7637,1988 63rd Overall,Draft Pick,,,,,,
7638,Trade PHI/WIN 2/27/1996,Trade,,,,,,
7639,Trade PHI/NSH 6/26/1998,Trade,,,,,,
7640,Tim Cheveldae,Unsigned,,,,,,
7641,Trade DET/WIN 3/8/1994,Trade,,,,,,
7642,Gregg Naumenko,Unsigned,,,,,,
7643,Guy Hebert,Unsigned,,,,,,
7644,Iiro Tarkki,Unsigned,,,,,,
7645,Ilya Bryzgalov,Unsigned,,,,,,
7646,2000 44th Overall,Draft Pick,,,,,,
7647,Trade MTL/ANA 6/24/2000,Trade,,,,,,
7648,Terry Richardson,Unsigned,,,,,,
7649,Steve Andrascik,Unsigned,,,,,,
7650,Trade DET/NYR 11/1/1970,Trade,,,,,,
7651,Jason LaBarbera,Unsigned,,,,,,
7652,Trade LAK/PHX 12/30/2008,Trade,,,,,,
7653,Shean Donovan,Unsigned,,,,,,
7654,Trade COL/ATL 12/8/1999,Trade,,,,,,
7655,Trade PIT/CGY 3/11/2003,Trade,,,,,,
7656,Trade BOS/OTT 7/17/2007,Trade,,,,,,
7657,Jonas Hiller,Unsigned,,,,,,
7658,Kevin Boyle,Unsigned,,,,,,
7659,Martin Gerber,Unsigned,,,,,,
7660,Michael Wall,Unsigned,,,,,,
7661,Mike O'Neill,Unsigned,,,,,,
7662,Mikhail Shtalenkov,Unsigned,,,,,,
7663,Trade PHX/EDM 3/11/1999,Trade,,,,,,
7664,Trade PHX/FLA 11/18/1999,Trade,,,,,,
7665,Shayne Toporowski,Unsigned,,,,,,
7666,Shawn McEachern,Unsigned,,,,,,
7667,Trade PIT/LAK 8/27/1993,Trade,,,,,,
7668,Trade BOS/PIT 8/2/1995,Trade,,,,,,
7669,Trade BOS/OTT 6/22/1996,Trade,,,,,,
7670,Trade OTT/ATL 6/29/2002,Trade,,,,,,
7671,Ray Emery,Unsigned,,,,,,
7672,2011 99th Overall,Draft Pick,,,,,,
7673,Tom Askey,Unsigned,,,,,,
7674,Viktor Fasth,Unsigned,,,,,,
7675,Trade ANA/EDM 3/4/2014,Trade,,,,,,
7676,Trent McCleary,Unsigned,,,,,,
7677,Shawn McCosh,Unsigned,,,,,,
7678,Trade DET/LAK 8/15/1990,Trade,,,,,,
7679,Joe Junkin,Unsigned,,,,,,
7680,Claude Pronovost,Unsigned,,,,,,
7681,Lefty Wilson,Unsigned,,,,,,
7682,Jacques Plante,HOF,,,,,,
7683,Trade MTL/NYR 6/4/1963,Trade,,,,,,
7684,Shawn Evans,Unsigned,,,,,,
7685,Trade STL/NJD 9/19/1985,Trade,,,,,,
7686,Niklas Svedberg,Unsigned,,,,,,
7687,Alex Auld,Unsigned,,,,,,
7688,1999 40th Overall,Draft Pick,,,,,,
7689,Trade NSH/STL 6/26/1998,Trade,,,,,,
7690,Trade NSH/FLA 6/26/1999,Trade,,,,,,
7691,Trade BOS/PHX 12/6/2007,Trade,,,,,,
7692,Shawn Anderson,Unsigned,,,,,,
7693,Trade WIN/QUE 10/22/1991,Trade,,,,,,
7694,Joey MacDonald,Unsigned,,,,,,
7695,Trade TOR/ANA 3/3/2010,Trade,,,,,,
7696,Sergio Momesso,Unsigned,,,,,,
7697,1983 27th Overall,Draft Pick,,,,,,
7698,Trade STL/MTL 8/9/1988,Trade,,,,,,
7699,Trade VAN/TOR 7/5/1988,Trade,,,,,,
7700,Trade TOR/NYR 2/29/1996,Trade,,,,,,
7701,Trade STL/NYR 11/13/1996,Trade,,,,,,
7702,Terry Sawchuk,HOF,,,,,,
7703,Trade BOS/DET 6/3/1955,Trade,,,,,,
7704,Trade BOS/DET 6/10/1957,Trade,,,,,,
7705,Trade LAK/DET 10/8/1968,Trade,,,,,,
7706,Trade NYR/DET 6/17/1969,Trade,,,,,,
7707,Wayne Presley,Unsigned,,,,,,
7708,Trade CHI/SJS 9/20/1991,Trade,a,,,,,
7709,Trade SJS/BUF 3/9/1992,Trade,a,,,,,
7710,Byron Dafoe,Unsigned,a,,,,,
7711,1989 35th Overall,Draft Pick,a,,,,,
7712,Trade BUF/WSH 3/7/1989,Trade,a,,,,,
7713,Trade WSH/LAK 7/8/1995,Trade,a,,,,,
7714,Trade LAK/BOS 8/29/1997,Trade,a,,,,,
7715,Warren Godfrey,Unsigned,,,,,,
7716,Trade BOS/DET 10/10/1963,Trade,,,,,,
7717,Brian Finley,Unsigned,,,,,,
7718,Jonas Gustavsson,Unsigned,,,,,,
7719,Andrew Raycroft,Unsigned,,,,,,
7720,Don Simmons,Unsigned,,,,,,
7721,Trade BOS/NYR 9/1/1957,Trade,,,,,,
7722,Trade BOS/TOR 1/30/1961,Trade,,,,,,
7723,Vincent Riendeau,Unsigned,,,,,,
7724,Trade STL/DET 10/18/1991,Trade,,,,,,
7725,Trade DET/BOS 1/17/1994,Trade,,,,,,
7726,Ross Brooks,Unsigned,,,,,,
7727,Harry Lumley,Unsigned,,,,,,
7728,Trade CHI/DET 7/13/1950,Trade,,,,,,
7729,Trade CHI/TOR 9/11/1952,Trade,,,,,,
7730,Trade CHI/TOR 5/21/1956,Trade,,,,,,
7731,Andre Gill,Unsigned,,,,,,
7732,Felix Potvin,Unsigned,,,,,,
7733,Trade TOR/NYI 1/9/1999,Trade,,,,,,
7734,Trade NYI/VAN 12/19/1999,Trade,,,,,,
7735,Trade VAN/LAK 2/15/2001,Trade,,,,,,
7736,Vic Stasiuk,Unsigned,,,,,,
7737,Trade CHI/DET 12/2/1950,Trade,,,,,,
7738,Trade BOS/DET 1/23/1961,Trade,,,,,,
7739,Don Keenan,Unsigned,,,,,,
7740,Tom McCarthy (1934),Unsigned,,,,,,
7741,Manny Fernandez,Unsigned,,,,,,
7742,Trade QUE/DAL 2/13/1994,Trade,,,,,,
7743,Trade MIN/BOS 7/1/2007,Trade,,,,,,
7744,Tommy Sjodin,Unsigned,,,,,,
7745,Gerry Cheevers,Unsigned,,,,,,
7746,Mike Bales,Unsigned,,,,,,
7747,John Grahame,Unsigned,,,,,,
7748,Trade BOS/TBL 1/13/2003,Trade,,,,,,
7749,Steve Black,Unsigned,,,,,,
7750,Jack Norris,Unsigned,,,,,,
7751,Trade CHI/BOS 5/15/1967,Trade,,,,,,
7752,Trade MTL/LAK 5/22/1970,Trade,,,,,,
7753,Wayne Thomas,Unsigned,,,,,,
7754,Trade TOR/LAK 9/30/1968,Trade,,,,,,
7755,Trade MTL/TOR 7/17/1975,Trade,,,,,,
7756,Bernie Parent,HOF,,,,,,
7757,Trade PHI/TOR 5/15/1973,Trade,,,,,,
7759,Trade WSH/TOR 11/2/1974,Trade,,,,,,
7760,Hannu Toivonen,Unsigned,a,,,,,
7761,Trade CHI/STL 3/1/2010,Trade,,,,,,
7767,Cayden Lindstrom,CBJ,a,,,,,
7768,Ken Broderick,Unsigned,,,,,,
7769,Trade TOR/MNS 6/6/2967,Trade,,,,,,
7770,Sergei Zholtok,Unsigned,,,,,,
7771,1992 55th Overall,Draft Pick,,,,,,
7772,Trade EDM/MIN 6/29/2001,Trade,,,,,,
7773,Robbie Tallas,Unsigned,,,,,,
7774,Jeff Hackett,Unsigned,,,,,,
7775,Trade SJS/CHI 7/13/1993,Trade,,,,,,
7776,Sergei Vysdhedkevich,Unsigned,,,,,,
7777,Sergei Kharin,Unsigned,,,,,,
7777.1,1989 240th Overall,Draft Pick,,,,,,
7779,Norm Defelice,Unsigned,,,,,,
7780,Bob Perreault,Unsigned,,,,,,
7781,Trade BOS/DET 6/1/1962,Trade,,,,,,
7782,Sergei Gorbachev,Unsigned,,,,,,
7783,Bill Ranford,Unsigned,,,,,,
7784,Trade BOS/EDM 3/8/1988,Trade,,,,,,
7785,Trade BOS/EDM 1/11/1996,Trade,,,,,,
7786,Trade TBL/WSH 6/18/1998,Trade,,,,,,
7787,Sergei Bautin,Unsigned,,,,,,
7788,1992 17th Overall,Draft Pick,,,,,,
7789,Sebastian Erixon,Unsigned,,,,,,
7790,Sean Burke,Unsigned,,,,,,
7791,Trade CAR/VAN 1/3/1998,Trade,,,,,,
7792,Trade VAN/PHI 3/4/1998,Trade,,,,,,
7793,John Blue,Unsigned,,,,,,
7794,Trade WIN/MNS 3/7/1988,Trade,,,,,,
7795,Sean Brown,Unsigned,,,,,,
7796,Trade EDM/BOS 3/19/2002,Trade,,,,,,
7797,Trade VAN/NJD 3/9/2006,Trade,,,,,,
7798,Bruce Gamble,Unsigned,,,,,,
7799,Blaine Lacher,Unsigned,,,,,,
7800,Andy Moog,Unsigned,,,,,,
7801,Trade BOS/DAL 6/25/1993,Trade,,,,,,
7802,Sean Avery,Unsigned,,,,,,
7803,Scott Timmins,Unsigned,,,,,,
7804,Scott Sandelin,Unsigned,,,,,,
7805,Scott Pellerin,Unsigned,,,,,,
7806,Trade CAR/MIN 3/1/2001,Trade,,,,,,
7807,Matt DelGuidice,Unsigned,,,,,,
7808,Don Sylvestri,Unsigned,,,,,,
7809,Rejean Lemelin,Unsigned,,,,,,
7810,Claude Evans,Unsigned,,,,,,
7811,Jon Casey,Unsigned,,,,,,
7812,Trade BOS/DAL 6/20/1993,Trade,,,,,,
7813,Scott McCrory,Unsigned,,,,,,
7814,Scott Malone,Unsigned,,,,,,
7815,Scott Langkow,Unsigned,,,,,,
7816,1993 31st Overall,Draft Pick,,,,,,
7817,Trade FLA/WIN 6/26/1993,Trade,,,,,,
7818,Don Head,Unsigned,,,,,,
7819,Peteris Skudra,Unsigned,,,,,,
7820,Jim Carey,Unsigned,,,,,,
7821,1992 32nd Overall,Draft Pick,,,,,,
7822,Trade TOR/NYI 6/20/1992,Trade,,,,,,
7823,Trade WSH/TOR 6/20/1992,Trade,,,,,,
7824,Scot Kleinendorst,Unsigned,,,,,,
7825,Trade NYR/HFD 2/27/1984,Trade,,,,,,
7826,Doug Keans,Unsigned,,,,,,
7827,Dave Reece,Unsigned,,,,,,
7828,Scott Bailey,Unsigned,,,,,,
7829,Craig Billington,Unsigned,,,,,,
7830,Trade NJD/OTT 6/20/1993,Trade,,,,,,
7831,Trade BOS/OTT 4/7/1995,Trade,,,,,,
7832,Troy Mallete,Unsigned,,,,,,
7833,1988 22nd Overall,Draft Pick,,,,,,
7834,Trade EDM/NJD 1/12/1992,Trade,,,,,,
7835,Marco Baron,Unsigned,,,,,,
7836,Trade LAK/BOS 1/3/1984,Trade,,,,,,
7837,Sandy Snow,Unsigned,,,,,,
7838,Sandy Moger,Unsigned,,,,,,
7839,Sami Kapanen,Unsigned,,,,,,
7840,Ryan Walter,Unsigned,,,,,,
7841,Ryan Bast,Unsigned,,,,,,
7842,Trade PHI/CGY 10/13/1998,Trade,,,,,,
7843,Jim Craig,Unsigned,,,,,,
7844,1977 72nd Overall,Draft Pick,,,,,,
7845,Trade MTL/ATF 5/29/1973,Trade,,,,,,
7846,John Henderson,Unsigned,,,,,,
7847,Trade BOS/TOR 9/23/1954,Trade,,,,,,
7848,Russ Courtnall,Unsigned,,,,,,
7849,Trade TOR/MTL 11/7/1988,Trade,,,,,,
7850,Trade DAL/VAN 4/7/1995,Trade,,,,,,
7851,Trade VAN/NYR 3/8/1997,Trade,,,,,,
7852,Marty Turco,Unsigned,,,,,,
7853,Jim Pettie,Unsigned,,,,,,
7854,Ed Chadwick,Unsigned,,,,,,
7855,Cleon Daskalakis,Unsigned,,,,,,
7856,Norm Foster,Unsigned,,,,,,
7857,Trade BOS/EDM 9/11/1991,Trade,,,,,,
7858,Sergei Nemchinov,Unsigned,,,,,,
7859,Trade NYI/NJD 3/22/1999,Trade,,,,,,
7860,Mike Moffat,Unsigned,,,,,,
7861,Bob Ring,Unsigned,,,,,,
7862,Kay Whitmore,Unsigned,,,,,,
7863,Trade HFD/VAN 10/1/1992,Trade,,,,,,
7863.1,Trade VAN/NYR 3/20/1996,Trade,,,,,,
7864,Trade BOS/EDM 12/28/1999,Trade,,,,,,
7865,Ruslan Zaynullin,Unsigned,,,,,,
7866,Trade ATL/CGY 11/15/2002,Trade,,,,,,
7867,Paxton Schafer,Unsigned,,,,,,
7868,Jim Stewart,Unsigned,,,,,,
7869,George Abbott,Unsigned,,,,,,
7870,Harvey Bennett,Unsigned,,,,,,
7871,Paul Bibeault,Unsigned,,,,,,
7872,Trade MTL/BOS 1/8/1946,Trade,,,,,,
7873,Trade MTL/CHI 9/6/1946,Trade,,,,,,
7874,Rostislav Olesz,Unsigned,,,,,,
7875,Ross Lupaschuk,Unsigned,,,,,,
7876,Ron Stewart,Unsigned,,,,,,
7877,Trade BOS/TOR 6/8/1965,Trade,,,,,,
7878,Trade NYR/VAN 3/5/1972,Trade,,,,,,
7879,Richard Bittner,Unsigned,,,,,,
7880,Frank Brimsek,Unsigned,,,,,,
7881,Les Colvin,Unsigned,,,,,,
7882,Maurice Courteau,Unsigned,,,,,,
7883,Wilf Cude,Unsigned,,,,,,
7884,Nick Damore,Unsigned,,,,,,
7885,Hec Fowler,Unsigned,,,,,,
7886,Jimmy Franks,Unsigned,,,,,,
7887,Trade BOS/DET 7/1/1938,Trade,,,,,,
7888,Bert Gardiner,Unsigned,,,,,,
7889,Trade MTL/NYR 4/26/1940,Trade,,,,,,
7890,Ron Stackhouse,Unsigned,,,,,,
7891,Trade CGS/DET 10/22/1971,Trade,,,,,,
7892,Jack Gelineau,Unsigned,,,,,,
7893,Benny Grant,Unsigned,,,,,,
7894,Gord Henry,Unsigned,,,,,,
7895,Jim Henry,Unsigned,,,,,,
7896,Trade CHI/NYR 10/7/1948,Trade,,,,,,
7897,Tom Webster,Unsigned,,,,,,
7898,Trade BUF/DET 6/10/1970,Trade,,,,,,
7899,Percy Jackson,Unsigned,,,,,,
7900,Trade BOS/NYR 10/10/1934,Trade,,,,,,
7901,Ron Murphy,Unsigned,,,,,,
7902,Trade CHI/NYR 6/6/1957,Trade,,,,,,
7903,Trade CHI/DET 6/9/1964,Trade,,,,,,
7904,Howard Lockhart,Unsigned,,,,,,
7905,Moe Roberts,Unsigned,,,,,,
7906,Jordan Sigalet,Unsigned,,,,,,
7907,Charles Stewart,Unsigned,,,,,,
7908,Tiny Thompson,Unsigned,,,,,,
7909,Trade BOS/DET 11/28/1938,Trade,,,,,,
7910,Ron Duguay,Unsigned,,,,,,
7911,1977 13th Overall,Draft Pick,,,,,,
7912,Trade LAK/NYR 2/14/1974,Trade,,,,,,
7913,Trade DET/PIT 3/11/1986,Trade,,,,,,
7914,Trade PIT/NYR 1/21/1987,Trade,,,,,,
7915,Trade LAK/NYR 2/23/1988,Trade,,,,,,
7916,Hal Winkler,Unsigned,,,,,,
7917,Roman Vopat,Unsigned,,,,,,
7918,Trade COL/LAK 10/29/1998,Trade,a,,,,,
7919,Trade COL/CHI 11/10/1998,Trade,a,,,,,
7920,Trade CHI/PHI 11/17/1998,Trade,a,,,,,
7921,Heikki Ruohonen,PHI,a,,,,,
7922,2024 107th Overall,Draft Pick,a,,,,,
7923,Kevin He,WPG,a,,,,,
7924,2024 109th Overall,Draft Pick,a,,,,,
7925,Javon Moore,OTT,a,,,,,
7926,2024 112th Overall,Draft Pick,a,,,,,
7927,Christian Kirsch,SJS,a,,,,,
7928,2024 116th Overall,Draft Pick,,,,,,
7929,Blake Montgomery,OTT,a,,,,,
7930,2024 117th Overall,Draft Pick,,,,,,
7931,Jan Golicic,TBL,a,,,,,
7932,2024 118th Overall,Draft Pick,,,,,,
7933,Sam Dickinson,SJS,a,,,,,
7934,2024 11th Overall,Draft Pick,,,,,,
7935,Colton Roberts,SJS,a,,,,,
7936,2024 131st Overall,Draft Pick,,,,,,
7937,Aron Kiviharju,MIN,a,,,,,
7938,2024 122nd Overall,Draft Pick,,,,,,
7939,Landon Miller,DET,a,,,,,
7940,2024 126th Overall,Draft Pick,,,,,,
7941,Roger Jenkins,Unsigned,,,,,,
7942,Trade BOS/MTL 7/13/1935,Trade,,,,,,
7943,Trade BOS/MTL 9/10/1936,Trade,,,,,,
7944,Hagen Burrows,TBL,a,,,,,
7945,2024 128th Overall,Draft Pick,,,,,,
7946,Louka Cloutier,COL,a,,,,,
7947,2024 132nd Overall,Draft Pick,,,,,,
7948,Oskar Vuollet,CAR,a,,,,,
7949,2024 133rd Overall,Draft Pick,,,,,,
7950,Ivan Yunin,COL,a,,,,,
7951,2024 137th Overall,Draft Pick,,,,,,
7952,Joel Svensson,CHI,a,,,,,
7953,2024 138th Overall,Draft Pick,,,,,,
7954,Walt Buswell,Unsigned,,,,,,
7955,Trade BOS/DET 7/13/1935,Trade,,,,,,
7956,Sebastian Soini,MIN,a,,,,,
7957,2024 140th Overall,Draft Pick,a,,,,,
7958,Clarke Caswell,SEA,a,,,,,
7959,2024 141st Overall,Draft Pick,a,,,,,
7960,Trade SEA/FLA 6/29/2024,Trade,a,,,,,
7961,Sammy McManus,Unsigned,,,,,,
7962,Trade MTL/MTM 9/10/1936,Trade,,,,,,
7963,Nate Misskey,SJS,a,,,,,
7964,2024 143rd Overall,Draft Pick,,,,,,
7965,Noah Powell,PHI,a,,,,,
7966,2024 148th Overall,Draft Pick,,,,,,
7967,Miroslav Holinka,TOR,a,,,,,
7968,2024 151st Overall,Draft Pick,a,,,,,
7969,Ales Cech,UTH,a,,,,,
7970,2024 153rd Overall,Draft Pick,a,,,,,
7971,Timofei Obvintsev,TOR,a,,,,,
7972,2024 157th Overall,Draft Pick,,,,,,
7973,Roger Crozier,Unsigned,,,,,,
7974,Trade CHI/DET 6/5/1963,Trade,,,,,,
7975,Max Curran,COL,a,,,,,
7976,2024 161st Overall,Draft Pick,,,,,,
7977,Ron Ingram,Unsigned,,,,,,
7978,Trade NYR/DET 2/14/1964,Trade,,,,,,
7979,Anthony Romani,VAN,a,,,,,
7980,2024 162nd Overall,Draft Pick,,,,,,
7981,Rod Seiling,Unsigned,,,,,,
7982,Rod Buskas,Unsigned,,,,,,
7983,Trade VAN/PIT 1/8/1990,Trade,,,,,,
7984,Trade CHI/LAK 10/28/1991,Trade,,,,,,
7985,Albin Sundin,EDM,a,,,,,
7986,2024 183rd Overall,Draft Pick,,,,,,
7987,Tony Tanti,Unsigned,,,,,,
7988,Trade CHI/VAN 1/6/1983,Trade,,,,,,
7989,Trade PIT/BUF 3/5/1991,Trade,,,,,,
7990,Roman Shokhrin,CAR,a,,,,,
7991,2024 184th Overall,Draft Pick,,,,,,
7992,Rocky Thompson,Unsigned,,,,,,
7993,Robert Svehla,Unsigned,,,,,,
7994,Trade CGY/FLA 9/29/1994,Trade,,,,,,
7995,Sacha Boisvert,CHI,a,,,,,
7996,2024 18th Overall,Draft Pick,,,,,,
7997,Robert Picard,Unsigned,,,,,,
7998,Trade WSH/TOR 6/11/1980,Trade,,,,,,
7999,Trade TOR/MTL 3/10/1981,Trade,,,,,,
8000,Trade WIN/QUE 11/27/1985,Trade,,,,,,
8001,Ludvig Lafton,UTH,a,,,,,
8002,2024 190th Overall,Draft Pick,,,,,,
8003,Tim Coulis,Unsigned,,,,,,
8004,Robert Nordmark,Unsigned,,,,,,
8005,1987 59th Overall,Draft Pick,,,,,,
8006,Trade STL/MTL 6/12/1987,Trade,,,,,,
8007,Joe Connor,TBL,a,,,,,
8008,2024 195th Overall,Draft Pick,,,,,,
8009,Robert Nilsson,Unsigned,,,,,,
8010,William Nicholl,EDM,a,,,,,
8011,2024 196th Overall,Draft Pick,,,,,,
8012,Robert Esche,Unsigned,,,,,,
8013,1996 139th Overall,Draft Pick,,,,,,
8014,Trade WIN/LAK 8/8/1994,Trade,,,,,,
8015,Noah Steen,TBL,a,,,,,
8016,2024 199th Overall,Draft Pick,,,,,,
8017,Ruslan Batyrshin,Unsigned,,,,,,
8018,1993 79th Overall,Draft Pick,,,,,,
8019,Trade WIN/OTT 3/14/1993,Trade,,,,,,
8020,Matt Lahey,TOR,a,,,,,
8021,2024 200th Overall,Draft Pick,a,,,,,
8022,Michal Postava,DET,a,,,,,
8023,Jakub Fibigr,SEA,a,,,,,
8024,2024 202nd Overall,Draft Pick,,,,,,
8025,Robb Stauber,Unsigned,,,,,,
8026,Austin Baker,DET,a,,,,,
8027,2024 203rd Overall,Draft Pick,a,,,,,
8028,Rob Zettler,Unsigned,,,,,,
8029,1986 55th Overall,Draft Pick,,,,,,
8030,Trade BOS/MNS 5/16/1986,Trade,,,,,,
8031,Trade PHI/TOR 7/8/1995,Trade,,,,,,
8032,Cole Eiserman,NYI,a,,,,,
8033,2024 20th Overall,Draft Pick,,,,,,
8034,Tom McCarthy (1960),Unsigned,,,,,,
8035,1979 10th Overall,Draft Pick,,,,,,
8036,Trade WSH/PIT 10/16/1977,Trade,,,,,,
8037,Trade WSH/MNS 10/18/1978,Trade,,,,,,
8038,Makar Khanin,MTL,a,,,,,
8039,2024 210th Overall,Draft Pick,,,,,,
8040,Rob Whistle,Unsigned,,,,,,
8041,Trade WSH/STL 10/19/1988,Trade,,,,,,
8042,Trade WSH/STL 6/1/1990,Trade,,,,,,
8043,Matvei Korotky,STL,a,,,,,
8044,2024 211th Overall,Draft Pick,,,,,,
8045,Riley Holzapfel,Unsigned,,,,,,
8046,Erik Pahlsson,NSH,a,,,,,
8047,2024 213th Overall,Draft Pick,,,,,,
8048,Riley Boychuk,Unsigned,,,,,,
8049,2010 208th Overall,Draft Pick,,,,,,
8050,Christian Humphreys,COL,a,,,,,
8051,2024 215th Overall,Draft Pick,,,,,,
8052,Trade NJD/NSH 6/29/2023,Trade,,,,,,
8053,Rik Wilson,Unsigned,,,,,,
8054,Trade CGY/CHI 3/11/1986,Trade,,,,,,
8055,Trade CHI/STL 9/27/1989,Trade,,,,,,
8056,Bauer Berry,EDM,a,,,,,
8057,2024 218th Overall,Draft Pick,,,,,,
8058,Tom McMurchy,Unsigned,,,,,,
8059,Michael Hage,MTL,a,,,,,
8060,2024 21st Overall,Draft Pick,,,,,,
8061,Rico Fata,Unsigned,,,,,,
8062,Rasmus Bergqvist,MTL,a,,,,,
8063,2024 224th Overall,Draft Pick,,,,,,
8064,Trade PIT/NYR 6/29/2023,Trade,,,,,,
8065,Rick Zombo,Unsigned,,,,,,
8066,Trade STL/BOS 10/2/1995,Trade,,,,,,
8067,Cole Beaudoin,UTH,a,,,,,
8068,2024 24th Overall,Draft Pick,,,,,,
8069,Rick Wilson,Unsigned,,,,,,
8070,Trade STL/MTL 5/27/1974,Trade,,,,,,
8071,Trade STL/DET 3/9/1976,Trade,,,,,,
8072,Ben Danford,TOR,a,,,,,
8073,2024 31st Overall,Draft Pick,,,,,,
8074,Rick Vaive,Unsigned,,,,,,
8075,Trade TOR/VAN 2/18/1980,Trade,,,,,,
8076,Trade CHI/BUF 12/26/1988,Trade,,,,,,
8077,Sam O'Reilly,TBL,a,,,,,
8078,2024 32nd Overall,Draft Pick,,,,,,
8079,Trade PHI/EDM 6/28/2024,Trade,,,,,,
8080,Tiger Williams,Unsigned,,,,,,
8081,Trade VAN/DET 8/8/1984,Trade,a,,,,,
8082,Alfons Freij,WPG,a,,,,,
8083,2024 37th Overall,Draft Pick,a,,,,,
8084,Rob McClanahan,Unsigned,,,,,,
8085,Trade HFD/NYR 1/29/1982,Trade,,,,,,
8086,Cole Hutson,WSH,a,,,,,
8087,2024 43rd Overall,Draft Pick,,,,,,
8088,Rick Tocchet,Unsigned,,,,,,
8089,Trade LAK/BOS 1/25/1996,Trade,,,,,,
8090,Trade PHX/PHI 3/8/2000,Trade,,,,,,
8091,Mikhail Yegorov,NJD,a,,,,,
8092,2024 49th Overall,Draft Pick,,,,,,
8093,Rick Tabaracci,Unsigned,,,,,,
8094,Trade WIN/PIT 6/17/1989,Trade,a,,,,,
8095,Trade WIN/WSH 3/22/1993,Trade,a,,,,,
8096,Trade WSH/CGY 4/7/1995,Trade,a,,,,,
8097,Trade TBL/CGY 6/21/1997,Trade,a,,,,,
8098,Trade WSH/CGY 8/7/1998,Trade,a,,,,,
8099,Leon Muggli,WSH,a,,,,,
8100,2024 52nd Overall,Draft Pick,a,,,,,
8101,Rick Newell,Unsigned,,,,,,
8102,Rick Lessard,Unsigned,,,,,,
8103,Rick Lapointe,Unsigned,,,,,,
8104,Trade PHI/DET 2/17/1977,Trade,a,,,,,
8105,Trade STL/QUE 8/4/1982,Trade,a,,,,,
8106,Jesse Pulkkinen,NYI,a,,,,,
8107,2024 54th Overall,Draft Pick,a,,,,,
8108,Trade CHI/PHI 6/29/2023,Trade,a,,,,,
8109,Terry Murray,Unsigned,,,,,,
8110,Linus Eriksson,FLA,a,,,,,
8111,2024 58th Overall,Draft Pick,a,,,,,
8112,Trade TOR/FLA 6/29/2024,Trade,a,,,,,
8113,Steve Coates,Unsigned,a,,,,,
8114,Spencer Gill,PHI,a,,,,,
8115,2024 59th Overall,Draft Pick,a,,,,,
8116,Trade PHI/NSH 6/29/2024,Trade,a,,,,,
8117,Rick Jodzio,Unsigned,,,,,,
8118,Rick Hampton,Unsigned,,,,,,
8119,Trade ANA/NYR 6/12/2025,Trade,,,,,,
8120,Kamil Bednarik,NYI,a,,,,,
8121,2024 61st Overall,Draft Pick,,,,,,
8122,Rick Green,Unsigned,,,,,,
8123,Trade MTL/DET 6/15/1990,Trade,,,,,,
8124,Trade DET/NYI 5/26/1991,Trade,,,,,,
8125,Will Skahan,UTH,a,,,,,
8126,2024 65th Overall,Draft Pick,,,,,,
8127,Richard Lintner,Unsigned,,,,,,
8128,Trade PHX/NSH 10/31/1998,Trade,,,,,,
8129,Trade NSH/NYR 3/19/2002,Trade,,,,,,
8130,Noel Fransen,CAR,a,,,,,
8131,2024 69th Overall,Draft Pick,,,,,,
8132,Richard Lemieux,Unsigned,,,,,,
8133,1971 39th Overall,Draft Pick,,,,,,
8134,Trade MTL/VAN 5/25/1971,Trade,,,,,,
8135,Logan Sawyer,MTL,a,,,,,
8136,2024 78th Overall,Draft Pick,,,,,,
8137,Richard Kromm,Unsigned,,,,,,
8138,1982 37th Overall,Draft Pick,,,,,,
8139,Pavel Moysevich,VGK,a,,,,,
8140,2024 83rd Overall,Draft Pick,,,,,,
8141,Rich Sutter,Unsigned,,,,,,
8142,Trade PIT/PHI 10/23/1983,Trade,,,,,,
8143,Kasper Pikkarainen,NJD,a,,,,,
8144,2024 85th Overall,Draft Pick,,,,,,
8145,Trade NJD/SJS 6/29/2024,Trade,,,,,,
8146,Ron Flockhart,Unsigned,,,,,,
8147,Trade PIT/MTL 11/9/1984,Trade,,,,,,
8148,Trade MTL/STL 8/26/1985,Trade,,,,,,
8149,Matvei Shuravin,FLA,a,,,,,
8150,Veeti Vaisanen,UTH,a,,,,,
8151,2024 97th Overall,Draft Pick,,,,,,
8152,Rich Preston,Unsigned,,,,,,
8153,Gregor Biber,UTH,a,,,,,
8154,2024 98th Overall,Draft Pick,,,,,,
8155,Rich Pilon,Unsigned,,,,,,
8156,Trade NYR/SJS 6/30/2001,Trade,,,,,,
8157,Trade STL/SJS 6/23/2002,Trade,,,,,,
8158,Jakub Milota,NSH,a,,,,,
8159,2024 99th Overall,Draft Pick,,,,,,
8160,Trade TBL/NSH 6/29/2023,Trade,,,,,,
8161,Rich Leduc,Unsigned,,,,,,
8162,Nathan Mayes,TOR,a,,,,,
8163,2024 225th Overall,Draft Pick,,,,,,
8164,Rene Villemure,Unsigned,,,,,,
8165,Viggo Gustafsson,NSH,a,,,,,
8166,2024 77th Overall,Draft Pick,,,,,,
8167,Rene Trudell,Unsigned,,,,,,
8168,Stepan Gorbunov,FLA,a,,,,,
8169,2024 169th Overall,Draft Pick,,,,,,
8170,Rem Murray,Unsigned,,,,,,
8171,Trade EDM/NYR 3/9/2002,Trade,,,,,,
8172,Denis Gabdrakhmanov,FLA,a,,,,,
8173,2025 201st Overall,Draft Pick,,,,,,
8174,Tom Poti,Unsigned,,,,,,
8175,Carson Wetsch,SJS,a,,,,,
8176,2024 82nd Overall,Draft Pick,,,,,,
8177,Trade WSH/NJD 6/29/2024,Trade,,,,,,
8178,Reijo Ruotsalainen,Unsigned,,,,,,
8179,Trade NJD/EDM 3/6/1990,Trade,,,,,,
8180,Veeti Louhivaara,NJD,a,,,,,
8181,2024 146th Overall,Draft Pick,,,,,,
8182,Reggie Fleming,Unsigned,,,,,,
8183,Trade CHI/BOS 6/8/1964,Trade,a,,,,,
8184,Trade NYR/BOS 1/10/1966,Trade,a,,,,,
8185,Trade PHI/NYR 6/6/1969,Trade,a,,,,,
8186,Ilya Protas,WSH,a,,,,,
8187,2024 75th Overall,Draft Pick,a,,,,,
8188,Johnny Bucyk,HOF,,,,,,
8189,Phil Esposito,HOF,,,,,,
8190,Trade BOS/NYR 11/7/1975,Trade,,,,,,
8191,Real Lemieux,Unsigned,,,,,,
8192,Trade LAK/NYR 6/9/1969,Trade,,,,,,
8193,Trade LAK/NYR 2/27/1970,Trade,,,,,,
8194,Trade BUF/NYR 1/21/1974,Trade,,,,,,
8195,Rick Middleton,Unsigned,,,,,,
8196,Trade BOS/NYR 5/26/1976,Trade,,,,,,
8197,Ted Irvine,Unsigned,,,,,,
8198,Trade STL/NYR 6/18/1975,Trade,,,,,,
8199,Trade BOS/CHI 6/13/2025,Trade,,,,,,
8200,Wayne Cashman,Unsigned,,,,,,
8201,Bobby Orr,HOF,,,,,,
8202,Peter McNab,Unsigned,,,,,,
8203,Trade BOS/VAN 2/3/1984,Trade,,,,,,
8204,Real Cloutier,Unsigned,,,,,,
8205,Real Chevrefils,Unsigned,,,,,,
8206,Ray Sheppard,Unsigned,,,,,,
8207,Trade CAR/FLA 3/23/1998,Trade,,,,,,
8208,Don Marcotte,Unsigned,,,,,,
8209,Dit Clapper,Unsigned,,,,,,
8210,Milt Schmidt,Unsigned,,,,,,
8211,Keith Crowder,Unsigned,,,,,,
8212,Glen Murray,Unsigned,,,,,,
8213,Trade LAK/PIT 3/18/1997,Trade,,,,,,
8214,Trade BOS/LAK 10/24/2001,Trade,,,,,,
8215,Ray Powell,Unsigned,,,,,,
8216,Trade DET/CHI 12/9/1946,Trade,,,,,,
8217,Terry O'Reilly,Unsigned,,,,,,
8218,Don McKenney,Unsigned,,,,,,
8219,Trade BOS/NYR 2/6/1963,Trade,,,,,,
8220,Bill Cowley,Unsigned,,,,,,
8221,John McKenzie,Unsigned,,,,,,
8222,Trade CHI/DET 6/5/1962,Trade,,,,,,
8223,Trade NYR/CHI 6/4/1965,Trade,,,,,,
8224,Tracy Pratt,Unsigned,,,,,,
8225,Trade CGS/PIT 1/30/1969,Trade,,,,,,
8226,Trade VAN/BUF 12/25/1973,Trade,,,,,,
8227,Trade VAN/CLR 9/12/1976,Trade,,,,,,
8228,Trade TOR/CLR 3/8/1977,Trade,,,,,,
8229,Barry Pederson,Unsigned,,,,,,
8230,Jean Ratelle,Unsigned,,,,,,
8231,Gregg Sheppard,Unsigned,,,,,,
8232,Trade BOS/ATF 9/6/1978,Trade,,,,,,
8233,Trade BOS/PIT 9/6/1978,Trade,,,,,,
8234,Ray Hannigan,Unsigned,,,,,,
8235,Trade CHI/DET 10/15/1952,Trade,,,,,,
8236,Trade CHI/DET 8/4/1953,Trade,,,,,,
8237,Johnny Peirson,Unsigned,,,,,,
8238,Vinzenz Rohrer,MTL,a,,,,,
8239,2022 75th Overall,Draft Pick,,,,,,
8240,Jerry Toppazzini,Unsigned,,,,,,
8241,Trade CHI/BOS 2/16/1954,Trade,,,,,,
8242,Trade CHI/DET 5/27/1955,Trade,,,,,,
8243,Trade CHI/BOS 6/9/1959,Trade,,,,,,
8244,Trade CHI/DET 10/10/1964,Trade,,,,,,
8245,Tony Leswick,Unsigned,,,,,,
8246,Trade NYR/DET 6/8/1951,Trade,,,,,,
8247,Herb Cain,Unsigned,,,,,,
8248,Trade BOS/MTL 10/10/1939,Trade,,,,,,
8249,Derek Sanderson,Unsigned,,,,,,
8250,Trade BOS/NYR 6/12/1974,Trade,,,,,,
8251,Walt McKechnie,Unsigned,,,,,,
8252,Trade MNC/CGS 5/20/1971,Trade,,,,,,
8253,Trade BOS/DET 2/18/1975,Trade,,,,,,
8254,Trade WSH/DET 8/17/1977,Trade,,,,,,
8255,Trade WSH/CLE 12/9/1977,Trade,,,,,,
8256,Trade TOR/MNS 10/5/1978,Trade,,,,,,
8257,Trade TOR/CRS 3/3/1980,Trade,,,,,,
8258,Fred Stanfield,Unsigned,,,,,,
8259,Trade BUF/MNS 1/27/1975,Trade,,,,,,
8260,Ron Low,Unsigned,,,,,,
8261,Trade EDM/QUE 3/11/1980,Trade,,,,,,
8262,Trade NJD/EDM 2/19/1983,Trade,,,,,,
8263,Steve Heinze,Unsigned,,,,,,
8264,Trade CBJ/BUF 3/13/2001,Trade,,,,,,
8265,Ron Chipperfield,Unsigned,,,,,,
8266,1974 17th Overall,Draft Pick,,,,,,
8267,Trade PHI/CGS 5/24/1974,Trade,,,,,,
8268,Cooney Weiland,HOF,,,,,,
8269,Trade BOS/OTT 7/25/1932,Trade,,,,,,
8270,Trade DET/OTS 7/1/1933,Trade,,,,,,
8271,Reggie Leach,Unsigned,,,,,,
8272,1970 3rd Overall,Draft Pick,,,,,,
8273,Trade LAK/PHI 5/20/1968,Trade,,,,,,
8274,Trade BOS/CGS 2/23/1972,Trade,,,,,,
8275,Marty Barry,HOF,,,,,,
8276,Fleming Mackell,Unsigned,,,,,,
8277,Trade BOS/TOR 1/9/1952,Trade,,,,,,
8278,Ed Westfall,Unsigned,,,,,,
8279,Ken Linseman,Unsigned,,,,,,
8280,1978 7th Overall,Draft Pick,,,,,,
8280.1,Trade EDM/HFD 8/19/1982,Trade,,,,,,
8281,Trade BOS/EDM 6/21/1984,Trade,,,,,,
8282,Trade BOS/PHI 1/16/1990,Trade,,,,,,
8283,Leo Labine,Unsigned,,,,,,
8284,Skip Krake,Unsigned,,,,,,
8285,Doug Mohns,Unsigned,,,,,,
8286,Trade CHI/MNS 2/22/1971,Trade,,,,,,
8287,Murray Oliver,Unsigned,,,,,,
8288,Trade BOS/TOR 5/15/1967,Trade,,,,,,
8289,Trade TOR/MNS 5/23/1970,Trade,,,,,,
8290,Harry Oliver,Unsigned,,,,,,
8291,Marco Sturm,Unsigned,,,,,,
8292,1996 21st Overall,Draft Pick,,,,,,
8293,Trade CHI/SJS 6/22/1996,Trade,,,,,,
8294,Jason Allison,Unsigned,,,,,,
8295,Terry O'Malley,Unsigned,,,,,,
8296,PJ Axelsson,Unsigned,,,,,,
8297,Bronco Horvath,Unsigned,,,,,,
8298,Trade NYR/DET 8/18/1955,Trade,,,,,,
8299,Eddie Shore,HOF,,,,,,
8300,Trade NYA/BOS 1/25/1940,Trade,,,,,,
8301,Brad Park,HOF,,,,,,
8302,Tom Fergus,Unsigned,,,,,,
8303,Trade BOS/TOR 10/11/1985,Trade,,,,,,
8304,Terry Caffery,Unsigned,,,,,,
8305,Risto Siltanen,Unsigned,,,,,,
8306,Trade STL/EDM 8/7/1979,Trade,,,,,,
8307,Trade QUE/HFD 3/8/1986,Trade,,,,,,
8308,Charlie Simmer,Unsigned,,,,,,
8309,Trade LAK/BOS 10/22/1984,Trade,,,,,,
8310,Tommy Williams,Unsigned,,,,,,
8311,Trade BOS/MNS 5/7/1969,Trade,,,,,,
8312,Trade CGS/MNS 3/7/1971,Trade,,,,,,
8313,Art Jackson,Unsigned,,,,,,
8314,Trade NYA/BOS 10/24/1938,Trade,,,,,,
8315,Trade BOS/TOR 12/24/1944,Trade,,,,,,
8316,Ed Sandford,Unsigned,,,,,,
8317,Trade CHI/DET 10/24/1955,Trade,,,,,,
8318,Stan Jonathan,Unsigned,,,,,,
8319,Wayne Muloin,Unsigned,,,,,,
8320,Tom Roulston,Unsigned,,,,,,
8321,Trade EDM/PIT 12/5/1983,Trade,,,,,,
8322,Dave Reid (1964),Unsigned,,,,,,
8323,Craig Janney,Unsigned,,,,,,
8324,Trade WIN/SJS 3/18/1996,Trade,,,,,,
8325,Trade PHX/TBL 6/11/1998,Trade,,,,,,
8326,Trade TBL/NYI 1/18/1999,Trade,,,,,,
8327,Flash Hollett,Unsigned,,,,,,
8328,Trade BOS/DET 1/10/1944,Trade,,,,,,
8329,Bob Sweeney,Unsigned,,,,,,
8330,Trade CGY/NYI 3/20/1996,Trade,,,,,,
8331,Geoff Courtnall,Unsigned,,,,,,
8332,Trade EDM/WSH 7/22/1988,Trade,,,,,,
8333,Trade STL/WSH 7/13/1990,Trade,,,,,,
8334,Ted Hampson,Unsigned,,,,,,
8335,Trade DET/CGS 1/9/1968,Trade,,,,,,
8336,Ken Smith,Unsigned,,,,,,
8337,Trade BOS/TOR 11/16/1950,Trade,,,,,,
8338,Glen Wesley,Unsigned,,,,,,
8339,1987 3rd Overall,Draft Pick,,,,,,
8340,Trade TOR/CAR 3/9/2003,Trade,,,,,,
8341,Jozef Stumpel,Unsigned,,,,,,
8342,Trade BOS/LAK 6/20/2003,Trade,,,,,,
8343,Marc Savard,Unsigned,,,,,,
8344,Dave Creighton,Unsigned,,,,,,
8345,Rick Smith,Unsigned,,,,,,
8346,Trade STL/BOS 12/21/1976,Trade,a,,,,,
8347,Anson Carter,Unsigned,a,,,,,
8348,Trade COL/WSH 4/3/1996,Trade,a,,,,,
8349,Trade LAK/WSH 3/8/2004,Trade,a,,,,,
8350,Trade CBJ/CAR 2/23/2007,Trade,a,,,,,
8351,Remi Poirier,DAL,a,,,,,
8352,Roni Hirvonen,TOR,a,,,,,
8353,2020 59th Overall,Draft Pick,,,,,,
8354,Mike O'Connell,Unsigned,,,,,,
8355,Trade CHI/BOS 12/18/1980,Trade,,,,,,
8356,Trade BOS/DET 3/10/1986,Trade,,,,,,
8357,Bill Guerin,Unsigned,,,,,,
8358,Trade NYI/PIT 3/4/2009,Trade,,,,,,
8359,Jean-Guy Gendron,Unsigned,,,,,,
8360,Trade BOS/MTL 11/27/1960,Trade,,,,,,
8361,Vladimir Ruzicka,Unsigned,,,,,,
8362,1982 73rd Overall,Draft Pick,,,,,,
8363,Trade TOR/PIT 9/11/1981,Trade,,,,,,
8364,Trade TOR/EDM 12/21/1989,Trade,,,,,,
8365,Trade TOR/BOS 10/22/1990,Trade,,,,,,
8366,Reed Larson,Unsigned,,,,,,
8367,Trade NYI/MNS 3/7/1989,Trade,,,,,,
8368,Don Gallinger,Unsigned,,,,,,
8369,Nels Stewart,HOF,,,,,,
8370,Trade BOS/NYA 5/27/1936,Trade,,,,,,
8371,Bobby Carpenter,Unsigned,,,,,,
8372,1981 3rd Overall,Draft Pick,,,,,,
8373,Trade WSH/CRS 6/10/1981,Trade,,,,,,
8374,Trade WSH/NYR 1/1/1987,Trade,,,,,,
8375,Jimmy Herbert,Unsigned,,,,,,
8376,Trade BOS/TOR 12/21/1927,Trade,,,,,,
8377,Trade TOR/DET 4/8/1928,Trade,,,,,,
8378,Charlie Sands,Unsigned,,,,,,
8379,Trade NYR/MTL 10/27/1943,Trade,,,,,,
8380,Wilbert Hiller,Unsigned,,,,,,
8381,Trade BOS/DET 11/24/1941,Trade,,,,,,
8382,Mike Walton,Unsigned,,,,,,
8383,Trade STL/VAN 6/12/1978,Trade,,,,,,
8384,Tony Demers,Unsigned,,,,,,
8385,Red Beattie,Unsigned,,,,,,
8386,Trade BOS/DET 12/19/1937,Trade,,,,,,
8387,Trade NYA/DET 1/24/1938,Trade,,,,,,
8388,Dmitri Khristich,Unsigned,,,,,,
8389,Trade TOR/BOS 10/20/1999,Trade,,,,,,
8390,Trade WSH/TOR 12/11/2000,Trade,,,,,,
8391,Cal Gardner,Unsigned,,,,,,
8392,John Wensink,Unsigned,,,,,,
8393,Paul Ronty,Unsigned,,,,,,
8394,Trade BOS/NYR 9/20/1951,Trade,,,,,,
8395,Ray Getliffe,Unsigned,,,,,,
8396,Ray Gariepy,Unsigned,,,,,,
8397,Trade TOR/DET 7/7/1956,Trade,,,,,,
8398,Bob Miller,Unsigned,,,,,,
8399,Trade BOS/CLR 2/18/1981,Trade,,,,,,
8400,Dallas Smith,Unsigned,,,,,,
8401,Dave Forbes,Unsigned,,,,,,
8402,Andre Savard,Unsigned,,,,,,
8403,1973 6th Overall,Draft Pick,,,,,,
8404,Trade LAK/BOS 5/14/1969,Trade,,,,,,
8405,Don Sweeney,Unsigned,,,,,,
8406,Willie Marshall,Unsigned,,,,,,
8407,Trade DET/TOR 12/23/1958,Trade,,,,,,
8408,Dwight Foster,Unsigned,,,,,,
8409,Trade CRS/BOS 7/21/1981,Trade,,,,,,
8410,Trade BOS/DET 3/11/1986,Trade,,,,,,
8411,Joe Juneau,Unsigned,,,,,,
8412,Trade BOS/WSH 3/21/1994,Trade,,,,,,
8413,Trade WSH/BUF 3/23/1999,Trade,,,,,,
8414,Trade MIN/PHX 6/23/2000,Trade,,,,,,
8415,Mike Krushelnyski,Unsigned,,,,,,
8416,Trade LAK/TOR 11/9/1990,Trade,,,,,,
8417,Dean Prentice,Unsigned,,,,,,
8418,Bryan Smolinski,Unsigned,,,,,,
8419,Trade NYI/PIT 11/17/1996,Trade,,,,,,
8420,Trade CHI/VAN 2/26/2007,Trade,,,,,,
8421,Ross Lonsberry,Unsigned,,,,,,
8422,Trade PHI/LAK 1/28/1972,Trade,,,,,,
8423,Trade PHI/PIT 6/14/1978,Trade,,,,,,
8424,Bep Guidolin,Unsigned,,,,,,
8425,Trade BOS/DET 10/14/1947,Trade,,,,,,
8426,Trade DET/CHI 10/26/1948,Trade,,,,,,
8427,Mike Milbury,Unsigned,,,,,,
8428,Charlie Burns,Unsigned,,,,,,
8429,Dutch Gainor,Unsigned,,,,,,
8430,Trade NYR/BOS 8/20/1931,Trade,,,,,,
8431,Ted Green,Unsigned,,,,,,
8432,Tom Bladon,Unsigned,,,,,,
8433,Serge Bernier,Unsigned,,,,,,
8434,Rickard Wallin,Unsigned,,,,,,
8435,Trade NSH/NJD 6/18/2025,Trade,,,,,,
8436,Leo Boivin,Unsigned,,,,,,
8437,Trade BOS/TOR 11/9/1954,Trade,,,,,,
8438,Trade MNS/PIT 1/24/1969,Trade,,,,,,
8439,Bogdan Konyushkov,MTL,a,,,,,
8440,2023 110th Overall,Draft Pick,,,,,,
8441,Jayson Shaugabay,TBL,a,,,,,
8442,2023 115th Overall,Draft Pick,,,,,,
8443,Larry Keenan (2005),DET,a,,,,,
8444,2023 117th Overall,Draft Pick,,,,,,
8445,Matthew Perkins,VAN,a,,,,,
8446,2023 119th Overall,Draft Pick,,,,,,
8447,Alex Ciernik,PHI,a,,,,,
8448,2023 120th Overall,Draft Pick,,,,,,
8449,Yevgeni Volokhin,MTL,a,,,,,
8450,2023 144th Overall,Draft Pick,,,,,,
8451,Kevin Bicker,DET,a,,,,,
8452,2023 147th Overall,Draft Pick,,,,,,
8453,Trade NSH/DET 6/29/2023,Trade,,,,,,
8454,Melvin Strahl,CBJ,a,,,,,
8455,2023 156th Overall,Draft Pick,,,,,,
8456,Justin Kipkie,MIN,a,,,,,
8457,2023 160th Overall,Draft Pick,,,,,,
8458,Samu Bau,UTH,a,,,,,
8459,2023 162nd Overall,Draft Pick,,,,,,
8460,Cole Brown,NJD,a,,,,,
8461,2023 164th Overall,Draft Pick,,,,,,
8462,Milton Oscarson,Unsigned,a,,,,,
8463,2023 167th Overall,Draft Pick,,,,,,
8464,Visa Vedenpaa,SEA,a,,,,,
8465,2023 168th Overall,Draft Pick,,,,,,
8466,Ryan Macpherson,PHI,a,,,,,
8467,2023 172nd Overall,Draft Pick,,,,,,
8468,Jack Harvey,TBL,a,,,,,
8469,2023 193rd Overall,Draft Pick,,,,,,
8470,Stepan Zvyagin,FLA,a,,,,,
8471,2023 198th Overall,Draft Pick,,,,,,
8472,Yegor Rimashevsky,SJS,a,,,,,
8473,2023 203rd Overall,Draft Pick,,,,,,
8474,Trade ARI/SJS 7/8/2022,Trade,,,,,,
8475,Antoine Keller,WSH,a,,,,,
8476,2023 206th Overall,Draft Pick,,,,,,
8477,Trade WSH/SJS 6/29/2023,Trade,,,,,,
8478,Vladimir Nikitin,OTT,a,,,,,
8479,2023 207th Overall,Draft Pick,,,,,,
8480,Nicholas Vantassell,OTT,a,,,,,
8481,2023 215th Overall,Draft Pick,,,,,,
8482,Trade DAL/SEA 6/19/2025,Trade,,,,,,
8483,Emil Jarventie,PIT,a,,,,,
8484,2023 217th Overall,Draft Pick,,,,,,
8485,Aiden Fink,NSH,a,,,,,
8486,2023 218th Overall,Draft Pick,a,,,,,
8487,Oliver Bonk,PHI,a,,,,,
8488,2023 22nd Overall,Draft Pick,a,,,,,
8489,Tanner Molendyk,NSH,a,,,,,
8490,2023 24th Overall,Draft Pick,a,,,,,
8491,Otto Stenberg,STL,a,,,,,
8492,2023 25th Overall,Draft Pick,a,,,,,
8493,Quentin Musty,SJS,a,,,,,
8494,2023 26th Overall,Draft Pick,a,,,,,
8495,Easton Cowan,TOR,a,,,,,
8496,2023 28th Overall,Draft Pick,a,,,,,
8497,Theo Lindstein,STL,a,,,,,
8498,2023 29th Overall,Draft Pick,a,,,,,
8499,Mikhail Gulyayev,COL,a,,,,,
8500,2023 31st Overall,Draft Pick,a,,,,,
8501,Ethan Gauthier,TBL,a,,,,,
8502,2023 37th Overall,Draft Pick,a,,,,,
8503,Felix Nilsson,NSH,a,,,,,
8504,2023 43rd Overall,Draft Pick,a,,,,,
8505,Roman Kantserov,CHI,a,,,,,
8506,2023 44th Overall,Draft Pick,a,,,,,
8507,Carson Bjarnason,PHI,a,,,,,
8508,2023 51st Overall,Draft Pick,a,,,,,
8509,Martin Misiak,CHI,a,,,,,
8510,2023 55th Overall,Draft Pick,a,,,,,
8511,Lukas Dragicevic,SEA,a,,,,,
8512,2023 57th Overall,Draft Pick,a,,,,,
8513,Riley Heidt,MIN,a,,,,,
8514,2023 64th Overall,Draft Pick,,,,,,
8515,Brandon Svoboda,SJS,a,,,,,
8516,2023 71st Overall,Draft Pick,a,,,,,
8517,Juraj Pekarcik,STL,a,,,,,
8518,2023 76th Overall,Draft Pick,a,,,,,
8519,Mathieu Cataford,VGK,a,,,,,
8520,2023 77th Overall,Draft Pick,a,,,,,
8521,Brad Gardiner,Unsigned,,,,,,
8522,2023 79th Overall,Draft Pick,a,,,,,
8523,Tanner Ludtke,UTH,a,,,,,
8524,2023 81st Overall,Draft Pick,a,,,,,
8525,Dylan MacKinnon,Unsigned,a,,,,,
8526,2023 83rd Overall,Draft Pick,a,,,,,
8527,Trade CHI/SEA 6/21/2025,Trade,a,,,,,
8528,Egor Zavragin,PHI,a,,,,,
8529,2023 87th Overall,Draft Pick,a,,,,,
8530,Vadim Moroz,UTH,a,,,,,
8531,2023 88th Overall,Draft Pick,a,,,,,
8532,Sawyer Mynio,VAN,a,,,,,
8533,2023 89th Overall,Draft Pick,a,,,,,
8534,Drew Fortescue,NYR,a,,,,,
8535,2023 90th Overall,Draft Pick,a,,,,,
8536,Emil Pieniniemi,PIT,a,,,,,
8537,2023 91st Overall,Draft Pick,a,,,,,
8538,Jiri Felcman,CHI,a,,,,,
8539,2023 93rd Overall,Draft Pick,a,,,,,
8540,Trade ARI/CHI 7/28/2022,Trade,a,,,,,
8541,Arttu Karki,VGK,a,,,,,
8542,Denver Barkey,PHI,a,,,,,
8543,Brady Cleveland,DET,a,,,,,
8544,2023 47th Overall,Draft Pick,a,,,,,
8545,Eetu Makiniemi,Unsigned,,,,,,
8546,Colin White (1977),Unsigned,,,,,,
8547,1996 49th Overall,Draft Pick,a,,,,,
8548,Nathan Smith (1982),Unsigned,,,,,,
8549,2000 23rd Overall,Draft Pick,a,,,,,
8550,Simon Forsmark,CAR,a,,,,,
8551,2022 101st Overall,Draft Pick,a,,,,,
8552,Daniil Orlov,NJD,a,,,,,
8553,2022 110th Overall,Draft Pick,a,,,,,
8554,Tucker Robertson,PHI,a,,,,,
8555,2022 123rd Overall,Draft Pick,a,,,,,
8556,Charles Leddy,Unsigned,a,,,,,
8557,2022 126th Overall,Draft Pick,a,,,,,
8558,Cedrick Guindon,Unsigned,,,,,,
8559,2022 127th Overall,Draft Pick,a,,,,,
8560,Maximilian Kilpinen,DET,a,,,,,
8561,2022 129th Overall,Draft Pick,a,,,,,
8562,Sergei Ivanov,Unsigned,,,,,,
8563,2022 138th Overall,Draft Pick,a,,,,,
8564,Trade CBJ/SJS 7/8/2022,Trade,a,,,,,
8565,Cameron O'Neill,OTT,a,,,,,
8566,2022 143rd Overall,Draft Pick,a,,,,,
8567,Kevin Reidler,Unsigned,a,,,,,
8568,2022 151st Overall,Draft Pick,a,,,,,
8569,Maxim Barbashev,Unsigned,,,,,,
8570,2022 161st Overall,Draft Pick,a,,,,,
8571,Jakub Vondras,CAR,a,,,,,
8572,2022 171st Overall,Draft Pick,a,,,,,
8573,Dominic James,TBL,a,,,,,
8574,2022 173rd Overall,Draft Pick,a,,,,,
8575,Josh Davies,FLA,a,,,,,
8576,2022 186th Overall,Draft Pick,a,,,,,
8577,Eli Barnett,SJS,a,,,,,
8578,2022 195th Overall,Draft Pick,a,,,,,
8579,James Fisher,CBJ,a,,,,,
8580,2022 203rd Overall,Draft Pick,a,,,,,
8581,Adam Zlnka,Unsigned,,,,,,
8582,2022 204th Overall,Draft Pick,a,,,,,
8583,Alexander Pelevin,CAR,a,,,,,
8584,2022 205th Overall,Draft Pick,a,,,,,
8585,Tyson Dyck,OTT,a,,,,,
8586,2022 206th Overall,Draft Pick,a,,,,,
8587,Brennan Ali,DET,a,,,,,
8588,2022 212th Overall,Draft Pick,a,,,,,
8589,Miguel Tourigny,Unsigned,a,,,,,
8590,2022 216th Overall,Draft Pick,a,,,,,
8591,Trade MTL/ARI 7/24/2021,Trade,a,,,,,
8592,Alexis Gendron,PHI,a,,,,,
8593,2022 220th Overall,Draft Pick,a,,,,,
8594,Dyllan Gill,TBL,a,,,,,
8595,2022 223rd Overall,Draft Pick,a,,,,,
8596,Filip Bystedt,SJS,a,,,,,
8597,2022 27th Overall,Draft Pick,a,,,,,
8598,Trade MTL/CAR 9/4/2021 (Kotkaniemi Comp),Trade,a,,,,,
8599,Adam Engstrom,MTL,a,,,,,
8600,2022 92nd Overall,Draft Pick,a,,,,,
8601,Trade ANA/PHI 6/23/2025,Trade,a,,,,,
8602,Topi Niemela,TOR,a,,,,,
8603,2020 64th Overall,Draft Pick,a,,,,,
8604,Artem Duda,UTH,a,,,,,
8605,2022 36th Overall,Draft Pick,a,,,,,
8606,Paul Ludwinski,CHI,a,,,,,
8607,2022 39th Overall,Draft Pick,a,,,,,
8608,Julian Lutz,UTH,a,,,,,
8609,2022 43rd Overall,Draft Pick,a,,,,,
8610,Hunter Haight,MIN,a,,,,,
8611,2022 47th Overall,Draft Pick,a,,,,,
8612,Dmitri Buchelnikov,DET,a,,,,,
8613,2022 52nd Overall,Draft Pick,a,,,,,
8614,Elias Salomonsson,WPG,a,,,,,
8615,2022 55th Overall,Draft Pick,a,,,,,
8616,David Goyette,SEA,a,,,,,
8617,2022 61st Overall,Draft Pick,a,,,,,
8618,Filip Nordberg,OTT,a,,,,,
8619,2022 64th Overall,Draft Pick,a,,,,,
8620,Calle Odelius,NYI,a,,,,,
8621,2022 65th Overall,Draft Pick,a,,,,,
8622,Gavin Hayes,CHI,a,,,,,
8623,2022 66th Overall,Draft Pick,a,,,,,
8624,Alexander Suzdalev,WSH,a,,,,,
8625,2022 70th Overall,Draft Pick,a,,,,,
8626,Aleksanteri Kaskimaki,STL,a,,,,,
8627,2022 73rd Overall,Draft Pick,a,,,,,
8628,Danil Zhilkin,WPG,a,,,,,
8629,2022 77th Overall,Draft Pick,a,,,,,
8630,Jordan Gustafson,VGK,a,,,,,
8631,2022 79th Overall,Draft Pick,a,,,,,
8632,Axel Landen,SJS,a,,,,,
8633,2023 130th Overall,Draft Pick,a,,,,,
8634,Garrett Brown,WPG,a,,,,,
8635,2022 99th Overall,Draft Pick,,,,,,
8636,Yegor Surin,NSH,a,,,,,
8637,Bryce Mcconnell-Barker,NYR,a,,,,,
8638,2022 97th Overall,Draft Pick,a,,,,,
8639,Jordan Dumais,CBJ,a,,,,,
8640,2022 96th Overall,Draft Pick,a,,,,,
8641,Nicholas Moldenhauer,TOR,a,,,,,
8642,2022 95th Overall,Draft Pick,a,,,,,
8643,Jeremy Langlois,Unsigned,a,,,,,
8644,2022 94th Overall,Draft Pick,a,,,,,
8645,Ben MacDonald,SEA,a,,,,,
8646,2022 91st Overall,Draft Pick,a,,,,,
8647,Kasper Kulonummi,NSH,a,,,,,
8648,2022 84th Overall,Draft Pick,a,,,,,
8649,Samuel Savoie,CHI,a,,,,,
8650,2022 81st Overall,Draft Pick,a,,,,,
8651,Aidan Hreschuk,Unsigned,a,,,,,
8652,2021 94th Overall,Draft Pick,a,,,,,
8653,Luca Munzenberger,EDM,a,,,,,
8654,2021 90th Overall,Draft Pick,a,,,,,
8655,Cameron Whynot,Unsigned,,,,,,
8656,2021 89th Overall,Draft Pick,a,,,,,
8657,Dmitri Kostenko,MTL,a,,,,,
8658,2021 87th Overall,Draft Pick,a,,,,,
8659,Trade MTL/SJS 10/7/2020,Trade,a,,,,,
8660,Brandon Coe,Unsigned,,,,,,
8661,2020 98th Overall,Draft Pick,,,,,,
8662,Trade VAN/EDM 6/25/2025,Trade,,,,,,
8663,Trade BUF/UTH 6/25/2025,Trade,,,,,,
8664,Patrik Hamrla,Unsigned,,,,,,
8665,2021 83rd Overall,Draft Pick,a,,,,,
8666,Brent Johnson (2003),WSH,a,,,,,
8667,2021 80th Overall,Draft Pick,a,,,,,
8668,Anton Olsson,Unsigned,,,,,,
8669,2021 72nd Overall,Draft Pick,a,,,,,
8670,Jayden Grubbe,EDM,a,,,,,
8671,2021 65th Overall,Draft Pick,a,,,,,
8672,Trade EDM/NYR 5/31/2023,Trade,a,,,,,
8673,Rasmus Larsson,NYR,a,,,,,
8674,2023 152nd Overall,Draft Pick,a,,,,,
8675,Sean Behrens,COL,a,,,,,
8676,2021 61st Overall,Draft Pick,a,,,,,
8677,Mike Winther,Unsigned,a,,,,,
8678,2012 54th Overall,Draft Pick,a,,,,,
8679,Ben Roger,Unsigned,,,,,,
8680,2021 49th Overall,Draft Pick,,,,,,
8681,Trade LAK/OTT 7/24/2021,Trade,,,,,,
8682,Francesco Pinelli,LAK,a,,,,,
8683,2021 42nd Overall,Draft Pick,,,,,,
8684,Robert Orr,Unsigned,,,,,,
8685,2021 136th Overall,Draft Pick,,,,,,
8686,Trade SEA/MIN 6/26/2025,Trade,,,,,,
8687,Trade FLA/CBJ 6/26/2025,Trade,,,,,,
8688,Trade CBJ/MIN 6/26/2025,Trade,,,,,,
8689,Trade WSH/FLA 6/26/2025,Trade,,,,,,
8690,Antti Tuomisto,DET,a,,,,,
8691,Henrik Rybinski,WSH,a,,,,,
8692,2019 136th Overall,Draft Pick,a,,,,,
8693,Trade CHI/MTL 6/23/2018,Trade,a,,,,,
8694,Trade MTL/NYI 6/27/2025,Trade,a,,,,,
8695,Trade CBJ/COL 6/27/2025,Trade,a,,,,,
8696,Trade PHI/PIT 6/27/2025,Trade,a,,,,,
8697,Trade NSH/OTT 6/27/2025,Trade,a,,,,,
8698,Trade PIT/LAK 6/27/2025,Trade,a,,,,,
8699,Trade CAR/CHI 6/27/2025,Trade,a,,,,,
8700,Trade MTL/CAR 6/28/2025,Trade,a,,,,,
8701,Trade LAK/OTT 6/28/2025,Trade,a,,,,,
8702,Trade SEA/PHI 6/28/2025,Trade,a,,,,,
8703,Trade PIT/BUF 6/28/2025,Trade,a,,,,,
8704,Trade DET/ANA 6/28/2025,Trade,a,,,,,
8705,Trade NSH/VGK 6/28/2025,Trade,a,,,,,
8706,Trade CAR/LAK 6/28/2025,Trade,a,,,,,
8707,Trade MTL/BOS 6/28/2025,Trade,a,,,,,
8708,Trade CBJ/DET 6/28/2025,Trade,a,,,,,
8709,Trade PIT/VGK 6/28/2025,Trade,a,,,,,
8710,Trade WSH/OTT 6/28/2025,Trade,a,,,,,
8711,Trade WSH/MIN 6/28/2025,Trade,a,,,,,
8712,Trade BOS/TBL 6/28/2025,Trade,a,,,,,
8713,Trade EDM/NSH 6/28/2025,Trade,a,,,,,
8714,Trade UTH/NSH 6/28/2025,Trade,a,,,,,
8715,Trade FLA/CHI 6/28/2025,Trade,a,,,,,
8716,Trade CBJ/SEA 6/28/2025,Trade,a,,,,,
8717,Trade CGY/DET 6/28/2025,Trade,a,,,,,
8718,Trade VAN/CHI 6/28/2025,Trade,a,,,,,
8719,Brian Eklund,Unsigned,,,,,,
8720,2000 226th Overall,Draft Pick,,,,,,
8721,Trade BOS/TBL 2/8/2006,Trade,,,,,,
8722,Jack Nesbitt,PHI,a,,,,,
8723,2025 12th Overall,Draft Pick,a,,,,,
8724,Victor Eklund,NYI,a,,,,,
8725,2025 16th Overall,Draft Pick,a,,,,,
8726,Kashawn Aitcheson,NYI,a,,,,,
8727,2025 17th Overall,Draft Pick,a,,,,,
8728,Cole Reschny,CGY,a,,,,,
8729,2025 18th Overall,Draft Pick,,,,,,
8730,Pyotr Andreyanov,CBJ,a,,,,,
8731,2025 20th Overall,Draft Pick,a,,,,,
8732,Cameron Reid,NSH,a,,,,,
8733,2025 21st Overall,Draft Pick,a,,,,,
8734,Bill Zonnon,PIT,a,,,,,
8735,2025 22nd Overall,Draft Pick,a,,,,,
8736,Logan Hensler,OTT,a,,,,,
8737,2025 23rd Overall,Draft Pick,a,,,,,
8738,Will Horcoff,PIT,a,,,,,
8739,2025 24th Overall,Draft Pick,a,,,,,
8740,Vaclav Nestrasil,CHI,a,,,,,
8741,2025 25th Overall,Draft Pick,a,,,,,
8742,Ryker Lee,NSH,a,,,,,
8743,2025 26th Overall,Draft Pick,a,,,,,
8744,Mason West,CHI,a,,,,,
8745,2025 29th Overall,Draft Pick,a,,,,,
8746,Joshua Ravensbergen,SJS,a,,,,,
8747,2025 30th Overall,Draft Pick,a,,,,,
8748,Henry Brzustewicz,LAK,a,,,,,
8749,2025 31st Overall,Draft Pick,a,,,,,
8750,Cullen Potter,CGY,a,,,,,
8751,2025 32nd Overall,Draft Pick,a,,,,,
8752,Alexander Zharovsky,MTL,a,,,,,
8753,2025 34th Overall,Draft Pick,a,,,,,
8754,Blake Fiddler,SEA,a,,,,,
8755,2025 36th Overall,Draft Pick,a,,,,,
8756,Milton Gastrin,WSH,a,,,,,
8757,2025 37th Overall,Draft Pick,a,,,,,
8758,Carter Amico,PHI,a,,,,,
8759,2025 38th Overall,Draft Pick,,,,,,
8760,Peyton Kettles,PIT,a,,,,,
8761,2025 39th Overall,Draft Pick,,,,,,
8762,Jack Murtagh,PHI,a,,,,,
8763,2025 40th Overall,Draft Pick,,,,,,
8764,Malcolm Spence,NYR,a,,,,,
8765,2025 43rd Overall,Draft Pick,,,,,,
8766,Semyon Frolov,CAR,a,,,,,
8767,2025 41st Overall,Draft Pick,,,,,,
8768,Eric Nilson,ANA,a,,,,,
8769,2025 45th Overall,Draft Pick,a,,,,,
8770,Shane Vansaghi,PHI,a,,,,,
8771,2025 48th Overall,Draft Pick,,,,,,
8772,Trade VGK/NSH 6/29/2025,Trade,,,,,,
8773,Charlie Cerrato,CAR,a,,,,,
8774,2025 49th Overall,Draft Pick,,,,,,
8775,William Moore,BOS,a,,,,,
8776,2025 51st Overall,Draft Pick,a,,,,,
8777,Trade PIT/STL 8/13/2024,Trade,a,,,,,
8778,Trade EDM/STL 8/20/2024 (P Broberg Comp),Trade,a,,,,,
8779,Mateo Nobert,VGK,a,,,,,
8780,2025 85th Overall,Draft Pick,a,,,,,
8781,Cole McKinney,NYI,a,,,,,
8782,2025 53rd Overall,Draft Pick,a,,,,,
8783,Theo Stockselius,CGY,a,,,,,
8784,2025 54th Overall,Draft Pick,,,,,,
8785,Jakob Ihs-Wozniak,VGK,a,,,,,
8786,2025 55th Overall,Draft Pick,,,,,,
8787,Ethan Czata,TBL,a,,,,,
8788,2025 56th Overall,Draft Pick,,,,,,
8789,Matthew Gard,PHI,a,,,,,
8790,2025 57th Overall,Draft Pick,,,,,,
8791,Jack Ivankovic,NSH,a,,,,,
8792,2025 58th Overall,Draft Pick,,,,,,
8793,Vojtech Cihar,LAK,a,,,,,
8794,2025 59th Overall,Draft Pick,,,,,,
8795,Lasse Boelius,ANA,a,,,,,
8796,2025 60th Overall,Draft Pick,,,,,,
8797,Liam Pettersson,BOS,a,,,,,
8798,2025 61st Overall,Draft Pick,a,,,,,
8799,Ivan Ryabkin,CAR,a,,,,,
8800,2025 62nd Overall,Draft Pick,a,,,,,
8801,Ben Kevan,NJD,a,,,,,
8802,2025 63rd Overall,Draft Pick,,,,,,
8803,Tinus Luc Koblar,TOR,a,,,,,
8804,2025 64th Overall,Draft Pick,,,,,,
8805,Kieren Dervin,VAN,a,,,,,
8806,2025 65th Overall,Draft Pick,,,,,,
8807,Nathan Behm,CHI,a,,,,,
8808,2025 66th Overall,Draft Pick,,,,,,
8809,Trade CHI/CAR 6/29/2024,Trade,a,,,,,
8810,Kurban Limatov,CAR,a,,,,,
8811,2025 67th Overall,Draft Pick,a,,,,,
8812,Will Reynolds,SEA,a,,,,,
8813,2025 68th Overall,Draft Pick,a,,,,,
8814,Hayden Paupanekis,MTL,a,,,,,
8815,2025 69th Overall,Draft Pick,a,,,,,
8816,Sean Barnhill,NYR,a,,,,,
8817,2025 70th Overall,Draft Pick,a,,,,,
8818,Michal Pradel,DET,a,,,,,
8819,2025 75th Overall,Draft Pick,a,,,,,
8820,Malte Vass,CBJ,a,,,,,
8821,2025 76th Overall,Draft Pick,a,,,,,
8822,Trade TOR/UTH 6/30/2025,Trade,a,,,,,
8823,Trade CAR/MTL 6/30/2025,Trade,a,,,,,
8824,Montana Unyebuchi,UTH,a,,,,,
8825,Francesco Dell'Elce,COL,a,,,,,
8826,2025 77th Overall,Draft Pick,a,,,,,
8827,Cooper Simpson,BOS,a,,,,,
8828,2025 79th Overall,Draft Pick,a,,,,,
8829,Arseni Radkov,MTL,a,,,,,
8830,2025 82nd Overall,Draft Pick,a,,,,,
8831,Tommy Lafreniere,EDM,a,,,,,
8832,2025 83rd Overall,Draft Pick,a,,,,,
8833,Trade EDM/STL 8/20/2024 (D Holloway Comp),Trade,a,,,,,
8834,Gabriel D'Aigle,PIT,a,,,,,
8835,2025 84th Overall,Draft Pick,a,,,,,
8836,Tyler Hopkins,TOR,a,,,,,
8837,2025 86th Overall,Draft Pick,,,,,,
8838,Roman Bausov,CAR,a,,,,,
8839,2025 87th Overall,Draft Pick,,,,,,
8840,Artyom Gonchar,NYR,a,,,,,
8841,2025 89th Overall,Draft Pick,,,,,,
8842,Mason Moe,NJD,a,,,,,
8843,2025 90th Overall,Draft Pick,,,,,,
8844,Brady Peddle,PIT,a,,,,,
8845,2025 91st Overall,Draft Pick,,,,,,
8846,Blake Vanek,OTT,a,,,,,
8847,2025 93rd Overall,Draft Pick,,,,,,
8848,Teddy Mutryn,SJS,a,,,,,
8849,2025 95th Overall,Draft Pick,,,,,,
8850,Maxim Schafer,WSH,a,,,,,
8851,2025 96th Overall,Draft Pick,,,,,,
8852,Lucas Beckman,OTT,a,,,,,
8853,2025 97th Overall,Draft Pick,,,,,,
8854,Vashek Blanar,BOS,a,,,,,
8855,2025 100th Overall,Draft Pick,,,,,,
8856,Trenten Bennett,NJD,a,,,,,
8857,2025 98th Overall,Draft Pick,,,,,,
8858,Drew Schock,ANA,a,,,,,
8859,2025 101st Overall,Draft Pick,,,,,,
8860,Adam Benak,MIN,a,,,,,
8861,2025 102nd Overall,Draft Pick,,,,,,
8862,Elijah Neuenschwander,ANA,a,,,,,
8863,2025 104th Overall,Draft Pick,,,,,,
8864,Parker Holmes,CHI,a,,,,,
8865,2025 107th Overall,Draft Pick,,,,,,
8866,Benjamin Rautiainen,TBL,a,,,,,
8867,2025 108th Overall,Draft Pick,,,,,,
8868,Brent Solomon,DET,a,,,,,
8869,2025 109th Overall,Draft Pick,,,,,,
8870,Mikkel Eriksen,NYR,a,,,,,
8871,2025 111th Overall,Draft Pick,,,,,,
8872,Mads Kongsbak Klyvo,FLA,a,,,,,
8873,2025 112th Overall,Draft Pick,,,,,,
8874,Ilyas Magomedsultanov,SJS,a,,,,,
8875,2025 115th Overall,Draft Pick,,,,,,
8876,Samuel Meloche,BUF,a,,,,,
8877,2025 116th Overall,Draft Pick,,,,,,
8878,David Lewandowski,EDM,a,,,,,
8879,2025 117th Overall,Draft Pick,,,,,,
8880,Michal Svrcek,DET,a,,,,,
8881,2025 119th Overall,Draft Pick,,,,,,
8882,Lirim Amidovski,MIN,a,,,,,
8883,2025 121st Overall,Draft Pick,,,,,,
8884,Alex Huang,NSH,a,,,,,
8885,2025 122nd Overall,Draft Pick,,,,,,
8886,Carter Klippenstein,MIN,a,,,,,
8887,2025 123rd Overall,Draft Pick,,,,,,
8888,Zach Sharp,SJS,a,,,,,
8889,2025 124th Overall,Draft Pick,,,,,,
8890,Jimmy Lombardi,LAK,a,,,,,
8891,2025 125th Overall,Draft Pick,a,,,,,
8892,Trade VGK/TOR 7/1/2025,Trade,a,,,,,
8893,Trade BOS/EDM 7/1/2025,Trade,a,,,,,
8894,Trade MTL/STL 7/1/2025,Trade,a,,,,,
8895,Trade CHI/BUF 7/1/2025,Trade,a,,,,,
8896,Trade SJS/PIT 7/1/2025,Trade,a,,,,,
8897,Trade NYR/CAR 7/1/2025,Trade,a,,,,,
8898,Amir Miftakhov,CAR,a,,,,,
8899,Trade NJ/SJS 7/2/2025,Trade,a,,,,,
8900,Maxim Shabanov,NYI,a,,,,,
8901,Cole Clayton,SJS,a,,,,,
8902,Jimmy Huntington,SJS,a,,,,,
8903,Tristan Allard,TBL,a,,,,,
8904,Luke Cavallin,BOS,a,,,,,
8905,Niilopekka Muhonen,DAL,a,,,,,
8906,Simon Lundmark,TBL,a,,,,,
8907,Zach Metsa,BUF,a,,,,,
8908,Kirill Gerasimyuk,FLA,a,,,,,
8909,Riley Fiddler-Schultz,BUF,a,,,,,
8910,Ben Gleason,MIN,a,,,,,
8911,Brandon Gorzynski,DAL,a,,,,,
8912,2025 126th Overall,Draft Pick,,,,,,
8913,Aiden Foster,TBL,a,,,,,
8914,2025 127th Overall,Draft Pick,,,,,,
8915,Shamar Moses,FLA,a,,,,,
8916,2025 129th Overall,Draft Pick,,,,,,
8917,Ryan Miller (2007),PIT,a,,,,,
8918,2025 130th Overall,Draft Pick,,,,,,
8919,Asher Barnett,EDM,a,,,,,
8920,2025 131st Overall,Draft Pick,,,,,,
8921,William Belle,TOR,a,,,,,
8922,2025 137th Overall,Draft Pick,,,,,,
8923,2025 141st Overall,Draft Pick,,,,,,
8924,Atte Joki,DAL,a,,,,,
8925,2025 146th Overall,Draft Pick,,,,,,
8926,Quinn Beauchesne,PIT,a,,,,,
8927,2025 148th Overall,Draft Pick,,,,,,
8928,Max Heise,SJS,a,,,,,
8929,2025 150th Overall,Draft Pick,,,,,,
8930,Jordan Charron,PIT,a,,,,,
8931,2025 154th Overall,Draft Pick,,,,,,
8932,Luke Vlooswyk,PHI,a,,,,,
8933,2025 157th Overall,Draft Pick,a,,,,,
8934,Emile Guite,ANA,a,,,,,
8935,2025 159th Overall,Draft Pick,a,,,,,
8936,Owen Griffin,CBJ,a,,,,,
8937,2025 160th Overall,Draft Pick,a,,,,,
8938,William Trudeau,MTL,a,,,,,
8939,2021 113th Overall,Draft Pick,a,,,,,
8940,Jackson Parsons,OTT,a,,,,,
8941,Bradley Marek,MIN,a,,,,,
8942,Ryder Ritchie,MIN,a,,,,,
8943,David Rozsival,NJD,a,,,,,
8944,2025 161st Overall,Draft Pick,a,,,,,
8945,Samuel Jung,NYR,a,,,,,
8946,2025 166th Overall,Draft Pick,,,,,,
8947,Aron Dahlqvist,WSH,a,,,,,
8948,2025 180th Overall,Draft Pick,,,,,,
8949,Reko Alanko,UTH,a,,,,,
8950,2025 182nd Overall,Draft Pick,,,,,,
8951,Viggo Nordlund,CAR,a,,,,,
8952,2025 183rd Overall,Draft Pick,,,,,,
8953,Gustav Sjoqvist,VGK,a,,,,,
8954,2025 187th Overall,Draft Pick,,,,,,
8955,Trade VGK/WSH 6/29/2024,Trade,,,,,,
8956,Andrew MacNiel,MTL,a,,,,,
8957,2025 189th Overall,Draft Pick,,,,,,
8958,Caleb Heil,TBL,a,,,,,
8959,2025 193rd Overall,Draft Pick,,,,,,
8960,Melvin Novotny,BUF,a,,,,,
8961,2025 195th Overall,Draft Pick,,,,,,
8962,Brendan McMorrow,LAK,a,,,,,
8963,2025 196th Overall,Draft Pick,,,,,,
8964,Brendan Dunphy,FLA,a,,,,,
8965,2025 197th Overall,Draft Pick,,,,,,
8966,Jeremy Loranger,CBJ,a,,,,,
8967,2025 198th Overall,Draft Pick,,,,,,
8968,Karl Annborn,SEA,a,,,,,
8969,2025 205th Overall,Draft Pick,,,,,,
8970,Roman Luttsev,TBL,a,,,,,
8971,2025 206th Overall,Draft Pick,,,,,,
8972,Richard Gallant,SJS,a,,,,,
8973,2025 210th Overall,Draft Pick,,,,,,
8974,Yan Matveiko,CGY,a,,,,,
8975,2025 211th Overall,Draft Pick,,,,,,
8976,Grant Spada,TBL,a,,,,,
8977,2025 212th Overall,Draft Pick,,,,,,
8978,Loke Krantz,SEA,a,,,,,
8979,2025 218th Overall,Draft Pick,,,,,,
8980,Ryan Rucinski,BUF,a,,,,,
8981,2025 219th Overall,Draft Pick,,,,,,
8982,Miroslav Satan Jr,WSH,a,,,,,
8983,2024 212th Overall,Draft Pick,a,,,,,
8984,Jake O'Brien,SEA,a,,,,,
8985,Jack Pridham,CHI,a,,,,,
8986,2024 92nd Overall,Draft Pick,,,,,,
8987,Zdenek Blatny,Unsigned,,,,,,
8988,Mikael Hakkarainen,Unsigned,a,,,,,
8989,2018 139th Overall,Draft Pick,a,,,,,
8990,Shai Buium,DET,a,,,,,
8991,2021 36th Overall,Draft Pick,a,,,,,
8992,Trade VGK/DET 7/24/2021,Trade,a,,,,,
8993,Daniil Chayka,Unsigned,,,,,,
8994,2021 38th Overall,Draft Pick,,,,,,
8995,Jakub Demek,VGK,a,,,,,
8996,2021 128th Overall,Draft Pick,,,,,,
8997,Carson Lambos,MIN,a,,,,,
8998,2021 26th Overall,Draft Pick,,,,,,
8999,Corson Ceulemans,CBJ,a,,,,,
9000,2021 25th Overall,Draft Pick,a,,,,,
9001,Samuel Lipkin,UTH,a,,,,,
9002,2021 223rd Overall,Draft Pick,a,,,,,
9003,Jalen Luypen,Unsigned,,,,,,
9004,2021 216th Overall,Draft Pick,,,,,,
9005,Joe Vrbetic,Unsigned,,,,,,
9006,2021 214th Overall,Draft Pick,,,,,,
9007,Yegor Naumov,CAR,a,,,,,
9008,2021 200th Overall,Draft Pick,,,,,,
9009,Ivan Vorobyov,STL,a,,,,,
9010,2021 198th Overall,Draft Pick,,,,,,
9011,Daniil Pylenkov,TBL,a,,,,,
9012,2021 196th Overall,Draft Pick,,,,,,
9013,Ryan McCleary,Unsigned,,,,,,
9014,2021 194th Overall,Draft Pick,,,,,,
9015,Connor Lockhart,Unsigned,,,,,,
9016,2021 178th Overall,Draft Pick,,,,,,
9017,Jack Beck,Unsigned,,,,,,
9018,2021 168th Overall,Draft Pick,,,,,,
9019,Max McCue,CBJ,a,,,,,
9020,2021 156th Overall,Draft Pick,a,,,,,
9021,Oscar Plandowski,Unsigned,a,,,,,
9022,2021 155th Overall,Draft Pick,a,,,,,
9023,Trade DET/VGK 7/24/2021,Trade,a,,,,,
9024,Jakub Brabenec,VGK,a,,,,,
9025,2021 102nd Overall,Draft Pick,a,,,,,
9026,Redmond Savage,Unsigned,,,,,,
9027,2021 114th Overall,Draft Pick,a,,,,,
9028,Gage Alexander,Unsigned,a,,,,,
9029,2021 148th Overall,Draft Pick,a,,,,,
9030,Daniil Sobolev,MTL,a,,,,,
9031,2021 142nd Overall,Draft Pick,a,,,,,
9032,Jack Bar,Unsigned,a,,,,,
9033,2021 138th Overall,Draft Pick,a,,,,,
9034,Lynden Lakovic,WSH,a,,,,,
9035,Nikolai Makarov,CBJ,a,,,,,
9036,2021 132nd Overall,Draft Pick,a,,,,,
9037,Josh Pillar,Unsigned,,,,,,
9038,2021 127th Overall,Draft Pick,a,,,,,
9039,Jack Matier,NSH,a,,,,,
9040,2021 124th Overall,Draft Pick,a,,,,,
9041,Carson Latimer,Unsigned,,,,,,
9042,2021 123rd Overall,Draft Pick,a,,,,,
9043,Rasmus Korhonen,Unsigned,a,,,,,
9044,2021 122nd Overall,Draft Pick,a,,,,,
9045,Kalle Vaisanen,NYR,a,,,,,
9046,2021 106th Overall,Draft Pick,a,,,,,
9047,Brody Lamb,NYR,a,,,,,
9048,2021 104th Overall,Draft Pick,,,,,,
9049,Sam Stange,Unsigned,,,,,,
9050,2020 97th Overall,Draft Pick,,,,,,
9051,Michael Benning,FLA,a,,,,,
9052,2020 95th Overall,Draft Pick,,,,,,
9053,Zayde Wisdom,Unsigned,,,,,,
9054,2020 94th Overall,Draft Pick,,,,,,
9055,Trade TBL/PHI 10/7/2020,Trade,,,,,,
9056,Eamon Powell,Unsigned,,,,,,
9057,2020 116th Overall,Draft Pick,,,,,,
9058,Jaydon Dureau,Unsigned,,,,,,
9059,2020 147th Overall,Draft Pick,,,,,,
9060,Oliver Tarnstrom,Unsigned,a,,,,,
9061,2020 92nd Overall,Draft Pick,a,,,,,
9062,Vadim Zherenko,STL,a,,,,,
9063,2019 208th Overall,Draft Pick,a,,,,,
9064,Hunter Skinner,STL,a,,,,,
9065,2019 112th Overall,Draft Pick,a,,,,,
9066,Maxim Groshev,TBL,a,,,,,
9067,2020 85th Overall,Draft Pick,a,,,,,
9068,Eemil Viro,DET,a,,,,,
9069,2020 70th Overall,Draft Pick,a,,,,,
9070,Alexander Nikishin,CAR,a,,,,,
9071,2020 69th Overall,Draft Pick,a,,,,,
9072,Cross Hanas,Unsigned,,,,,,
9073,2020 55th Overall,Draft Pick,,,,,,
9074,Theodor Niederbach,Unsigned,,,,,,
9075,2020 51st Overall,Draft Pick,,,,,,
9076,Jakub Konecny,Unsigned,,,,,,
9077,2020 216th Overall,Draft Pick,,,,,,
9078,Ryan Tverberg,TOR,a,,,,,
9079,2020 213th Overall,Draft Pick,,,,,,
9080,Oskar Magnusson,Unsigned,,,,,,
9081,2020 211th Overall (Magnusson),Draft Pick,,,,,,
9082,Chase McLane,Unsigned,,,,,,
9083,2020 209th Overall (McLane),Draft Pick,,,,,,
9084,Gunnarwolfe Fontaine,Unsigned,,,,,,
9085,2020 202nd Overall,Draft Pick,a,,,,,
9086,Alexander Pashin,Unsigned,a,,,,,
9087,2020 199th Overall,Draft Pick,a,,,,,
9088,Hugo Ollas,NYR,a,,,,,
9089,2020 197th Overall,Draft Pick,a,,,,,
9090,Wyatt Schingoethe,TOR,a,,,,,
9091,2020 195th Overall,Draft Pick,,,,,,
9092,Trade TOR/MIN 5/30/2019,Trade,,,,,,
9093,Fedor Gordeev,Unsigned,,,,,,
9094,Elliot Ekefjard,Unsigned,,,,,,
9095,2020 192nd Overall,Draft Pick,a,,,,,
9096,Viktor Persson,Unsigned,a,,,,,
9097,2020 191st Overall ,Draft Pick,a,,,,,
9098,John Fusco,Unsigned,,,,,,
9099,2020 189th Overall,Draft Pick,a,,,,,
9100,Joe Miller (2002),TOR,a,,,,,
9101,2020 180th Overall,Draft Pick,a,,,,,
9102,Axel Rindell,Unsigned,a,,,,,
9103,2020 177th Overall (Rindell),Draft Pick,a,,,,,
9104,Yevgeni Oksentyuk,Unsigned,a,,,,,
9105,2020 162nd Overall,Draft Pick,a,,,,,
9106,Trade FLA/DAL 2/24/2020,Trade,a,,,,,
9107,Emil Djuse,Unsigned,,,,,,
9108,Rodion Amirov,Unsigned,,,,,,
9109,2020 15th Overall,Draft Pick,a,,,,,
9110,Philippe Daoust,Unsigned,a,,,,,
9111,2020 158th Overall,Draft Pick,a,,,,,
9112,Nick Capone,Unsigned,,,,,,
9113,2020 157th Overall,Draft Pick,,,,,,
9114,Eric Engstrand,Unsigned,,,,,,
9115,2020 155th Overall,Draft Pick,a,,,,,
9116,Kasper Puutio,Unsigned,a,,,,,
9117,2020 153rd Overall,Draft Pick,a,,,,,
9118,Raivis Ansons,Unsigned,,,,,,
9119,2020 149th Overall,Draft Pick,,,,,,
9120,Pavel Novak,Unsigned,,,,,,
9121,2020 146th Overall,Draft Pick,a,,,,,
9122,Ben Meehan,Unsigned,a,,,,,
9123,2020 140th Overall,Draft Pick,a,,,,,
9124,Dmitry Ovchinnikov,Unsigned,,,,,,
9125,2020 137th Overall,Draft Pick,a,,,,,
9126,Alex Cotton,Unsigned,a,,,,,
9127,2020 132nd Overall,Draft Pick,a,,,,,
9128,William Villeneuve,TOR,a,,,,,
9129,2020 122nd Overall,Draft Pick,a,,,,,
9130,Juho Markkanen,Unsigned,,,,,,
9131,2020 112th Overall,Draft Pick,,,,,,
9132,Jan Bednar,Unsigned,,,,,,
9133,2020 107th Overall,Draft Pick,a,,,,,
9134,Jack Smith,MTL,a,,,,,
9135,2020 102nd Overall,Draft Pick,a,,,,,
9136,Carter Savoie,Unsigned,,,,,,
9137,2020 100th Overall,Draft Pick,a,,,,,
9138,David Gust,Unsigned,,,,,,
9139,Ben Thomas,Unsigned,a,,,,,
9140,2014 119th Overall,Draft Pick,a,,,,,
9141,Brady Keeper,Unsigned,,,,,,
9142,Brian Pinho,Unsigned,,,,,,
9143,Brinson Pasichnuk,Unsigned,,,,,,
9144,Mitch Reinke,Unsigned,,,,,,
9145,Alexei Melnichuk,Unsigned,,,,,,
9146,Trade TBL/SJS 3/21/2022,Trade,,,,,,
9147,Artyom Zagidulin,Unsigned,,,,,,
9148,Antoine Morand,Unsigned,,,,,,
9149,Cade Webber,TOR,a,,,,,
9150,2019 99th Overall,Draft Pick,,,,,,
9151,Trade TOR/CAR 3/7/2024,Trade,,,,,,
9152,Lukas Parik,Unsigned,,,,,,
9153,2019 87th Overall,Draft Pick,,,,,,
9154,Layton Ahac,Unsigned,,,,,,
9155,2019 86th Overall,Draft Pick,,,,,,
9156,Michael Vukojevic,Unsigned,a,,,,,
9157,2019 82nd Overall,Draft Pick,,,,,,
9158,Alexander Campbell,Unsigned,,,,,,
9159,2019 65th Overall,Draft Pick,,,,,,
9160,Hunter Jones,Unsigned,,,,,,
9161,2019 59th Overall,Draft Pick,a,,,,,
9162,Karl Henriksson,NYR,a,,,,,
9163,2019 58th Overall,Draft Pick,a,,,,,
9164,Dillon Hamaliuk,Unsigned,a,,,,,
9165,2019 55th Overall,Draft Pick,,,,,,
9166,Robert Mastrosimone,Unsigned,,,,,,
9167,2019 54th Overall,Draft Pick,,,,,,
9168,Jamieson Rees,Unsigned,a,,,,,
9169,2019 44th Overall,Draft Pick,a,,,,,
9170,Trade CAR/OTT 3/15/2024,Trade,a,,,,,
9171,Timur Kol,CAR,a,,,,,
9172,2024 168th Overall,Draft Pick,a,,,,,
9173,Arvid Costmar,Unsigned,,,,,,
9174,2019 215th Overall,Draft Pick,,,,,,
9175,Santeri Airola,Unsigned,,,,,,
9176,2019 211th Overall,Draft Pick,,,,,,
9177,Trade WSH/SJS 6/22/2019,Trade,,,,,,
9178,Timofey Spitserov,Unsigned,,,,,,
9179,2020 210th Overall,Draft Pick,,,,,,
9180,Martin Has,Unsigned,,,,,,
9181,2019 153rd Overall,Draft Pick,,,,,,
9182,Valentin Nussbaumer,Unsigned,a,,,,,
9183,2019 207th Overall,Draft Pick,,,,,,
9184,Kieran Ruscheinski,Unsigned,,,,,,
9185,2019 206th Overall ,Draft Pick,,,,,,
9186,Eric Ciccolini,Unsigned,,,,,,
9187,2019 205th Overall,Draft Pick,,,,,,
9188,Kalle Loponen,Unsigned,,,,,,
9189,2019 204th Overall,Draft Pick,,,,,,
9190,Mikhail Shalagin,TBL,a,,,,,
9191,2019 198th Overall,Draft Pick,a,,,,,
9192,Cole Moberg,Unsigned,a,,,,,
9193,2019 194th Overall,Draft Pick,a,,,,,
9194,Mathew Hill,Unsigned,,,,,,
9195,2019 186th Overall,Draft Pick,a,,,,,
9196,Kevin Wall,Unsigned,a,,,,,
9197,2019 181st Overall,Draft Pick,a,,,,,
9198,Anthony Romano,Unsigned,,,,,,
9199,2019 176th Overall,Draft Pick,,,,,,
9200,Karel Plasek,Unsigned,,,,,,
9201,2019 175th Overall,Draft Pick,,,,,,
9202,Trade VAN/BUF 6/22/2019,Trade,,,,,,
9203,Aaron Huglen,Unsigned,,,,,,
9204,2019 102nd Overall,Draft Pick,a,,,,,
9205,Ethan Keppen,Unsigned,a,,,,,
9206,2019 122nd Overall,Draft Pick,a,,,,,
9207,Danil Savunov,Unsigned,,,,,,
9208,2019 174th Overall,Draft Pick,a,,,,,
9209,Matvey Guskov,MIN,a,,,,,
9210,2019 149th Overall,Draft Pick,a,,,,,
9211,Trade WSH/MIN 2/21/2018,Trade,,,,,,
9212,Jakub Jerabek,Unsigned,,,,,,
9213,Filip Cederqvist,Unsigned,a,,,,,
9214,2019 143rd Overall,Draft Pick,a,,,,,
9215,Trade BUF/DET 6/22/2019,Trade,a,,,,,
9216,Carter Gylander,DET,a,,,,,
9217,2019 191st Overall,Draft Pick,a,,,,,
9218,Gustav Berglund,Unsigned,,,,,,
9219,2019 177th Overall,Draft Pick,,,,,,
9220,Marcus Kallionkieli,Unsigned,,,,,,
9221,2019 139th Overall,Draft Pick,,,,,,
9222,Frederik Nissen Dichow,Unsigned,a,,,,,
9223,2019 138th Overall,Draft Pick,,,,,,
9224,Isaiah Saville,Unsigned,,,,,,
9225,2019 135th Overall,Draft Pick,,,,,,
9226,Harrison Blaisdell,Unsigned,,,,,,
9227,2019 134th Overall,Draft Pick,,,,,,
9228,Jacob LeGuerrier,Unsigned,,,,,,
9229,2019 126th Overall,Draft Pick,,,,,,
9230,Antti Saarela,Unsigned,,,,,,
9231,2019 123rd Overall,Draft Pick,a,,,,,
9232,Kim Nousiainen,Unsigned,,,,,,
9233,2019 119th Overall,Draft Pick,a,,,,,
9234,Trade MTL/CGY 6/23/2018,Trade,a,,,,,
9235,Trade EDM/TBL 7/8/2025,Trade,a,,,,,
9236,Isaac Howard,EDM,a,,,,,
9237,Jett Woo,VAN,a,,,,,
9238,Milos Roman,Unsigned,,,,,,
9239,2018 122nd Overall,Draft Pick,a,,,,,
9240,Case McCarthy,Unsigned,a,,,,,
9241,2019 118th Overall,Draft Pick,a,,,,,
9242,Lucas Feuk,Unsigned,,,,,,
9243,2019 116th Overall,Draft Pick,a,,,,,
9244,Yegor Spiridonov,SJS,a,,,,,
9245,2019 108th Overall,Draft Pick,a,,,,,
9246,Eric Hjorth,Unsigned,a,,,,,
9247,2019 104th Overall,Draft Pick,a,,,,,
9248,Alexandre Fortin,Unsigned,,,,,,
9249,Blake Pietila,Unsigned,,,,,,
9250,Bogdan Kiselevich,Unsigned,,,,,,
9251,Trade WPG/FLA 2/25/2019,Trade,,,,,,
9252,Cameron Schilling,Unsigned,,,,,,
9253,Trade CHI/LAK 1/21/2017,Trade,,,,,,
9254,Casey Nelson,Unsigned,,,,,,
9255,Connor Brickley,Unsigned,,,,,,
9256,2010 50th Overall,Draft Pick,,,,,,
9257,Trade CAR/FLA 10/11/2016,Trade,,,,,,
9258,Trade NSH/NYR 1/14/2019,Trade,,,,,,
9259,Corban Knight,Unsigned,,,,,,
9260,Trade FLA/CGY 6/17/2013,Trade,,,,,,
9261,Danick Martel,Unsigned,,,,,,
9262,Daniel Brickley,Unsigned,,,,,,
9263,Darren Archibald,Unsigned,,,,,,
9264,Dominic Turgeon,Unsigned,a,,,,,
9265,2014 63rd Overall (Turgeon),Draft Pick,a,,,,,
9266,Trade EDM/LAK 1/15/2014,Trade,a,,,,,
9267,Egor Yakovlev,Unsigned,,,,,,
9268,Erik Burgdoerfer,Unsigned,,,,,,
9269,Igor Ozhiganov,Unsigned,,,,,,
9270,Jack Rodewald,Unsigned,,,,,,
9271,Trade FLA/OTT 10/26/2019,Trade,,,,,,
9272,Jacob Nilsson,Unsigned,,,,,,
9273,Benjamin Kindel,PIT,a,,,,,
9274,Braeden Cootes,VAN,a,,,,,
9275,Antonio Stranges,DAL,a,,,,,
9276,Jake Chelios,Unsigned,,,,,,
9277,Jakob Forsbacka Karlsson,Unsigned,a,,,,,
9278,2015 45th Overall,Draft Pick,a,,,,,
9279,Jordan Schmaltz,Unsigned,,,,,,
9280,Trade NYI/TOR 2/24/2020,Trade,,,,,,
9281,Joseph Gambardella,Unsigned,,,,,,
9282,Josh Teves,Unsigned,,,,,,
9283,Joshua Ho-Sang,Unsigned,a,,,,,
9284,2014 28th Overall,Draft Pick,a,,,,,
9285,Trade TBL/NYI 6/27/2014,Trade,a,,,,,
9286,Julius Honka,Unsigned,,,,,,
9287,Kerby Rychel,Unsigned,a,,,,,
9288,2013 19th Overall,Draft Pick,a,,,,,
9289,Libor Sulak,Unsigned,,,,,,
9290,Mario Kempe,Unsigned,,,,,,
9291,Matt Donovan,Unsigned,,,,,,
9292,Matt Puempel,Unsigned,,,,,,
9293,2011 24th Overall,Draft Pick,,,,,,
9294,Trade DET/NYR 10/21/2017,Trade,,,,,,
9295,Nelson Nogier,Unsigned,,,,,,
9296,2014 101st Overall,Draft Pick,a,,,,,
9297,Trade SJS/TOR 7/10/2025,Trade,a,,,,,
9298,Trade PIT/DAL 7/10/2025,Trade,a,,,,,
9299,Aleksi Medvedev,VAN,a,,,,,
9300,Nick Lappin,Unsigned,,,,,,
9301,Nikita Scherbak,Unsigned,,,,,,
9302,Tanner Fritz,Unsigned,,,,,,
9303,Tomas Hyka,Unsigned,,,,,,
9304,2012 171st Overall,Draft Pick,,,,,,
9305,Trade PHI/LAK 10/12/2011,Trade,,,,,,
9306,Ty Rattie,Unsigned,,,,,,
9307,2011 32nd Overall,Draft Pick,,,,,,
9308,Tyrell Goulbourne,Unsigned,,,,,,
9309,Wade Megan,Unsigned,,,,,,
9310,2009 138th Overall,Draft Pick,a,,,,,
9311,Trade STL/LAK 6/4/2008,Trade,a,,,,,
9312,Trade LAK/FLA 6/27/2009,Trade,a,,,,,
9313,Adam Mascherin,Unsigned,a,,,,,
9314,2018 100th Overall,Draft Pick,a,,,,,
9315,2016 38th Overall,Draft Pick,a,,,,,
9316,Jachym Kondelik,Unsigned,,,,,,
9317,2018 111th Overall,Draft Pick,,,,,,
9318,Linus Lindstrand Cronholm,Unsigned,,,,,,
9319,2018 117th Overall,Draft Pick,,,,,,
9320,Jack Gorniak,Unsigned,a,,,,,
9321,2018 123rd Overall,Draft Pick,,,,,,
9322,Justin Almeida,Unsigned,,,,,,
9323,2018 129th Overall,Draft Pick,,,,,,
9324,Samuel Houde,Unsigned,,,,,,
9325,2018 133rd Overall,Draft Pick,,,,,,
9326,Brandon Kruse,Unsigned,,,,,,
9327,2018 135th Overall,Draft Pick,,,,,,
9328,Dennis Busby,Unsigned,,,,,,
9329,2018 145th Overall,Draft Pick,,,,,,
9330,Danila Zhuravlyov,Unsigned,,,,,,
9331,2018 146th Overall,Draft Pick,a,,,,,
9332,Johan Sodergran,Unsigned,a,,,,,
9333,2018 165th Overall,Draft Pick,a,,,,,
9334,Brett Stapley,Unsigned,,,,,,
9335,2018 190th Overall,Draft Pick,,,,,,
9336,Luke Loheit,Unsigned,,,,,,
9337,2018 194th Overall,Draft Pick,,,,,,
9338,Santtu Kinnunen,Unsigned,a,,,,,
9339,2018 207th Overall,Draft Pick,,,,,,
9340,Jordan Kooy,Unsigned,,,,,,
9341,2018 208th Overall,Draft Pick,a,,,,,
9342,Riley Hughes,Unsigned,a,,,,,
9343,2018 216th Overall,Draft Pick,a,,,,,
9344,Dominik Bokk,Unsigned,,,,,,
9345,2018 25th Overall,Draft Pick,,,,,,
9346,Serron Noel,Unsigned,,,,,,
9347,2018 34th Overall,Draft Pick,a,,,,,
9348,Kody Clark,Unsigned,a,,,,,
9349,2018 47th Overall,Draft Pick,a,,,,,
9350,Jonathan Tychonick,Unsigned,,,,,,
9351,2018 48th Overall,Draft Pick,,,,,,
9352,Jacob Olofsson,Unsigned,,,,,,
9353,2018 56th Overall,Draft Pick,a,,,,,
9354,Niklas Nordgren (2),Unsigned,a,,,,,
9355,2018 74th Overall,Draft Pick,a,,,,,
9356,Blake McLaughlin,Unsigned,,,,,,
9357,2018 79th Overall,Draft Pick,,,,,,
9358,Seth Barton,Unsigned,,,,,,
9359,2018 81st Overall,Draft Pick,,,,,,
9360,Riley Stotts,Unsigned,,,,,,
9361,2018 83rd Overall,Draft Pick,,,,,,
9362,Jesper Eliasson,Unsigned,,,,,,
9363,2018 84th Overall,Draft Pick,,,,,,
9364,Logan Hutsko,FLA,a,,,,,
9365,2018 89th Overall,Draft Pick,A,,,,,
9366,Luke Henman,Unsigned,A,,,,,
9367,2018 96th Overall,Draft Pick,A,,,,,
9368,Allan McShane,Unsigned,,,,,,
9369,2018 97th Overall,Draft Pick,,,,,,
9370,Braden Hache,Unsigned,,,,,,
9371,2021 210th Overall,Draft Pick,,,,,,
9372,Michael Downing,Unsigned,,,,,,
9373,2013 97th Overall,Draft Pick,,,,,,
9374,Dominik Masin,Unsigned,,,,,,
9375,2014 35th Overall,Draft Pick,a,,,,,
9376,Johnathan MacLeod,Unsigned,a,,,,,
9377,2014 57th Overall,Draft Pick,a,,,,,
9378,Adam Clendening,Unsigned,a,,,,,
9379,2011 36th Overall,Draft Pick,a,,,,,
9380,Alex Broadhurst,Unsigned,a,,,,,
9381,Andrei Mironov,Unsigned,,,,,,
9382,Andrew Crescenzi,Unsigned,,,,,,
9383,Trade LAK/TOR 1/22/2014,Trade,,,,,,
9384,Anton Slepyshev,Unsigned,,,,,,
9385,2013 88th Overall,Draft Pick,,,,,,
9386,Ben Sexton,Unsigned,,,,,,
9387,Blake Hillman,Unsigned,,,,,,
9388,Brett Lernout,Unsigned,,,,,,
9389,2014 73rd Overall,Draft Pick,,,,,,
9390,Cal O'Reilly,Unsigned,,,,,,
9391,Trade PHX/NSH 10/28/2011,Trade,a,,,,,
9392,Chase Balisy,Unsigned,a,,,,,
9393,2011 170th Overall,Draft Pick,a,,,,,
9394,Chris Bigras,Unsigned,,,,,,
9395,Christoph Bertschy,Unsigned,,,,,,
9396,Trade MIN/NJD 2/8/2018,Trade,a,,,,,
9397,Christopher DiDomenico,Unsigned,a,,,,,
9398,Curtis McKenzie,Unsigned,,,,,,
9399,Curtis Valk,Unsigned,,,,,,
9400,Daniel Catenacci,Unsigned,,,,,,
9401,Trade NYR/BUF 2/28/2017,Trade,,,,,,
9402,David Booth,Unsigned,,,,,,
9403,2004 53rd Overall,Draft Pick,,,,,,
9404,Trade CGY/FLA 3/8/2004,Trade,,,,,,
9405,Frank Corrado,Unsigned,,,,,,
9406,Freddie Hamilton,Unsigned,,,,,,
9407,2010 129th Overall (F Hamilton),Draft Pick,,,,,,
9408,Trade SJS/COL 3/2/2015,Trade,,,,,,
9409,Henrik Haapala,Unsigned,,,,,,
9410,Jim O'Brien,Unsigned,,,,,,
9411,Justin Auger,Unsigned,a,,,,,
9412,2013 103rd Overall (Auger),Draft Pick,a,,,,,
9413,Keegan Lowe,Unsigned,,,,,,
9414,Landon Ferraro,Unsigned,,,,,,
9415,2009 32nd Overall,Draft Pick,,,,,,
9416,Trade TBL/DET 6/26/2009,Trade,,,,,,
9417,Marek Hrivik,Unsigned,,,,,,
9418,Markus Hannikainen,Unsigned,,,,,,
9419,Michael Bournival,Unsigned,,,,,,
9420,2010 71st Overall,Draft Pick,a,,,,,
9421,Trade DAL/COL 6/26/2010,Trade,a,,,,,
9422,Mike Blunden,Unsigned,a,,,,,
9423,2005 43rd Overall,Draft Pick,a,,,,,
9424,Trade CHI/CBJ 1/10/2009,Trade,a,,,,,
9425,Trade CBJ/MTL 7/7/2011,Trade,a,,,,,
9426,Morgan Klimchuk,Unsigned,,,,,,
9427,2013 28th Overall,Draft Pick,,,,,,
9428,Trade CGY/TOR 11/27/2018,Trade,,,,,,
9429,Trade TOR/OTT 1/11/2019,Trade,,,,,,
9430,Nick Baptiste,Unsigned,,,,,,
9431,Trade BUF/NSH 10/1/2018,Trade,,,,,,
9432,Trade PIT/VAN 7/13/2025,Trade,,,,,,
9433,Ryan Sproul,Unsigned,,,,,,
9434,Shane Gersich,Unsigned,,,,,,
9435,Spencer Foo,Unsigned,,,,,,
9436,Taylor Chorney,Unsigned,,,,,,
9437,Vadim Shipachyov,Unsigned,,,,,,
9438,Victor Antipin,Unsigned,,,,,,
9439,Will O'Neill,Unsigned,,,,,,
9440,2006 210th Overall,Draft Pick,,,,,,
9441,Trade DAL/ATL 6/24/2006,Trade,,,,,,
9442,Yohann Auvitu,Unsigned,,,,,,
9443,Zack Mitchell,Unsigned,,,,,,
9444,Cam Ward,Unsigned,,,,,,
9445,Scott Foster,Unsigned,,,,,,
9446,Daniel Taylor,Unsigned,,,,,,
9447,2004 221st Overall,Draft Pick,,,,,,
9448,Jared Coreau,Unsigned,,,,,,
9449,Mike McKenna,Unsigned,,,,,,
9450,Trade TBL/FLA 3/1/2017,Trade,,,,,,
9451,Adam Wilcox,Unsigned,,,,,,
9452,Antti Niemi,Unsigned,,,,,,
9453,Trade SJS/DAL 6/27/2015,Trade,,,,,,
9454,Kari Lehtonen,Unsigned,,,,,,
9455,Trade DAL/ATL 2/9/2010,Trade,,,,,,
9456,Jeff Glass,Unsigned,,,,,,
9457,Al Montoya,Unsigned,,,,,,
9458,Trade PHX/NYI 2/9/2011,Trade,,,,,,
9459,Ondrej Pavelec,Unsigned,,,,,,
9460,2005 41st Overall,Draft Pick,,,,,,
9461,Mike Condon,Unsigned,,,,,,
9462,Trade PIT/OTT 11/2/2016,Trade,,,,,,
9463,Marek Langhamer,Unsigned,,,,,,
9464,2012 184th Overall,Draft Pick,,,,,,
9465,Petr Kvaca,Unsigned,,,,,,
9466,2017 114th Overall,Draft Pick,,,,,,
9467,Brandon Crawley,Unsigned,,,,,,
9468,2017 123rd Overall,Draft Pick,,,,,,
9469,Vladislav Kara,Unsigned,,,,,,
9470,2017 124th Overall,Draft Pick,a,,,,,
9471,Michael Karow,Unsigned,a,,,,,
9472,2017 126th Overall,Draft Pick,a,,,,,
9473,Kristoffer Gunnarsson,Unsigned,a,,,,,
9474,2017 135th Overall,Draft Pick,a,,,,,
9475,Jonathan Dugan,Unsigned,,,,,,
9476,2017 142nd Overall,Draft Pick,,,,,,
9477,Trade CAR/VGK 6/21/2017,Trade,,,,,,
9478,Jan Drozg,Unsigned,,,,,,
9479,2017 152nd Overall,Draft Pick,,,,,,
9480,Denis Smirnov,Unsigned,,,,,,
9481,2017 156th Overall,Draft Pick,,,,,,
9482,Dominik Lakatos,Unsigned,,,,,,
9483,2017 157th Overall,Draft Pick,,,,,,
9484,Jacob McGrew,Unsigned,,,,,,
9485,2017 159th Overall,Draft Pick,,,,,,
9486,Reilly Webb,Unsigned,,,,,,
9487,2017 164th Overall,Draft Pick,,,,,,
9488,Pavel Koltygin,Unsigned,,,,,,
9489,2017 176th Overall,Draft Pick,a,,,,,
9490,Petrus Palmu,Unsigned,a,,,,,
9491,2017 181st Overall,Draft Pick,a,,,,,
9492,Sebastian Repo,Unsigned,,,,,,
9493,2017 184th Overall,Draft Pick,,,,,,
9494,Yegor Zaitsev,Unsigned,,,,,,
9495,2017 205th Overall,Draft Pick,,,,,,
9496,Matthew Hellickson,Unsigned,,,,,,
9497,2017 214th Overall,Draft Pick,,,,,,
9498,Joshua Ess,Unsigned,a,,,,,
9499,2017 215th Overall,Draft Pick,a,,,,,
9500,Filip Westerlund,Unsigned,a,,,,,
9501,2017 44th Overall,Draft Pick,a,,,,,
9502,Zachary Lauzon,Unsigned,,,,,,
9503,2017 51st Overall,Draft Pick,,,,,,
9504,Luke Martin,Unsigned,,,,,,
9505,2017 52nd Overall,Draft Pick,,,,,,
9506,Joni Ikonen,Unsigned,,,,,,
9507,2017 58th Overall,Draft Pick,,,,,,
9508,Eemeli Rasanen,Unsigned,,,,,,
9509,2017 59th Overall,Draft Pick,,,,,,
9510,Max Gildon,Unsigned,,,,,,
9511,2017 66th Overall,Draft Pick,,,,,,
9512,Scott Walford,Unsigned,,,,,,
9513,2017 68th Overall,Draft Pick,a,,,,,
9514,Andrei Altybarmakyan,Unsigned,a,,,,,
9515,2017 70th Overall,Draft Pick,a,,,,,
9516,Kasper Kotkansalo,Unsigned,a,,,,,
9517,2017 71st Overall,Draft Pick,a,,,,,
9518,Nate Schnarr,Unsigned,a,,,,,
9519,2017 75th Overall,Draft Pick,a,,,,,
9520,Travis Mitchell,NYI,a,,,,,
9521,Zachary Gallant,Unsigned,,,,,,
9522,2017 83rd Overall,Draft Pick,a,,,,,
9523,Keith Petruzzelli,Unsigned,a,,,,,
9524,2017 88th Overall,Draft Pick,a,,,,,
9525,Cody Bass,Unsigned,,,,,,
9526,2005 95th Overall,Draft Pick,,,,,,
9527,Evan McEneny,Unsigned,,,,,,
9528,Michael Zalewski,Unsigned,,,,,,
9529,David Warsofsky,Unsigned,,,,,,
9530,Michael Kapla,Unsigned,,,,,,
9531,Jakub Nakladal,Unsigned,,,,,,
9532,Borna Rendulic,Unsigned,,,,,,
9533,Teemu Pulkkinen,Unsigned,,,,,,
9534,Griffen Molino,Unsigned,,,,,,
9535,Petter Granberg,Unsigned,,,,,,
9536,2010 116th Overall,Draft Pick,,,,,,
9537,Mark McNeill,Unsigned,,,,,,
9538,Trade NSH/DAL 2/3/2018,Trade,,,,,,
9539,Casey Bailey,Unsigned,,,,,,
9540,Anton Rodin,Unsigned,,,,,,
9541,Sergey Tolchinsky,Unsigned,,,,,,
9542,Tyler Wotherspoon,Unsigned,,,,,,
9543,2011 57th Overall,Draft Pick,,,,,,
9547,Sergey Kalinin,Unsigned,,,,,,
9548,Trade NJD/TOR 2/18/2017,Trade,,,,,,
9549,Ryan Johnston,Unsigned,,,,,,
9550,Griffin Reinhart,Unsigned,,,,,,
9551,Duncan Siemens,Unsigned,,,,,,
9552,2011 11th Overall,Draft Pick,,,,,,
9553,Joel Vermin,Unsigned,,,,,,
9554,2012 186th Overall,Draft Pick,,,,,,
9555,Karl Stollery,Unsigned,,,,,,
9556,Roman Lyubimov,Unsigned,,,,,,
9557,Connor Jones,Unsigned,,,,,,
9558,Seth Helgeson,Unsigned,,,,,,
9559,Anton Frondell,CHI,a,,,,,
9560,Tyrel Bauer,WPG,a,,,,,
9561,Radim Mrtka,BUF,a,,,,,
9562,Ben Thomson,Unsigned,,,,,,
9563,2012 96th Overall,Draft Pick,,,,,,
9564,Dillon Simpson,Unsigned,,,,,,
9565,Alexey Marchenko,Unsigned,,,,,,
9566,Bracken Kearns,Unsigned,,,,,,
9567,Quinton Howden,Unsigned,,,,,,
9568,2010 25th Overall,Draft Pick,,,,,,
9569,Samuel Henley,Unsigned,,,,,,
9570,Andrej Nestrasil,Unsigned,,,,,,
9571,2009 75th Overall,Draft Pick,,,,,,
9572,Mitch Callahan,Unsigned,,,,,,
9573,Garrett Mitchell,Unsigned,,,,,,
9574,Matt Lorito,Unsigned,,,,,,
9575,Tommy Cross,Unsigned,,,,,,
9576,2007 35th Overall,Draft Pick,,,,,,
9577,Trade CHI/BOS 6/23/2007,Trade,,,,,,
9578,Patrick Cannone,Unsigned,,,,,,
9579,Alexandre Grenier,Unsigned,,,,,,
9580,Tanner Richard,Unsigned,,,,,,
9581,Robbie Russo,Unsigned,,,,,,
9582,Bobby Farnham,Unsigned,,,,,,
9583,Nikita Tryamkin,Unsigned,,,,,,
9584,Julian Melchiori,Unsigned,,,,,,
9585,2010 87th Overall,Draft Pick,,,,,,
9586,Brady Austin,Unsigned,,,,,,
9587,Cole Schneider,Unsigned,,,,,,
9588,Justin Peters,Unsigned,,,,,,
9589,Trade ARI/DAL 2/1/2017,Trade,,,,,,
9590,Richard Bachman,Unsigned,,,,,,
9591,Michael Leighton,Unsigned,,,,,,
9592,Trade CHI/BUF 10/4/2005,Trade,,,,,,
9593,Trade CAR/MTL 6/23/2007,Trade,,,,,,
9594,Kristers Gudlevskis,Unsigned,,,,,,
9595,Jorge Alves,Unsigned,,,,,,
9596,Jeremy Smith,Unsigned,,,,,,
9597,Michal Neuvirth,Unsigned,a,,,,,
9598,Jhonas Enroth,Unsigned,a,,,,,
9599,2006 46th Overall,Draft Pick,a,,,,,
9600,Trade VAN/BUF 3/9/2006,Trade,a,,,,,
9601,Trade ANA/TOR 1/11/2017,Trade,a,,,,,
9602,Marek Mazanec,Unsigned,,,,,,
9603,2012 179th Overall,Draft Pick,,,,,,
9604,Trade NYR/NSH 6/25/2011,Trade,,,,,,
9605,Trade VAN/NYR 2/12/2019,Trade,,,,,,
9606,Jeff Zatkoff,Unsigned,,,,,,
9607,Casey Staum,Unsigned,,,,,,
9608,2016 124th Overall,Draft Pick,,,,,,
9609,Colton Point,Unsigned,,,,,,
9610,2016 128th Overall,Draft Pick,,,,,,
9611,Vojtech Budik,Unsigned,,,,,,
9612,2016 130th Overall,Draft Pick,,,,,,
9613,Cameron Clarke,Unsigned,,,,,,
9614,2016 136th Overall,Draft Pick,,,,,,
9615,Cole Candella,Unsigned,,,,,,
9616,2016 140th Overall,Draft Pick,a,,,,,
9617,Trade NYI/FLA 6/27/2015,Trade,a,,,,,
9618,Conner Bleackley,Unsigned,a,,,,,
9619,2016 144th Overall,Draft Pick,a,,,,,
9620,Trade CHI/STL 6/25/2016,Trade,a,,,,,
9621,Carter Bear,DET,a,,,,,
9622,Stanislav Berezhnoy,CHI,a,,,,,
9623,Nicolas Mattinen,Unsigned,,,,,,
9624,2016 170th Overall,Draft Pick,,,,,,
9625,Anthony Salinitri,Unsigned,,,,,,
9626,2016 172nd Overall,Draft Pick,,,,,,
9627,Tyler Wall,Unsigned,,,,,,
9628,2016 174th Overall,Draft Pick,,,,,,
9629,Nick Pastujov,Unsigned,,,,,,
9630,2016 193rd Overall,Draft Pick,,,,,,
9631,Brett McKenzie,Unsigned,,,,,,
9632,2016 194th Overall,Draft Pick,,,,,,
9633,Brayden Chizen,Unsigned,a,,,,,
9634,2016 204th Overall,Draft Pick,,,,,,
9635,Otto Somppi,Unsigned,,,,,,
9636,2016 206th Overall,Draft Pick,,,,,,
9637,Trade TBL/EDM 6/27/2015,Trade,,,,,,
9638,Filip Helt,Unsigned,,,,,,
9639,2016 211th Overall,Draft Pick,,,,,,
9640,Pascal Laberge,Unsigned,,,,,,
9641,2016 36th Overall,Draft Pick,,,,,,
9642,Cameron Morrison,Unsigned,,,,,,
9643,2016 40th Overall,Draft Pick,a,,,,,
9644,Chad Krys,Unsigned,a,,,,,
9645,2016 45th Overall,Draft Pick,a,,,,,
9646,Artur Kayumov,Unsigned,a,,,,,
9647,2016 50th Overall,Draft Pick,a,,,,,
9648,Tyler Parsons,Unsigned,,,,,,
9649,2016 54th Overall,Draft Pick,,,,,,
9650,Matt Filippe,Unsigned,,,,,,
9651,2016 67th Overall,Draft Pick,,,,,,
9652,James Greenway,Unsigned,,,,,,
9653,2016 72nd Overall,Draft Pick,,,,,,
9654,Trade NJD/PIT 6/2/2015,Trade,,,,,,
9655,John Hynes (Coach),Unsigned,,,,,,
9656,Connor Hall,Unsigned,,,,,,
9657,2016 77th Overall,Draft Pick,,,,,,
9658,Luke Green,Unsigned,,,,,,
9659,2016 79th Overall,Draft Pick,,,,,,
9660,Matthew Cairns,Unsigned,,,,,,
9661,2016 84th Overall,Draft Pick,a,,,,,
9662,Linus Nassen,Unsigned,a,,,,,
9663,2016 89th Overall,Draft Pick,a,,,,,
9664,Filip Berglund,Unsigned,,,,,,
9665,2016 91st Overall,Draft Pick,,,,,,
9666,Jack Kopacka,Unsigned,,,,,,
9667,2016 93rd Overall,Draft Pick,,,,,,
9668,Jonathan Ang,Unsigned,,,,,,
9669,2016 94th Overall,Draft Pick,a,,,,,
9670,Anatoly Golyshev,Unsigned,a,,,,,
9671,2016 95th Overall,Draft Pick,a,,,,,
9672,Zachary Bouthillier,Unsigned,,,,,,
9673,2018 209th Overall,Draft Pick,,,,,,
9674,Linus Oberg,Unsigned,,,,,,
9675,2020 206th Overall,Draft Pick,,,,,,
9676,Trade NYR/SJS 10/7/2020,Trade,,,,,,
9677,Alex Friesen,Unsigned,,,,,,
9678,2010 172nd Overall,Draft Pick,,,,,,
9679,Alex Khokhlachev,Unsigned,,,,,,
9680,2011 40th Overall,Draft Pick,,,,,,
9681,Andrew Bodnarchuk,Unsigned,,,,,,
9682,Andrew Campbell,Unsigned,a,,,,,
9683,2008 74th Overall,Draft Pick,,,,,,
9684,Trade BUF/LAK 6/21/2008,Trade,,,,,,
9685,Andrew Miller,Unsigned,,,,,,
9686,Andrey Pedan,Unsigned,,,,,,
9687,2011 63rd Overall,Draft Pick,,,,,,
9688,Trade COL/NYI 6/26/2010,Trade,,,,,,
9689,Brandon Gormley,Unsigned,,,,,,
9690,2010 13th Overall,Draft Pick,,,,,,
9691,Brendan Woods,Unsigned,,,,,,
9692,Brent Regner,Unsigned,,,,,,
9693,2008 137th Overall,Draft Pick,,,,,,
9694,Brett Bulmer,Unsigned,,,,,,
9695,Brian O'Neill,Unsigned,,,,,,
9696,Brody Sutter,Unsigned,,,,,,
9697,Bryan Lerg,Unsigned,,,,,,
9698,Chris Brown,Unsigned,,,,,,
9699,Trade WSH/NYR 2/28/2016,Trade,,,,,,
9700,Chris Summers,Unsigned,,,,,,
9701,2006 29th Overall,Draft Pick,,,,,,
9702,Christian Thomas,Unsigned,,,,,,
9703,Trade NYR/MTL 7/2/2013,Trade,a,,,,,
9704,Trade MTL/ARI 12/15/2015,Trade,a,,,,,
9705,Trade TOR/VAN 7/17/2025,Trade,a,,,,,
9706,Wilmer Skoog,FLA,a,,,,,
9707,Corey Potter,Unsigned,,,,,,
9708,2003 122nd Overall,Draft Pick,,,,,,
9709,Trade NYR/EDM 6/30/2002,Trade,,,,,,
9710,Craig Cunningham,Unsigned,,,,,,
9711,2010 97th Overall,Draft Pick,,,,,,
9712,Darren Dietz,Unsigned,,,,,,
9713,Dave Dziurzynski,Unsigned,,,,,,
9714,Dennis Everberg,Unsigned,,,,,,
9715,Emile Poirier,Unsigned,,,,,,
9716,2013 22nd Overall,Draft Pick,,,,,,
9717,Eric Selleck,Unsigned,,,,,,
9718,Trade FLA/STL 3/2/2014,Trade,,,,,,
9719,Evgeny Medvedev,Unsigned,,,,,,
9720,JC Lipon,Unsigned,,,,,,
9721,2013 91st Overall,Draft Pick,,,,,,
9722,Jeremy Welsh,Unsigned,,,,,,
9723,John McCarthy,Unsigned,,,,,,
9724,2006 202nd Overall,Draft Pick,,,,,,
9725,John McFarland,Unsigned,,,,,,
9726,John Ramage,Unsigned,,,,,,
9728,Joonas Kemppainen,Unsigned,,,,,,
9729,Kael Mouillierat,Unsigned,,,,,,
9730,Kyle Baun,Unsigned,,,,,,
9731,Lucas Lessio,Unsigned,,,,,,
9732,2011 56th Overall,Draft Pick,,,,,,
9733,Marc-Andre Gragnani,Unsigned,,,,,,
9734,2005 85th Overall,Draft Pick,,,,,,
9735,Michael Keranen,Unsigned,,,,,,
9736,Trade OTT/MIN 2/29/2016,Trade,a,,,,,
9737,Michael Kostka,Unsigned,a,,,,,
9738,Trade TBL/FLA 12/2/2011,Trade,a,,,,,
9739,Michael Latta,Unsigned,,,,,,
9740,Trade ARI/NJD 12/14/2017,Trade,,,,,,
9741,Michael Mersch,Unsigned,,,,,,
9742,Michael Paliotta,Unsigned,a,,,,,
9743,2011 70th Overall,Draft Pick,a,,,,,
9744,Michal Jordan,Unsigned,,,,,,
9745,Mike Angelidis,Unsigned,,,,,,
9746,Mike Sislo,Unsigned,a,,,,,
9747,Morgan Ellis,Unsigned,,,,,,
9748,Rich Clune,Unsigned,,,,,,
9749,2005 71st Overall,Draft Pick,,,,,,
9750,Trade LAK/DAL 7/21/2008,Trade,,,,,,
9751,Ronalds Kenins,Unsigned,,,,,,
9752,Sean Collins (1988),Unsigned,,,,,,
9753,Sergei Plotnikov,Unsigned,,,,,,
9754,Trade PIT/ARI 2/29/2016,Trade,,,,,,
9755,Stanislav Galiev,Unsigned,,,,,,
9756,Stuart Percy,Unsigned,,,,,,
9757,2011 25th Overall,Draft Pick,,,,,,
9758,Tyler Randell,Unsigned,,,,,,
9759,Viktor Loov,Unsigned,,,,,,
9760,2012 209th Overall,Draft Pick,,,,,,
9761,Viktor Svedberg,Unsigned,,,,,,
9762,Viktor Tikhonov,Unsigned,,,,,,
9763,2008 28th Overall,Draft Pick,,,,,,
9764,Trade LAK/DAL 2/27/2007,Trade,,,,,,
9765,Trade PHX/ANA 6/20/2008,Trade,,,,,,
9766,Vojtech Mozik,Unsigned,,,,,,
9767,Roman Will,Unsigned,,,,,,
9768,Matthew O'Connor,Unsigned,,,,,,
9769,Ben Scrivens,Unsigned,,,,,,
9770,Anders Lindback,Unsigned,a,,,,,
9771,2008 207th Overall,Draft Pick,a,,,,,
9772,Yann Danis,Unsigned,,,,,,
9773,Joni Ortio,Unsigned,,,,,,
9774,Niklas Treutle,Unsigned,,,,,,
9775,Karri Ramo,Unsigned,,,,,,
9776,2004 191st Overall,Draft Pick,a,,,,,
9777,Trade SJS/PHI 6/22/2003,Trade,a,,,,,
9778,Trade PHI/TBL 6/27/2004,Trade,a,,,,,
9779,Jason Kasdorf,Unsigned,a,,,,,
9780,Trade MTL/TBL 8/16/2010,Trade,a,,,,,
9781,Adam Helewka,Unsigned,,,,,,
9782,2015 106th Overall,Draft Pick,,,,,,
9783,Trade ARI/SJS 6/14/2018,Trade,,,,,,
9784,Brad Morrison,Unsigned,a,,,,,
9785,2015 113th Overall,Draft Pick,,,,,,
9786,Jonne Tammela,Unsigned,,,,,,
9787,2015 118th Overall,Draft Pick,,,,,,
9788,Matthew Bradley (1997),Unsigned,,,,,,
9789,2015 131st Overall,Draft Pick,,,,,,
9790,Veeti Vainio,Unsigned,,,,,,
9791,2015 141st Overall,Draft Pick,,,,,,
9792,Ryan Pilon,Unsigned,,,,,,
9793,2015 147th Overall ,Draft Pick,,,,,,
9794,Kristian Oldham,Unsigned,,,,,,
9795,2015 153rd Overall,Draft Pick,,,,,,
9796,Roy Radke,Unsigned,,,,,,
9797,2015 164th Overall,Draft Pick,,,,,,
9798,David Cotton,Unsigned,,,,,,
9799,2015 169th Overall,Draft Pick,,,,,,
9800,Trade WPG/OTT 6/28/2014,Trade,,,,,,
9801,Garrett Metcalf,Unsigned,,,,,,
9802,2015 179th Overall,Draft Pick,,,,,,
9803,Jake Kupsky,Unsigned,,,,,,
9804,2015 193rd Overall ,Draft Pick,,,,,,
9805,Jack Sadek,Unsigned,,,,,,
9806,2015 204th Overall,Draft Pick,,,,,,
9807,Ryan Bednard,Unsigned,,,,,,
9808,2015 206th Overall,Draft Pick,,,,,,
9809,Miroslav Svoboda,Unsigned,,,,,,
9810,2015 208th Overall,Draft Pick,,,,,,
9811,Ziyat Paigin,Unsigned,a,,,,,
9812,2015 209th Overall,Draft Pick,,,,,,
9813,Tate Olson,Unsigned,,,,,,
9814,2015 210th Overall,Draft Pick,a,,,,,
9815,Trade NYI/TBL 6/28/2014,Trade,a,,,,,
9816,Trade VAN/SJS 6/27/2015,Trade,a,,,,,
9817,Jeremy Roy,Unsigned,a,,,,,
9818,2015 31st Overall,Draft Pick,a,,,,,
9819,Gabriel Gagne,Unsigned,,,,,,
9820,2015 36th Overall,Draft Pick,,,,,,
9821,Ryan Gropp,Unsigned,a,,,,,
9822,2015 41st Overall,Draft Pick,a,,,,,
9823,Matthew Spencer,Unsigned,a,,,,,
9824,2015 44th Overall,Draft Pick,a,,,,,
9825,Trade TBL/BUF 11/24/2019,Trade,a,,,,,
9826,Julius Nattinen,Unsigned,,,,,,
9827,2015 59th Overall,Draft Pick,,,,,,
9828,Jeremy Bracco,Unsigned,,,,,,
9829,2015 61st Overall,Draft Pick,,,,,,
9830,Robin Kovacs,Unsigned,a,,,,,
9831,2015 62nd Overall,Draft Pick,,,,,,
9832,Dennis Yan,Unsigned,,,,,,
9833,2015 64th Overall,Draft Pick,a,,,,,
9834,Martins Dzierkals,Unsigned,a,,,,,
9835,2015 68th Overall,Draft Pick,a,,,,,
9836,Brent Gates,Unsigned,,,,,,
9837,2015 80th Overall,Draft Pick,A,,,,,
9838,Jens Looke,Unsigned,A,,,,,
9839,2015 83rd Overall,Draft Pick,A,,,,,
9840,Deven Sideroff,Unsigned,A,,,,,
9841,2015 84th Overall,Draft Pick,A,,,,,
9842,Mike Robinson,Unsigned,a,,,,,
9843,2015 86th Overall,Draft Pick,a,,,,,
9844,Trade 5/19/2015 DAL/EDM,Trade,a,,,,,
9845,Todd McLellan (Coach),Unsigned,,,,,,
9846,Thomas Schemitsch,Unsigned,,,,,,
9847,2015 88th Overall,Draft Pick,,,,,,
9848,Matej Tomek,PHI,a,,,,,
9849,2015 90th Overall,Draft Pick,,,,,,
9850,Callum Booth,Unsigned,,,,,,
9851,2015 93rd Overall,Draft Pick,,,,,,
9852,Adam Musil,Unsigned,,,,,,
9853,2015 94th Overall,Draft Pick,,,,,,
9854,Parker Foo,Unsigned,,,,,,
9855,2017 144th Overall,Draft Pick,,,,,,
9856,Evan Vierling,Unsigned,,,,,,
9857,2020 127th Overall,Draft Pick,,,,,,
9858,Alex Young,Unsigned,,,,,,
9859,2020 196th Overall,Draft Pick,,,,,,
9860,Peter Harrold,Unsigned,,,,,,
9861,Damien Brunner,Unsigned,,,,,,
9862,Brandon DeFazio,Unsigned,,,,,,
9863,Colin Smith,Unsigned,,,,,,
9864,Justin Hodgman,Unsigned,,,,,,
9865,Petr Straka,Unsigned,a,,,,,
9866,2010 55th Overall,Draft Pick,a,,,,,
9867,Tim Sestito,Unsigned,,,,,,
9868,Luke Adam,Unsigned,,,,,,
9869,Trade CBJ/BUF 12/16/2014,Trade,,,,,,
9870,Brendan Ranford,Unsigned,,,,,,
9871,Trade COL/ARI 3/1/2017,Trade,,,,,,
9872,Ryan Bourque,Unsigned,,,,,,
9873,Jesse Joensuu,Unsigned,,,,,,
9874,2006 60th Overall,Draft Pick,a,,,,,
9875,Jeremy Morin,Unsigned,a,,,,,
9876,2009 45th Overall,Draft Pick,a,,,,,
9877,Trade WSH/MTL 2/26/2008,Trade,a,,,,,
9878,Brandon Kozun,Unsigned,,,,,,
9879,2009 179th Overall,Draft Pick,,,,,,
9880,Trade CHI/LAK 6/21/2008,Trade,,,,,,
9881,Carter Ashton,Unsigned,,,,,,
9882,2009 29th Overall,Draft Pick,,,,,,
9883,Trade TBL/TOR 2/6/2015,Trade,,,,,,
9884,Patrick Bordeleau,Unsigned,,,,,,
9885,2004 114th Overall,Draft Pick,,,,,,
9886,Ryan Hamilton,Unsigned,,,,,,
9887,Trade TOR/MIN 1/21/2009,Trade,,,,,,
9888,Henrik Samuelsson,Unsigned,,,,,,
9889,Trade ARI/EDM 2/1/2017,Trade,,,,,,
9890,Will Acton,Unsigned,,,,,,
9891,Trade VAN/EDM 11/20/2014,Trade,,,,,,
9892,Brett Bellemore,Unsigned,,,,,,
9893,Brian Ferlin,Unsigned,,,,,,
9894,Sean Collins (1983),Unsigned,,,,,,
9895,Matt Fraser,Unsigned,a,,,,,
9896,Justin Shugg,Unsigned,,,,,,
9897,2010 105th Overalll,Draft Pick,,,,,,
9898,Bogdan Yakimov,Unsigned,,,,,,
9899,2013 83rd Overall,Draft Pick,,,,,,
9900,Carl Klingberg,Unsigned,,,,,,
9901,Steven Pinizzotto,Unsigned,,,,,,
9902,Trade EDM/FLA 1/16/2014,Trade,,,,,,
9903,Eric O'Dell,Unsigned,,,,,,
9904,2008 39th Overall,Draft Pick,a,,,,,
9905,Trade ANA/ATL 3/4/2009,Trade,a,,,,,
9906,Garrett Wilson,Unsigned,a,,,,,
9907,2009 107th Overall,Draft Pick,a,,,,,
9908,Trade CBJ/CGY 3/4/2009,Trade,a,,,,,
9909,Julien Brouillette,Unsigned,,,,,,
9910,Jason Akeson,Unsigned,,,,,,
9911,Travis Morin,Unsigned,,,,,,
9912,2004 263rd Overall,Draft Pick,,,,,,
9913,Trade WSH/OTT 6/20/2003,Trade,,,,,,
9914,Trade WSH/OTT 10/5/2003,Trade,,,,,,
9915,Dominik Uher,Unsigned,,,,,,
9916,Joey Hishon,Unsigned,,,,,,
9917,Oliver Lauridsen,Unsigned,,,,,,
9918,2009 196th Overall,Draft Pick,,,,,,
9919,Trade PHI/ANA 6/21/2008,Trade,,,,,,
9920,Jerry D'Amigo,Unsigned,,,,,,
9921,Matt Lindblad,Unsigned,,,,,,
9922,Dylan Reese,Unsigned,,,,,,
9923,Trade CBJ/NYI 3/1/2010,Trade,,,,,,
9924,Conor Allen,Unsigned,,,,,,
9925,Trade NSH/OTT 1/14/2016,Trade,,,,,,
9926,Danny Biega,Unsigned,,,,,,
9927,Joe Piskula,Unsigned,,,,,,
9928,James Sheppard,Unsigned,,,,,,
9929,Raman Hrabarenka,Unsigned,,,,,,
9930,David Musil,Unsigned,,,,,,
9931,Andrew MacWilliam,Unsigned,,,,,,
9932,David Wolf,Unsigned,,,,,,
9933,Brett Sutter,Unsigned,,,,,,
9934,Zach Boychuk,Unsigned,,,,,,
9935,Alexandre Bolduc,Unsigned,,,,,,
9936,Aaron Volpatti,Unsigned,,,,,,
9937,Jonathon Blum,Unsigned,,,,,,
9938,2007 23rd Overall,Draft Pick,,,,,,
9939,Bobby Robins,Unsigned,,,,,,
9940,Max Reinhart,Unsigned,,,,,,
9941,2010 64th Overall,Draft Pick,,,,,,
9942,David Van Der Gulik,Unsigned,,,,,,
9943,Curtis Hamilton,Unsigned,,,,,,
9944,2010 48th Overall,Draft Pick,,,,,,
9945,Trade NSH/EDM 3/1/2010,Trade,,,,,,
9946,Stu Bickel,Unsigned,,,,,,
9947,Trade ANA/NYR 11/23/2010,Trade,,,,,,
9948,Brendan Shinnimin,Unsigned,,,,,,
9949,Ryan Craig,Unsigned,,,,,,
9950,2002 255th Overall,Draft Pick,,,,,,
9951,Trade CAR/TBL 6/23/2002,Trade,,,,,,
9952,Rasmus Rissanen,Unsigned,,,,,,
9953,Chris Conner,Unsigned,,,,,,
9954,Frederic St-Denis,Unsigned,,,,,,
9955,Eriah Hayes,Unsigned,,,,,,
9956,Chris Mueller,Unsigned,,,,,,
9957,Joe Whitney,Unsigned,,,,,,
9958,Trade WSH/NYR 2/9/2018,Trade,,,,,,
9959,Blair Jones,Unsigned,,,,,,
9960,2005 102nd Overall ,Draft Pick,,,,,,
9961,Evgeni Nabokov,Unsigned,,,,,,
9962,Andrey Makarov,Unsigned,,,,,,
9963,Rob Zepp,Unsigned,,,,,,
9964,2001 110th Overall,Draft Pick,,,,,,
9965,Trade PHI/CAR 6/24/2001,Trade,,,,,,
9966,1999 99th Overall,Draft Pick,,,,,,
9967,Trade VAN/ATL 6/25/1999,Trade,,,,,,
9968,Tom McCollum,Unsigned,,,,,,
9969,Matt Hackett,Unsigned,a,,,,,
9970,2009 77th Overall,Draft Pick,a,,,,,
9971,Jussi Rynnas,Unsigned,,,,,,
9972,Tyler Bunz,Unsigned,,,,,,
9973,Scott Clemmensen,Unsigned,,,,,,
9974,Mackenzie Skapski,Unsigned,,,,,,
9975,Kevin Poulin,Unsigned,,,,,,
9976,John Curry,Unsigned,,,,,,
9977,Alexis Vanier,Unsigned,,,,,,
9978,2014 102nd Overall,Draft Pick,,,,,,
9979,Ryan Mantha,Unsigned,,,,,,
9980,2014 104th Overall,Draft Pick,,,,,,
9981,Zach Nagelvoort,Unsigned,,,,,,
9982,2014 111th Overall,Draft Pick,,,,,,
9983,Brent Moran,Unsigned,,,,,,
9984,2014 115th Overall,Draft Pick,,,,,,
9985,Matthew Berkovitz,Unsigned,,,,,,
9986,2014 123rd Overall,Draft Pick,,,,,,
9987,Jaedon Descheneau,Unsigned,,,,,,
9988,2014 124th Overall,Draft Pick,,,,,,
9989,Nikolas Koberstein,Unsigned,,,,,,
9990,2014 125th Overall,Draft Pick,,,,,,
9991,Tyler Bird,Unsigned,,,,,,
9992,2014 137th Overall,Draft Pick,,,,,,
9993,Luc Snuggerud,Unsigned,,,,,,
9994,2014 141st Overall,Draft Pick,a,,,,,
9995,Tyler Nanne,Unsigned,a,,,,,
9996,2014 142nd Overall,Draft Pick,a,,,,,
9997,Miguel Fidler,Unsigned,,,,,,
9998,2014 143rd Overall,Draft Pick,,,,,,
9999,2014 145th Overall,Draft Pick,,,,,,
10000,Joey Dudek,Unsigned,,,,,,
10001,2014 152nd Overall,Draft Pick,,,,,,
10002,Jake Marchment,Unsigned,,,,,,
10003,2014 157th Overall,Draft Pick,a,,,,,
10004,Adam Ollas Mattson,Unsigned,a,,,,,
10005,2014 175th Overall,Draft Pick,a,,,,,
10006,Ivan Nalimov,Unsigned,a,,,,,
10007,2014 179th Overall,Draft Pick,a,,,,,
10008,Trade NYR/SJS 1/16/2013,Trade,a,,,,,
10009,Hugo Fagerblom,Unsigned,,,,,,
10010,2014 182nd Overall,Draft Pick,,,,,,
10011,Cameron Darcy,Unsigned,,,,,,
10012,2014 185th Overall,Draft Pick,,,,,,
10013,Kelly Summers,Unsigned,,,,,,
10014,2014 189th Overall,Draft Pick,,,,,,
10015,Jared Fiegl,Unsigned,,,,,,
10016,2014 191st Overall,Draft Pick,,,,,,
10017,Lukas Sutter,Unsigned,,,,,,
10018,2014 200th Overall,Draft Pick,,,,,,
10019,Spencer Watson,Unsigned,,,,,,
10020,2014 209th Overall,Draft Pick,,,,,,
10021,Trade CHI/LAK 2/24/2019,Trade,,,,,,
10022,Alexander Kadeykin,Unsigned,,,,,,
10023,2014 201st Overall,Draft Pick,a,,,,,
10024,Eric Cornel,Unsigned,a,,,,,
10025,2014 44th Overall,Draft Pick,a,,,,,
10026,Julius Bergman,Unsigned,,,,,,
10027,2014 46th Overall,Draft Pick,a,,,,,
10028,Vaclav Karabacek,Unsigned,a,,,,,
10029,2014 49th Overall,Draft Pick,a,,,,,
10030,Jack Dougherty,Unsigned,,,,,,
10031,2014 51st Overall,Draft Pick,,,,,,
10032,Noah Rod,Unsigned,,,,,,
10033,2014 53rd Overall,Draft Pick,,,,,,
10034,Hunter Smith,Unsigned,,,,,,
10035,2014 54th Overall,Draft Pick,,,,,,
10036,Alex Lintuniemi,Unsigned,,,,,,
10037,2014 60th Overall,Draft Pick,,,,,,
10038,Alex Schoenborn,Unsigned,,,,,,
10039,2014 72nd Overall,Draft Pick,a,,,,,
10040,Brycen Martin,Unsigned,a,,,,,
10041,2014 74th Overall,Draft Pick,a,,,,,
10042,Matt Iacopelli,Unsigned,,,,,,
10043,2014 83rd Overall,Draft Pick,a,,,,,
10044,Keegan Iverson,Unsigned,a,,,,,
10045,2014 85th Overall,Draft Pick,a,,,,,
10046,Anton Karlsson,Unsigned,a,,,,,
10047,2014 87th Overall,Draft Pick,a,,,,,
10048,Nicholas Magyar,Unsigned,,,,,,
10049,2014 93rd Overall,Draft Pick,,,,,,
10050,Josh Wesley,Unsigned,,,,,,
10051,2014 96th Overall,Draft Pick,,,,,,
10052,James Wright,Unsigned,,,,,,
10053,2008 117th Overall,Draft Pick,,,,,,
10054,Trade SJS/TBL 6/21/2008,Trade,,,,,,
10055,David Broll,Unsigned,,,,,,
10056,2011 152nd Overall,Draft Pick,,,,,,
10057,Trade TOR/EDM 6/26/2010,Trade,,,,,,
10058,Anton Belov,Unsigned,,,,,,
10059,Mike Mottau,Unsigned,,,,,,
10060,Trade NYR/CGY 1/22/2023,Trade,,,,,,
10061,Brandon Mashinter,Unsigned,,,,,,
10062,Trade NYR/CHI 12/6/2013,Trade,,,,,,
10063,Brett Gallant,Unsigned,,,,,,
10064,Pierre-Luc Letourneau-Leblond,Unsigned,,,,,,
10065,Trade NJD/CGY 7/14/2011,Trade,,,,,,
10066,Andy Miele,Unsigned,,,,,,
10067,Cody Kunyk,Unsigned,,,,,,
10068,Ryan Stoa,Unsigned,,,,,,
10069,Tommy Grant,Unsigned,,,,,,
10070,Stefan Legein,Unsigned,,,,,,
10071,Trade PHI/CBJ 10/12/2011,Trade,,,,,,
10072,Ryan Russell,Unsigned,,,,,,
10073,Trade MTL/NYR 5/31/2007,Trade,,,,,,
10074,Ryan Martindale,Unsigned,,,,,,
10075,Ryan Kujawinski,Unsigned,,,,,,
10076,2013 73rd Overall,Draft Pick,,,,,,
10077,Trade CBJ/ARI 2/26/2018,Trade,,,,,,
10078,Robbie Earl,Unsigned,,,,,,
10079,Ray Cullen,Unsigned,,,,,,
10080,Randy Velischek,Unsigned,,,,,,
10081,1980 53rd Overall,Draft Pick,,,,,,
10082,Randy Miller,Unsigned,,,,,,
10083,Trade COL/SJS 7/25/2025,Trade,,,,,,
10084,Randy McKay,Unsigned,,,,,,
10085,Trade NJD/DET 9/9/1991,Trade,,,,,,
10086,Troy Crowder,Unsigned,,,,,,
10087,Randy Gilhen,Unsigned,,,,,,
10088,Trade LAK/NYR 12/23/1991,Trade,,,,,,
10089,Trade TBL/NYR 3/22/1993,Trade,,,,,,
10090,Trade FLA/WIN 11/25/1993,Trade,,,,,,
10091,Stu Barnes,Unsigned,,,,,,
10092,Trade FLA/PIT 11/19/1996,Trade,,,,,,
10093,Trade PIT/BUF 3/11/1999,Trade,,,,,,
10094,Trade BUF/DAL 3/10/2003,Trade,,,,,,
10095,Randy Cunneyworth,Unsigned,,,,,,
10096,Trade PIT/BUF 10/4/1985,Trade,,,,,,
10097,Trade WIN/HFD 12/13/1989,Trade,,,,,,
10098,Trade HFD/CHI 3/11/1994,Trade,,,,,,
10099,Ralph Klassen,Unsigned,,,,,,
10100,Ralph Bowman,Unsigned,,,,,,
10101,PJ Stock,Unsigned,,,,,,
10102,Pit Martin,Unsigned,,,,,,
10103,Trade DET/BOS 12/30/1965,Trade,,,,,,
10104,Trade VAN/CHI 11/4/1977,Trade,,,,,,
10105,Pierre Jarry,Unsigned,,,,,,
10106,Trade NYR/TOR 2/20/1972,Trade,,,,,,
10107,Trade DET/MNS 11/25/1975,Trade,,,,,,
10108,Philippe Paradis,Unsigned,,,,,,
10109,Trade CHI/TBL 4/2/2013,Trade,,,,,,
10110,Philippe Lefebvre,Unsigned,,,,,,
10111,Philippe Boucher,Unsigned,,,,,,
10112,Trade PIT/DAL 11/16/2008,Trade,,,,,,
10113,Phil Watson,Unsigned,,,,,,
10114,Phil Maloney,Unsigned,,,,,,
10115,Trade CHI/NYR 12/21/1958,Trade,,,,,,
10116,Ray Cyr,Unsigned,,,,,,
10117,Phil Goyette,Unsigned,,,,,,
10118,Trade NYR/STL 6/10/1969,Trade,,,,,,
10119,Petr Svoboda (1966),Unsigned,,,,,,
10120,Trade BUF/PHI 4/7/1995,Trade,,,,,,
10121,Trade PHI/TBL 12/28/1998,Trade,,,,,,
10122,1984 5th Overall,Draft Pick,,,,,,
10123,Trade HFD/MTL 12/21/1981,Trade,,,,,,
10124,Petr Svoboda (1980),Unsigned,,,,,,
10125,Pierre Larouche,Unsigned,,,,,,
10126,Trade PIT/MTL 11/29/1977,Trade,,,,,,
10127,Petr Prucha,Unsigned,,,,,,
10128,Petr Kalus,Unsigned,,,,,,
10129,Peter Zezel,Unsigned,,,,,,
10130,Trade STL/PHI 11/28/1998,Trade,,,,,,
10131,Trade TOR/WSH 1/16/1991,Trade,,,,,,
10132,Trade DAL/TOR 8/10/1994,Trade,,,,,,
10133,Trade STL/NJD 2/11/1997,Trade,,,,,,
10134,Trade VAN/NJD 2/5/1998,Trade,,,,,,
10135,Peter Taglianetti,Unsigned,,,,,,
10136,Trade TBL/PIT 6/18/1992,Trade,,,,,,
10137,1983 43rd Overall,Draft Pick,,,,,,
10138,Trade MTL/PIT 9/26/1980,Trade,,,,,,
10139,Trade MTL/WIN 4/28/1983,Trade,,,,,,
10140,Serge Savard (GM),Unsigned,,,,,,
10141,Mike Rowe,Unsigned,,,,,,
10142,1983 58th Overall,Draft Pick,,,,,,
10143,Peter Smrek,Unsigned,,,,,,
10144,Trade STL/NYR 3/5/2001,Trade,,,,,,
10145,Trade NSH/OTT/MIN 6/26/2003,Trade,,,,,,
10146,Peter Sidorkiewicz,Unsigned,,,,,,
10147,Trade WSH/HFD 3/11/1985,Trade,,,,,,
10148,1981 91st Overall,Draft Pick,,,,,,
10149,Trade WSH/PIT 1/2/1981,Trade,,,,,,
10150,Peter Schaefer,Unsigned,,,,,,
10151,Peter Mueller,Unsigned,,,,,,
10152,Peter Marsh,Unsigned,,,,,,
10153,Trade WIN/CHI 12/1/1980,Trade,,,,,,
10154,Tim Trimper,Unsigned,,,,,,
10155,Trade WIN/MNS 1/12/1984,Trade,,,,,,
10156,Peter Lee,Unsigned,,,,,,
10157,1976 12th Overall,Draft Pick,a,,,,,
10158,Petr Buzek,Unsigned,a,,,,,
10159,Peter Bondra,Unsigned,,,,,,
10160,Pete Stemkowski,Unsigned,,,,,,
10161,Trade DET/NYR 10/31/1970,Trade,,,,,,
10162,Trade NYR/LAK 8/31/1977,Trade,,,,,,
10163,Pete Mahovlich,Unsigned,,,,,,
10164,Trade DET/PIT 8/3/1979,Trade,,,,,,
10165,Trade MTL/DET 6/6/1969,Trade,,,,,,
10166,Pete Horeck,Unsigned,,,,,,
10167,Trade CHI/BOS 8/15/1949,Trade,,,,,,
10168,Pete Babando,Unsigned,,,,,,
10169,Trade MTL/NYR 8/8/1953,Trade,,,,,,
10170,Perry Turnbull,Unsigned,,,,,,
10171,Trade STL/MTL 12/21/1983,Trade,,,,,,
10172,Trade WIN/STL 6/5/1987,Trade,,,,,,
10173,Perry Ganchar,Unsigned,,,,,,
10174,Trade MTL/PIT 12/17/1987,Trade,,,,,,
10175,Pentti Lund,Unsigned,,,,,,
10176,Trade BOS/NYR 2/6/1948,Trade,,,,,,
10177,Ray Manson,Unsigned,,,,,,
10178,Pavel Patera,Unsigned,,,,,,
10179,1998 153rd Overall,Draft Pick,,,,,,
10180,Pavel Brendl,Unsigned,,,,,,
10181,Trade PHX/CAR 12/28/2005,Trade,,,,,,
10182,1999 4th Overall,Draft Pick,,,,,,
10183,Trade CHI/VAN 6/25/1999,Trade,,,,,,
10184,Trade VAN/TBL 6/26/1999,Trade,,,,,,
10185,Petr Sykora (1978),Unsigned,,,,,,
10186,Trade NSH/DET 7/14/1998,Trade,,,,,,
10187,Trade NSH/WSH 6/22/2002,Trade,,,,,,
10188,Paul Ysebaert,Unsigned,,,,,,
10189,Trade NJD/DET 11/27/1990,Trade,,,,,,
10190,Trade CHI/WIN 3/21/1994,Trade,,,,,,
10191,1984 74th Overall,Draft Pick,,,,,,
10192,Trade MTL/CLR 3/10/1981,Trade,,,,,,
10193,Paul Shmyr,Unsigned,,,,,,
10194,Trade CHI/NYR 8/17/1967,Trade,,,,,,
10195,Trade CHI/CGS 10/17/1971,Trade,,,,,,
10196,Paul Ranheim,Unsigned,,,,,,
10197,Trade PHI/CAR 5/31/2000,Trade,,,,,,
10198,1984 38th Overall,Draft Pick,,,,,,
10199,Paul Miller (1959),Unsigned,,,,,,
10200,Paul Miller (1964),Unsigned,,,,,,
10201,Paul MacLean,Unsigned,,,,,,
10202,Trade WIN/STL 7/3/1981,Trade,,,,,,
10203,1978 109th Overall,Draft Pick,,,,,,
10204,Scott Campbell,Unsigned,,,,,,
10205,Paul MacDermid,Unsigned,,,,,,
10206,Trade WSH/WIN 3/2/1992,Trade,,,,,,
10207,Trade QUE/WSH 1/20/1993,Trade,,,,,,
10208,Trade WSH/QUE 6/20/1993,Trade,,,,,,
10209,1981 61st Overall,Draft Pick,,,,,,
10210,Trade MTL/HFD 6/5/1980,Trade,,,,,,
10211,Rick Meagher,Unsigned,,,,,,
10212,Trade NJD/STL 8/29/1985,Trade,,,,,,
10213,Trade NJD/HFD 10/15/1982,Trade,,,,,,
10214,Scott Fusco,Unsigned,,,,,,
10215,Reggie Savage,Unsigned,,,,,,
10216,Perry Anderson,Unsigned,,,,,,
10217,Paul Lawless,Unsigned,,,,,,
10218,Trade HFD/PHI 1/22/1988,Trade,,,,,,
10219,Trade VAN/TOR 2/25/1989,Trade,,,,,,
10220,1982 14th Overall,Draft Pick,,,,,,
10221,Michal Pivonka,Unsigned,,,,,,
10222,Pete DeBoer,Unsigned,,,,,,
10223,Pete DeBoer (Coach),Unsigned,,,,,,
10224,Dale Hunter,Unsigned,,,,,,
10225,Trade COL/WSH 3/23/1999,Trade,,,,,,
10226,Paul Henderson,Unsigned,,,,,,
10227,Bengt Gustafsson,Unsigned,,,,,,
10228,Paul Harrison,Unsigned,,,,,,
10229,Trade MNS/TOR 6/14/1978,Trade,,,,,,
10230,Mike Ridley,Unsigned,,,,,,
10231,Trade TOR/WSH 6/28/1994,Trade,a,,,,,
10232,Rob Pearson,Unsigned,a,,,,,
10233,Trade STL/WSH 1/29/1996,Trade,a,,,,,
10234,1989 12th Overall,Draft Pick,a,,,,,
10235,Calle Johansson,Unsigned,a,,,,,
10236,Paul Gardner,Unsigned,,,,,,
10237,Trade TOR/PIT 11/18/1980,Trade,,,,,,
10238,1976 11th Overall,Draft Pick,,,,,,
10239,Dennis Maruk,Unsigned,,,,,,
10240,Paul Marshall,Unsigned,,,,,,
10241,Trade TOR/HFD 10/5/1982,Trade,,,,,,
10241.1,Paul Marshall (1966),Unsigned,,,,,,
10242,Kevin Hatcher,Unsigned,,,,,,
10243,Trade PIT/NYR 9/30/1999,Trade,,,,,,
10244,Trade DAL/WSH 1/18/1995,Trade,,,,,,
10245,Rick Mrozik,Unsigned,,,,,,
10246,1993 136th Overall,Draft Pick,,,,,,
10247,Trade MNS/HFD 6/15/1992,Trade,,,,,,
10248,Dave Christian,Unsigned,,,,,,
10249,Trade BOS/WSH 12/13/1989,Trade,,,,,,
10250,Trade BOS/STL 7/30/1991,Trade,,,,,,
10251,Peter Popovic,Unsigned,,,,,,
10252,Trade MTL/NSH 6/26/1998,Trade,,,,,,
10253,Trade MTL/NYR 6/30/1998,Trade,,,,,,
10254,1988 93rd Overall,Draft Pick,,,,,,
10255,Kelly Miller,Unsigned,,,,,,
10256,Mike Green (1979),Unsigned,,,,,,
10257,Sylvain Blouin,Unsigned,,,,,,
10258,Trade MTL/MIN 10/31/2002,Trade,,,,,,
10259,Trade MTL/VAN 3/9/2004,Trade,,,,,,
10260,Craig Laughlin,Unsigned,,,,,,
10261,Trade WSH/LAK 2/9/1988,Trade,,,,,,
10262,Sebastien Bordeleau,Unsigned,,,,,,
10263,Trade PHX/MIN 1/3/2002,Trade,,,,,,
10264,Bobby Gould,Unsigned,,,,,,
10265,Trade BOS/WSH 9/28/1989,Trade,,,,,,
10266,Rene Vydareny,Unsigned,,,,,,
10267,Guy Charron,Unsigned,,,,,,
10268,Trade CLR/WSH 8/31/1976,Trade,,,,,,
10269,Trade DET/KCS 12/14/1974,Trade,,,,,,
10270,Trade DET/MTL 1/13/1971,Trade,,,,,,
10271,Sylvain Cote,Unsigned,,,,,,
10272,Trade HFD/WSH 9/8/1991,Trade,,,,,,
10273,Trade WSH/TOR 3/24/1998,Trade,,,,,,
10274,Trade CHI/TOR 10/8/1999,Trade,,,,,,
10275,Trade CHI/DAL 2/8/2000,Trade,,,,,,
10276,1984 11th Overall,Draft Pick,,,,,,
10277,Ted Snell,Unsigned,,,,,,
10278,Alan Haworth,Unsigned,,,,,,
10279,Trade WSH/BUF 6/9/1982,Trade,,,,,,
10280,Paul Fenton,Unsigned,,,,,,
10281,Trade WIN/LAK 11/25/1988,Trade,,,,,,
10282,Trade TOR/WSH 1/24/1991,Trade,,,,,,
10283,Trade WSH/CGY 1/24/1991,Trade,,,,,,
10284,Trade CGY/HFD 8/26/1991,Trade,,,,,,
10285,Trade SJS/HFD 8/26/1991,Trade,,,,,,
10286,PJ Fenton,Unsigned,,,,,,
10287,Gaetan Duchesne,Unsigned,,,,,,
10288,Trade QUE/MNS 6/19/1989,Trade,,,,,,
10289,Trade DAL/SJS 6/20/1993,Trade,,,,,,
10290,Trade SJS/FLA 4/7/1995,Trade,,,,,,
10291,Paul Curtis,Unsigned,,,,,,
10292,Trade BUF/STL 6/14/1973,Trade,,,,,,
10293,Trade LAK/STL 1/22/1973,Trade,,,,,,
10294,Bob Sirois,Unsigned,,,,,,
10295,Trade PHI/WSH 12/15/1975,Trade,,,,,,
10296,Paul Comrie,Unsigned,,,,,,
10297,Al Iafrate,Unsigned,,,,,,
10298,Trade BOS/SJS 6/21/1996,Trade,,,,,,
10299,Patrik Stefan,Unsigned,,,,,,
10300,1999 1st Overall,Draft Pick,,,,,,
10301,Andrei Nikolishin,Unsigned,,,,,,
10302,Trade CHI/COL 6/21/2003,Trade,,,,,,
10303,Trade CHI/WSH 11/1/2002,Trade,,,,,,
10304,Trade HFD/WSH 11/9/1996,Trade,,,,,,
10305,1992 47th Overall,Draft Pick,,,,,,
10306,Greg Adams (1960),Unsigned,,,,,,
10307,Trade HFD/WSH 10/3/1983,Trade,,,,,,
10308,Greg Adams (1963),Unsigned,,,,,,
10309,Trade NJD/VAN 9/15/1987,Trade,,,,,,
10310,Torrie Robertson,Unsigned,,,,,,
10311,Trade HFD/DET 3/7/1989,Trade,,,,,,
10312,1980 55th Overall,Draft Pick,,,,,,
10313,Trade CGY/TOR 6/10/1980,Trade,,,,,,
10314,Chris Simon,Unsigned,,,,,,
10315,Trade MIN/NYI 2/26/2008,Trade,,,,,,
10316,Trade CGY/NYR 3/6/2004,Trade,,,,,,
10317,Patrik Sundstrom,Unsigned,,,,,,
10318,Gerry Meehan,Unsigned,,,,,,
10319,Trade ATF/WSH 1/22/1976,Trade,,,,,,
10320,Trade VAN/ATF 3/9/1975,Trade,,,,,,
10321,Trade BUF/VAN 10/14/1974,Trade,,,,,,
10322,Trade TOR/PHI 3/2/1969,Trade,,,,,,
10323,Patrick White (1989),Unsigned,,,,,,
10324,Darren Veitch,Unsigned,,,,,,
10325,Trade WSH/DET 3/10/1986,Trade,,,,,,
10326,Trade TOR/DET 6/10/1988,Trade,,,,,,
10327,Trade STL/TOR 3/5/1991,Trade,,,,,,
10328,Patrick Mullen,Unsigned,,,,,,
10329,Trade VAN/OTT 3/4/2014,Trade,,,,,,
10330,Michael Nylander,Unsigned,,,,,,
10331,1991 59th Overall,Draft Pick,,,,,,
10332,Trade NYR/HFD 7/7/1990,Trade,,,,,,
10333,Trade CHI/TBL 11/12/1999,Trade,,,,,,
10334,Trade BOS/WSH 3/4/2004,Trade,,,,,,
10335,Reid Simpson,Unsigned,,,,,,
10336,1989 72nd Overall,Draft Pick,,,,,,
10337,Trade STL/PHI 3/8/1988,Trade,,,,,,
10338,Trade NJD/DAL 3/21/1994,Trade,,,,,,
10339,Trade CHI/NJD 1/8/1998,Trade,,,,,,
10340,Keith Jones,Unsigned,,,,,,
10341,Trade COL/PHI 11/12/1998,Trade,,,,,,
10342,Shjon Podein,Unsigned,,,,,,
10343,Trade COL/STL 2/10/2002,Trade,,,,,,
10344,Chris Clark,Unsigned,,,,,,
10345,1994 77th Overall,Draft Pick,,,,,,
10346,Trade WSH/CGY 8/4/2005,Trade,,,,,,
10347,Roy Mitchell,Unsigned,,,,,,
10348,John Druce,Unsigned,,,,,,
10349,Trade WSH/WIN 10/1/1992,Trade,,,,,,
10350,Patrick McNally,Unsigned,,,,,,
10351,Glen Currie,Unsigned,,,,,,
10352,Trade LAK/WSH 9/9/1985,Trade,,,,,,
10353,Patrick Lalime,Unsigned,,,,,,
10354,Trade OTT/STL 6/27/2004,Trade,,,,,,
10355,Tom Rowe,Unsigned,,,,,,
10356,Trade WSH/HFD 1/17/1980,Trade,,,,,,
10357,Doug Jarvis,Unsigned,,,,,,
10358,Trade TOR/MTL 6/26/1975,Trade,,,,,,
10359,Trade WSH/HFD 12/6/1985,Trade,,,,,,
10360,Patrick Ehelechner,Unsigned,,,,,,
10361,2003 139th Overall,Draft Pick,,,,,,
10362,Trade PIT/SJS 2/9/2003,Trade,,,,,,
10363,Rolf Edberg,Unsigned,,,,,,
10364,Shawn Heins,Unsigned,,,,,,
10365,Matt Pettinger,Unsigned,,,,,,
10366,2000 43rd Overall,Draft Pick,,,,,,
10367,Trade WSH/CGY 6/24/2000,Trade,,,,,,
10368,Patrice Tardif,Unsigned,,,,,,
10369,Yvon Labre,Unsigned,,,,,,
10370,Pat Stapleton,Unsigned,,,,,,
10371,Hartland Monahan,Unsigned,,,,,,
10372,Trade CGS/NYR 9/23/1974,Trade,,,,,,
10373,Pat Ribble,Unsigned,,,,,,
10374,Trade ATF/CHI 3/13/1979,Trade,,,,,,
10375,Trade CHI/TOR 1/10/1980,Trade,,,,,,
10376,Trade TOR/WSH 2/16/1980,Trade,,,,,,
10377,1974 58th Overall,Draft Pick,,,,,,
10378,Trade ATF/NYI 10/1/1973,Trade,,,,,,
10379,Julius Irving,Unsigned,,,,,,
10380,Chris Valentine,Unsigned,,,,,,
10381,Lou Franceschetti,Unsigned,,,,,,
10382,Trade WSH/TOR 6/29/1989,Trade,,,,,,
10383,Trade TOR/BUF 12/17/1990,Trade,,,,,,
10384,Tom Lysiak,Unsigned,,,,,,
10385,1973 2nd Overall,Draft Pick,,,,,,
10386,Trade MTL/ATF 5/15/1973,Trade,,,,,,
10387,Ron Lalonde,Unsigned,,,,,,
10388,Trade PIT/WSH 12/14/1974,Trade,,,,,,
10389,Jan Bulis,Unsigned,,,,,,
10390,Brendan Witt,Unsigned,,,,,,
10391,1993 11th Overall,Draft Pick,,,,,,
10392,Greg Theberge,Unsigned,,,,,,
10393,Jack Lynch,Unsigned,,,,,,
10394,Trade WSH/DET 2/8/1975,Trade,,,,,,
10395,Phil Russell,Unsigned,,,,,,
10396,Trade NJD/CGY 6/20/1983,Trade,,,,,,
10397,Trade NJD/BUF 3/11/1986,Trade,,,,,,
10398,Joe Reekie,Unsigned,,,,,,
10399,Trade NYI/BUF 6/17/1989,Trade,,,,,,
10400,Trade CHI/WSH 1/16/2002,Trade,,,,,,
10401,Steve Tambellini,Unsigned,,,,,,
10402,Trade NYI/CLR 3/10/1981,Trade,,,,,,
10403,Alan May,Unsigned,,,,,,
10404,Trade BOS/EDM 3/2/1988,Trade,,,,,,
10405,Trade EDM/LAK 3/7/1989,Trade,,,,,,
10406,Trade WSH/LAK 6/17/1989,Trade,,,,,,
10407,Trade WSH/DAL 3/21/1994,Trade,,,,,,
10408,Trade CGY/DAL 4/7/1995,Trade,,,,,,
10409,Pat Price,Unsigned,,,,,,
10410,Trade PIT/EDM 3/10/1981,Trade,,,,,,
10411,Trade EDM/PIT 10/4/1985,Trade,,,,,,
10412,Trade QUE/NYR 3/5/1987,Trade,,,,,,
10413,Pat McReavy,Unsigned,,,,,,
10414,Pat Jablonski,Unsigned,,,,,,
10415,Trade STL/TBL 6/19/1992,Trade,,,,,,
10416,Trade MTL/PHX 3/18/1997,Trade,,,,,,
10417,Pat Peake,Unsigned,,,,,,
10418,Paul Mulvey,Unsigned,,,,,,
10419,Trade WSH/PIT 9/4/1981,Trade,,,,,,
10420,Trade LAK/EDM 6/22/1982,Trade,,,,,,
10421,Steve Tuttle,Unsigned,,,,,,
10422,Trade QUE/TBL 2/12/1993,Trade,,,,,,
10423,J Bob Kelly,Unsigned,,,,,,
10424,Trade WSH/PHI 8/21/1980,Trade,,,,,,
10425,Steve Cheredaryk,Unsigned,,,,,,
10426,Rob Robinson,Unsigned,,,,,,
10427,Pat Hughes,Unsigned,,,,,,
10428,Trade MTL/PIT 8/30/1979,Trade,,,,,,
10429,Trade HFD/STL 3/10/1987,Trade,,,,,,
10430,Tony White,Unsigned,,,,,,
10431,Wes Jarvis,Unsigned,,,,,,
10432,Trade WSH/MNS 8/4/1982,Trade,,,,,,
10433,Rollie Boutin,Unsigned,,,,,,
10434,Robbie Moore,Unsigned,,,,,,
10435,Matthew Schaefer,NYI,a,,,,,
10436,Mark Lofthouse,Unsigned,,,,,,
10437,Trade WSH/DET 7/23/1981,Trade,,,,,,
10438,Rob Holland,Unsigned,,,,,,
10439,1977 64th Overall,Draft Pick,,,,,,
10440,Pat Hickey,Unsigned,,,,,,
10441,Trade TOR/NYR 10/16/1981,Trade,,,,,,
10442,Trade QUE/NYR 12/30/1981,Trade,,,,,,
10443,Jean Pronovost,Unsigned,,,,,,
10444,Trade BOS/PIT 5/21/1968,Trade,,,,,,
10445,Robbie Ftorek,Trade,,,,,,
10446,Pat Elynuik,Unsigned,,,,,,
10447,Pat Egan,Unsigned,,,,,,
10448,Trade BOS/NYR 10/7/1949,Trade,,,,,,
10449,Nelson Pyatt,Unsigned,,,,,,
10450,1973 39th Overall,Draft Pick,,,,,,
10451,Trade PIT/DET 2/25/1973,Trade,,,,,,
10452,Trade WSH/DET 2/28/1975,Trade,,,,,,
10453,Pat Conacher,Unsigned,,,,,,
10454,Trade CGY/LAK 2/10/1996,Trade,,,,,,
10455,Bryan Erickson,Unsigned,,,,,,
10456,Trade WSH/LAK 10/31/1985,Trade,,,,,,
10457,Trade LAK/PIT 2/5/1988,Trade,,,,,,
10458,Parker MacDonald,Unsigned,,,,,,
10459,Par Djoos,Unsigned,,,,,,
10460,Owen Nolan,Unsigned,,,,,,
10461,Oskar Osala,Unsigned,,,,,,
10462,Orland Kurtenbach,Unsigned,,,,,,
10463,Orest Kindrachuk,Unsigned,,,,,,
10464,Ole-Kristian Tollefsen,Unsigned,,,,,,
10465,Trade BOS/DET 5/31/1965,Trade,,,,,,
10466,Brian Willsie,Unsigned,,,,,,
10467,1996 146th Overall,Draft Pick,,,,,,
10468,Trade COL/LAK 12/28/1995,Trade,,,,,,
10469,Ron Harris,Unsigned,,,,,,
10470,Trade DET/CGS 5/27/1968,Trade,,,,,,
10471,Trade ATF/NYR 11/28/1972,Trade,,,,,,
10472,Bill Riley,Unsigned,,,,,,
10473,Normie Smith,Unsigned,,,,,,
10474,Trade OTS/MTM 9/20/1934,Trade,,,,,,
10475,Trade DET/STE 10/22/1934,Trade,,,,,,
10476,Mark Tinordi,Unsigned,,,,,,
10477,Trade MNS/NYR 10/11/1988,Trade,,,,,,
10478,Vern Ayres,Unsigned,,,,,,
10479,Brian Pothier,Unsigned,,,,,,
10480,Rick Bennett,Unsigned,,,,,,
10481,Blair Stewart,Unsigned,,,,,,
10482,Trade WSH/DET 3/9/1975,Trade,,,,,,
10483,Paul Jerrard,Unsigned,,,,,,
10484,Timo Blomqvist,Unsigned,,,,,,
10485,Norm Ullman,HOF,,,,,,
10486,Gord Lane,Unsigned,,,,,,
10487,Trade NYI/WSH 12/7/1979,Trade,,,,,,
10488,Norm Gratton,Unsigned,,,,,,
10489,Trade ATF/BUF 2/14/1973,Trade,,,,,,
10490,James Black,Unsigned,,,,,,
10491,Trade BUF/DAL 12/15/1993,Trade,,,,,,
10492,Trade CHI/WSH 10/15/1998,Trade,,,,,,
10493,Norm Corcoran,Unsigned,,,,,,
10494,Trade CHI/DET 1/17/1956,Trade,,,,,,
10495,Trade TOR/MTL 6/1/1961,Trade,,,,,,
10496,Ben Clymer,Unsigned,,,,,,
10497,Mike Grier,Unsigned,,,,,,
10498,Trade BUF/WSH 3/9/2004,Trade,,,,,,
10499,Norm Beaudin,Unsigned,,,,,,
10500,Trade STL/NYR 6/27/1969,Trade,,,,,,
10501,Trade STL/NYR 5/13/1969,Trade,,,,,,
10502,Rick Bragnalo,Unsigned,,,,,,
10503,Mike Marson,Unsigned,,,,,,
10504,Trade LAK/WSH 6/11/1979,Trade,,,,,,
10505,Steve Clippingdale,Unsigned,,,,,,
10506,1976 21st Overall,Draft Pick,,,,,,
10507,Trade MNS/LAK 8/15/1975,Trade,,,,,,
10508,Milan Novy,Unsigned,,,,,,
10509,1982 58th Overall,Draft Pick,,,,,,
10510,Bob Girard,Unsigned,,,,,,
10511,Tim Young,Unsigned,,,,,,
10512,Trade WIN/MNS 8/3/1983,Trade,a,,,,,
10513,1975 16th Overall,Draft Pick,a,,,,,
10514,Glen Metropolit,Unsigned,a,,,,,
10515,Tom Ward,Unsigned,,,,,,
10516,Leif Svensson,Unsigned,,,,,,
10517,Norm Dennis,Unsigned,,,,,,
10518,Trade STL/NYR 9/8/1973,Trade,,,,,,
10519,Jeese Nurmi,NYI,a,,,,,
10520,Bill Collins,Unsigned,,,,,,
10521,Trade MTL/MNS 5/22/1970,Trade,,,,,,
10522,Nolan Pratt,Unsigned,,,,,,
10523,1993 115th Overall,Draft Pick,,,,,,
10524,Trade STL/HFD 11/13/1991,Trade,,,,,,
10525,Trade COL/TBL 6/24/2001,Trade,,,,,,
10526,Trade CAR/TBL 12/27/2001,Trade,,,,,,
10527,Gianni Fairbrother,Unsigned,,,,,,
10528,Jamie Heward,Unsigned,,,,,,
10529,Trade TOR/TBL 3/4/2009,Trade,,,,,,
10530,Richard Petiot,Unsigned,,,,,,
10531,Al Hangsleben,Unsigned,,,,,,
10532,1973 56th Overall,Draft Pick,,,,,,
10533,Peter Andersson,Unsigned,,,,,,
10534,Trade WSH/QUE 3/10/1986,Trade,,,,,,
10535,Olaf Kolzig,Unsigned,,,,,,
10536,Noel Price,Unsigned,,,,,,
10537,Trade TOR/NYR 10/3/1959,Trade,,,,,,
10538,Trade NYR/DET 2/6/1962,Trade,,,,,,
10539,Trade DET/NYR 10/8/1962,Trade,,,,,,
10540,Trade MTL/NYR 6/8/1965,Trade,,,,,,
10541,Trade MTL/ATF 8/10/1972,Trade,,,,,,
10542,Bob Rouse,Unsigned,,,,,,
10543,Dennis Ververgaert,Unsigned,,,,,,
10544,Trade VAN/PHI 12/29/1978,Trade,,,,,,
10545,Pete Goegan,Unsigned,,,,,,
10546,Noah Welch,Unsigned,,,,,,
10547,Trade PIT/FLA 2/27/2007,Trade,,,,,,
10548,Yvon Corriveau,Unsigned,,,,,,
10549,Trade WSH/HFD 3/5/1990,Trade,,,,,,
10550,Trade HFD/WSH 6/15/1992,Trade,,,,,,
10551,Trade SJS/HFD 10/9/1992,Trade,,,,,,
10552,Nils Ekman,Unsigned,,,,,,
10553,1994 107th Overall,Draft Pick,,,,,,
10554,Trade CGY/TBL 6/29/1994,Trade,,,,,,
10555,Trade TBL/NYR 6/30/2001,Trade,,,,,,
10556,Trade SJS/NYR 8/12/2003,Trade,,,,,,
10557,Garry Galley,Unsigned,,,,,,
10558,1983 100th Overall,Draft Pick,,,,,,
10559,Trade EDM/LAK 8/10/1981,Trade,,,,,,
10660,Trade LAK/WSH 2/14/1987,Trade,,,,,,
10661,Tim Taylor,Unsigned,,,,,,
10662,Trade WSH/VAN 1/29/1993,Trade,,,,,,
10663,Gord Smith,Unsigned,,,,,,
10664,Nikolai Zherdev,Unsigned,,,,,,
10665,Kirill Slepets,TOR,a,,,,,
10666,Cruz Lucius,PIT,a,,,,,
10667,Alex Gagne,COL,a,,,,,
10668,William Whitelaw,CBJ,a,,,,,
10669,Kodie Curran,Unsigned,a,,,,,
10670,Mikhail Abramov,STL,a,,,,,
10671,Brady Martin,NSH,a,,,,,
10672,Matthew Mania,Unsigned,,,,,,
10673,Luca Marrelli,CBJ,a,,,,,
10674,2024 86th Overall,Draft Pick,a,,,,,
10675,2013 54th Overall,Draft Pick,a,,,,,
10676,Philippe Desrosiers,Unsigned,,,,,,
10677,Jordan Maletta,Unsigned,a,,,,,
10678,Chet Pickard,Unsigned,a,,,,,
10679,2008 18th Overall,Draft Pick,,,,,,
10680,Francis Perron,Unsigned,a,,,,,
10681,Nick Ross,Unsigned,x,,,,,
10682,2007 30th Overall,Draft Pick,,,,,,
10683,Allan Rourke,Unsigned,,,,,,
10684,Trade TOR/CAR 5/29/2003,Trade,a,,,,,
10686,2008 73rd Overall,Draft Pick,a,,,,,
10685,Kirill Petrov,Unsigned,a,,,,,
10687,Geoff Sanderson,Unsigned,,,,,,
10688,Trade CBJ/BUF 6/23/2000,Trade,,,,,,
10689,Trade CBJ/VAN 3/9/2004,Trade,,,,,,
10690,Cameron Abney,Unsigned,,,,,,
10691,2009 82nd Overall,Draft Pick,,,,,,
10692,Vlastimil Kroupa,Unsigned,,,,,,
10693,1993 45th Overall,Draft Pick,,,,,,
10694,Trade TOR/HFD 11/24/1992,Trade,,,,,,
10695,Trade SJS/NJD 8/22/1997,Trade,,,,,,
10696,Jason Podollan,Unsigned,,,,,,
10697,1994 31st Overall,Draft Pick,,,,,,
10698,Trade TOR/FLA 3/18/1997,Trade,,,,,,
10699,Doug Lynch,Unsigned,,,,,,
10700,2001 43rd Overall,Draft Pick,,,,,,
10701,Jeff Woywitka,Unsigned,,,,,,
10702,2001 27th Overall,Draft Pick,a,,,,,
10703,Marc-Olivier Roy (1),Unsigned,a,,,,,
10704,2009 133rd Overall,Draft Pick,a,,,,,
10705,Joel Gistedt,Unsigned,,,,,,
10706,2007 36th Overall,Draft Pick,a,,,,,
10707,Cody Donaghey,Unsigned,a,,,,,
10708,Brian Holzinger,Unsigned,a,,,,,
10709,Trade TBL/PIT 3/11/2003,Trade,,,,,,
10710,1991 124th Overall,Draft Pick,,,,,,
10711,Trade CBJ/PIT 3/9/2004,Trade,,,,,,
10712,Alexander Kharitonov,Unsigned,a,,,,,
10713,2000 81st Overall,Draft Pick,a,,,,,
10714,Chris Gratton,Unsigned,a,,,,,
10715,Josh Dickinson,Unsigned,a,,,,,
10716,Dru Krebs,Unsigned,a,,,,,
10717,2021 76th Overall,Draft Pick,a,,,,,
10718,Adam Deadmarsh,Unsigned,a,,,,,
10719,1993 14th Overall,Draft Pick,a,,,,,
10720,Aaron Miller,Unsigned,a,,,,,
10721,1989 88th Overall,Draft Pick,a,,,,,
10722,Trade WIN/NYR 12/16/1987,Trade,a,,,,,
10723,Trade NYR/QUE 1/17/1991,Trade,a,,,,,
10724,Matthew Finn,Unsigned,,,,,,
10725,Jamie Devane,Unsigned,,,,,,
10726,Aaron Luchuk,Unsigned,a,,,,,
10727,Kyle Wood,Unsigned,,,,,,
10728,Trade CAR/DET 12/12/2019,Trade,a,,,,,
10729,Dylan Sadowy,Unsigned,a,,,,,
10730,Angelo Esposito,Unsigned,,,,,,
10731,Trade FLA/DAL 1/13/2012,Trade,,,,,,
10732,Daultan Leveille,Unsigned,,,,,,
10733,2008 29th Overall,Draft Pick,a,,,,,
10734,Trade MTL/WPG 9/20/2012,Trade,a,,,,,
10735,Corey Fienhage,Unsigned,a,,,,,
10736,2008 81st Overall,Draft Pick,a,,,,,
10737,Justin Jokinen,Unsigned,a,,,,,
10738,2008 101st Overall,Draft Pick,a,,,,,
10739,Daniil Prokhorov,NYI,a,,,,,
10740,Frantisek Kucera,Unsigned,,,,,,
10741,Trade CBJ/PIT 3/13/2001,Trade,,,,,,
10742,Kris Beech,Unsigned,,,,,,
10743,Trade PIT/NSH 9/9/2005,Trade,,,,,,
10744,Michal Sivek,Unsigned,,,,,,
10745,1999 29th Overall,Draft Pick,a,,,,,
10746,Trade WSH/TBL 6/18/1998,Trade,a,,,,,
10747,Lane MacDermid,Unsigned,a,,,,,
10748,Trade CGY/DAL 11/22/2013,Trade,a,,,,,
10749,2009 112th Overall,Draft Pick,a,,,,,
10750,Trade PHI/BOS 10/13/2018,Trade,a,,,,,
10751,Cody Payne,Unsigned,a,,,,,
10752,Chris Campoli,Unsigned,,,,,,
10753,2004 227th Overall,Draft Pick,,,,,,
10754,Trade PHI/TBL 6/22/2003,Trade,,,,,,
10755,Trade PHI/NYI 1/22/2004,Trade,,,,,,
10756,Mike Comrie,Unsigned,,,,,,
10757,Trade PHX/OTT 1/3/2007,Trade,,,,,,
10758,1999 91st Overall,Draft Pick,,,,,,
10759,Trade EDM/NSH 6/26/1999,Trade,,,,,,
10760,Dean McAmmond,Unsigned,,,,,,
10761,Trade CHI/EDM 2/24/1993,Trade,,,,,,
10762,Trade CHI/PHI 3/13/2001,Trade,,,,,,
10763,Trade CGY/PHI 6/24/2001,Trade,,,,,,
10764,Trade COL/PHI 3/11/2003,Trade,,,,,,
10765,Alexandre R Picard,Unsigned,,,,,,
10766,James Mullin,Unsigned,,,,,,
10767,2010 118th Overall,Draft Pick,,,,,,
10768,Brad Lukowich,Unsigned,,,,,,
10769,Tradfe NYI/DAL 6/1/1996,Trade,,,,,,
10770,Trade NJD/NYI 3/9/2006,Trade,,,,,,
10771,Mike Connolly,Unsigned,,,,,,
10772,Emil Galimov,Unsigned,,,,,,
10773,2013 207th Overall,Draft Pick,,,,,,
10774,Trade ANA/COL 10/8/2011,Trade,,,,,,
10775,Ben Wright,Unsigned,,,,,,
10776,2006 113th Overall,Draft Pick,,,,,,
10777,Will Weber,Unsigned,,,,,,
10778,2007 53rd Overall,Draft Pick,,,,,,
10779,Sondre Olden,Unsigned,,,,,,
10780,2010 79th Overall,Draft Pick,,,,,,
10781,2003 173rd Overall,Draft Pick,,,,,,
10782,Ryan Donally,Unsigned,,,,,,
10783,2003 97th Overall,Draft Pick,,,,,,
10784,Greg Moore,Unsigned,,,,,,
10785,2003 143rd Overall,Draft Pick,a,,,,,
10786,Colin Stuart,Unsigned,a,,,,,
10787,Matthew Deblouw,Unsigned,,,,,,
10788,2012 186th Overall,Draft Pick,a,,,,,
10789,Andrei Podkonicky,Unsigned,a,,,,,
10790,1996 196th Overall,Draft Pick,a,,,,,
10791,Trade STL/FLA 12/17/2000,Trade,a,,,,,
10792,Jean-Luc Grand-Pierre,Unsigned,a,,,,,
10793,Maxim Afinogenov,Unsigned,,,,,,
10794,1997 69th Overall ,Draft Pick,,,,,,
10795,Matthew Barnaby,Unsigned,,,,,,
10796,Trade COL/NYR 3/8/2004,Trade,a,,,,,
10797,Trade PHI/SEA 9/4/2025,Trade,a,,,,,
10798,Jon-Randall Avon,SEA,a,,,,,
10799,Marc Bergevin,Unsigned,,,,,,
10800,Trade NYI/HFD 10/30/1990,Trade,a,,,,,
10801,Trade TBL/PIT 5/12/2003,Trade,a,,,,,
10802,Trade VAN/PIT 3/9/2004,Trade,a,,,,,
10803,Clint Malarchuk,Unsigned,a,,,,,
10804,Grant Ledyard,Unsigned,a,,,,,
10805,Trade BOS/VAN 3/3/1998,Trade,a,,,,,
10806,Trade TBL/DAL 3/13/2001,Trade,a,,,,,
10807,Lasse Pirjeta,Unsigned,a,,,,,
10808,Mathieu Biron,Unsigned,,,,,,
10809,1998 21st Overall,Draft Pick,a,,,,,
10810,Denis Grot,Unsigned,,,,,,
10811,2002 55th Overall,Draft Pick,a,,,,,
10812,Trade WSH/TBL 6/23/2001,Trade,a,,,,,
10813,Maxime Ouellet,Unsigned,,,,,,
10814,1999 22nd Overall (Oullet),Draft Pick,a,,,,,
10815,Trade WSH/VAN 12/2/2005,Trade,a,,,,,
10816,Liam Reddox,Unsigned,,,,,,
10817,2004 112th Overall,Draft Pick,a,,,,,
10818,Daymond Langkow,Unsigned,,,,,,
10819,Mikael Renberg,Unsigned,,,,,,
10820,Trade PHX/TOR 6/22/2001,Trade,a,,,,,
10821,1990 40th Overall,Draft Pick,a,,,,,
10822,Trade PHI/BUF 3/5/1990,Trade,a,,,,,
10823,Jeff Cowan,Unsigned,a,,,,,
10824,Trade SJS/MTL 9/5/2025,Trade,a,,,,,
10825,Gannon Laroque,MTL,a,,,,,
10826,Danny Richmond,Unsigned,a,,,,,
10827,Trade STL/PIT 3/4/2009,Trade,a,,,,,
10828,Trade WSH/COL 2/2/2012,Trade,a,,,,,
10829,Joe Fallon,Unsigned,a,,,,,
10830,2005 167th Overall,Draft Pick,a,,,,,
10831,Daryl Boyle,Unsigned,a,,,,,
10832,Dane Birks,Unsigned,a,,,,,
10833,2013 164th Overll,Draft Pick,a,,,,,
10834,Brandon Fortunato,Unsigned,a,,,,,
10835,Dennis Robertson,Unsigned,,,,,,
10836,2011 173rd Overall,Draft Pick,a,,,,,
10837,Trade ANA/TOR 8/10/2009,Trade,a,,,,,
10838,Trade CHI/CAR 2/29/2016,Trade,a,,,,,
10839,Jake Massie,Unsigned,a,,,,,
10840,David Rundblad,Unsigned,a,,,,,
10841,Ian Schultz,Unsigned,,,,,,
10842,2008 87th Overall,Draft Pick,a,,,,,
10843,Grayson Downing,Unsigned,a,,,,,
10844,Chris Drury,Unsigned,a,,,,,
10845,1994 72nd Overall,Draft Pick,a,,,,,
10846,Brian Boucher,Unsigned,,,,,,
10847,Cole Cassels,Unsigned,,,,,,
10848,2013 85th Overall,Draft Pick,a,,,,,
10849,Raphael Bussieres,Unsigned,,,,,,
10850,2012 46th Overall,Draft Pick,a,,,,,
10851,Mark Fitzpatrick,Unsigned,,,,,,
10852,Trade LAK/NYI 2/22/1989,Trade,a,,,,,
10853,Keegan Kanzig,Unsigned,a,,,,,
10854,Joe Cirella,Unsigned,,,,,,
10855,Trade NJD/QUE 6/17/1989,Trade,a,,,,,
10856,1981 5th Overall,Draft Pick,a,,,,,
10857,Bill Lindsay,Unsigned,,,,,,
10858,Trade CGY/SJS 3/6/2001,Trade,a,,,,,
10859,1991 103rd Overall,Draft Pick,a,,,,,
10860,Paul Boutilier,Unsigned,,,,,,
10861,Trade BOS/NYI 9/6/1986,Trade,a,,,,,
10862,Trade BOS/MNS 3/10/1987,Trade,a,,,,,
10863,Trade MNS/NYR 10/6/1987,Trade,a,,,,,
10864,Leon Gawanke,Unsigned,a,,,,,
10865,Nikita Susuyev,STL,a,,,,,
10866,Justin Carbonneau,STL,a,,,,,
10867,Michael Misa,SJS,a,,,,,
10868,Brett Bennett,Unsigned,a,,,,,
10869,2006 127th Overall ,Draft Pick,a,,,,,
10870,Shane Sims,Unsigned,a,,,,,
10871,2006 126th Overall,Draft Pick,a,,,,,
10872,Trade CHI/BOS 11/6/2005,Trade,a,,,,,
10873,James DeLory,Unsigned,a,,,,,
10874,2006 98th Overall,Draft Pick,a,,,,,
10875,Trade BOS/EDM 8/1/2005,Trade,a,,,,,
10876,Trade NYI/SJS 6/24/2006,Trade,a,,,,,
10877,Zack Phillips,Unsigned,a,,,,,
10878,2011 28th Overall,Draft Pick,a,,,,,
10879,Martin Tuma,Unsigned,a,,,,,
10880,2003 162nd Overall,Draft Pick,a,,,,,
10881,Michael Busto,Unsigned,a,,,,,
10882,Doug Janik,Unsigned,,,,,,
10883,Trade DAL/CHI 10/8/2008,Trade,a,,,,,
10884,Jason Ward,Unsigned,,,,,,
10885,Trade LAK/TBL 2/27/2007,Trade,a,,,,,
10886,John Seymour,Unsigned,,,,,,
10887,2005 226th Overall,Draft Pick,a,,,,,
10888,Guillaume Latendresse,Unsigned,,,,,,
10889,2005 45th Overall,Draft Pick,a,,,,,
10890,Brodie Dupont,Unsigned,,,,,,
10891,2005 66th Overall,Draft Pick,a,,,,,
10892,Trade NYR/NSH 7/2/2011,Trade,a,,,,,
10893,Matt Mangene,Unsigned,a,,,,,
10894,Nick Moutrey,Unsigned,a,,,,,
10895,Janne Juvonen,Unsigned,a,,,,,
10896,2013 203rd Overall,Draft Pick,a,,,,,
10897,Zachary Yuen,Unsigned,a,,,,,
10898,2011 119th Overall,Draft Pick,a,,,,,
10899,Joe Basaraba,Unsigned,a,,,,,
10900,2010 169th Overall,Draft Pick,a,,,,,
10901,Denis Gauthier,Unsigned,,,,,,
10902,Ned Lukacevic,Unsigned,,,,,,
10903,Curtis Douglas,TBL,a,,,,,
10904,Trade PHI/CBJ 9/14/2025,Trade,a,,,,,
10905,Brett Sonne,Unsigned,a,,,,,
10906,2007 85th Overall,Draft Pick,a,,,,,
10907,2008 3rd Overall,Draft Pick,a,,,,,
10908,Keith Tkachuk,Unsigned,a,,,,,
10909,Trade STL/ATL 6/25/2007,Trade,a,,,,,
10910,1990 19th Overall,Draft Pick,a,,,,,
10911,Philip McRae,Unsigned,a,,,,,
10912,2008 33rd Overall,Draft Pick,a,,,,,
10913,John Negrin,Unsigned,,,,,,
10914,2007 70th Overall,Draft Pick,a,,,,,
10915,Trade WPG/CGY 1/30/2012,Trade,a,,,,,
10916,Kyle Platzer,Unsigned,,,,,,
10917,2013 96th Overall,Draft Pick,a,,,,,
10918,Jackson Houck,Unsigned,a,,,,,
10919,2013 94th Overall,Draft Pick,a,,,,,
10920,Aidan Muir,Unsigned,a,,,,,
10921,2013 113th Overall,Draft Pick,a,,,,,
10922,Joe Sova,Unsigned,a,,,,,
10923,Brian Hart,Unsigned,,,,,,
10924,2012 53rd Overall,Draft Pick,a,,,,,
10925,Rasmus Bengtsson,Unsigned,a,,,,,
10926,2011 59th Overall,Draft Pick,a,,,,,
10927,Andrew Sturtz,Unsigned,a,,,,,
10928,Cliff Pu,Unsigned,a,,,,,
10929,Ludvig Rensfeldt,Unsigned,a,,,,,
10930,2010 35th Overall,Draft Pick,a,,,,,
10931,Alexei Lipanov,Unsigned,a,,,,,
10932,Jared Knight,Unsigned,a,,,,,
10933,2010 32nd Overall,Draft Pick,a,,,,,
10934,Trade CHI/MTL 9/12/2008,Trade,a,,,,,
10935,Mattias Backman,Unsigned,a,,,,,
10936,2011 146th Overall,Draft Pick,a,,,,,
10937,Maxim Mayorov,DAL,a,,,,,
10938,2007 94th Overall,Draft Pick,a,,,,,
10939,Austin Smith,Unsigned,a,,,,,
10940,2007 128th Overall,Draft Pick,a,,,,,
10941,Michael Neal,Unsigned,a,,,,,
10942,2007 149th Overall,Draft Pick,a,,,,,
10943,Trade CBJ/BUF 2/27/2007,Trade,a,,,,,
10944,Kim Saarinen,SEA,a,,,,,
10945,2024 88th Overall,Draft Pick,a,,,,,
10946,Fredrik Modin,Unsigned,,,,,,
10947,Trade CBJ/TBL 6/30/2006,Trade,a,,,,,
10948,1994 64th Overall,Draft Pick,a,,,,,
10949,Trade NYI/TOR 6/28/1994,Trade,a,,,,,
10950,Craig Weller,Unsigned,a,,,,,
10951,Byron Bitz,Unsigned,a,,,,,
10952,2003 107th Overall (Bitz),Draft Pick,a,,,,,
10953,Matt Lashoff,Unsigned,a,,,,,
10954,Trade TBL/TOR 8/27/2010,Trade,a,,,,,
10955,Martins Karsums,Unsigned,a,,,,,
10956,2004 64th Overall,Draft Pick,a,,,,,
10957,Dylan Roobroeck,NYR,a,,,,,
10958,2023 178th Overall,Draft Pick,a,,,,,
10959,Edward Pasquale,Unsigned,,,,,,
10960,2009 117th Overall,Draft Pick,a,,,,,
10961,Trade WSH/WPG 6/28/2014,Trade,a,,,,,
10962,Jordan Samuels-Thomas,Unsigned,,,,,,
10963,2009 203rd Overall,Draft Pick,a,,,,,
10964,Peter Delmas,Unsigned,,,,,,
10965,2008 61st Overall,Draft Pick,a,,,,,
10966,Brent Sopel,Unsigned,a,,,,,
10967,Trade NYI/LAK 3/8/2006,Trade,a,,,,,
10968,Trade VAN/NYI 8/3/2005,Trade,a,,,,,
10969,Akim Aliu,Unsigned,a,,,,,
10970,2007 56th Overall,Draft Pick,a,,,,,
10971,Anssi Salmela,Unsigned,,,,,,
10972,Jesper Lindgren,Unsigned,a,,,,,
10973,Matt Taormina,Unsigned,a,,,,,
10974,Trade VAN/CBJ 10/21/2015,Trade,a,,,,,
10975,John Tortorella (Coach),Unsigned,a,,,,,
10976,Kyle Bigos,Unsigned,,,,,,
10977,2009 99th Overall,Draft Pick,a,,,,,
10978,Trade EDM/SJS 7/6/2013,Trade,a,,,,,
10979,Angus Booth,LAK,a,,,,,
10980,Graham Sward,Unsigned,a,,,,,
10981,Mathieu Brodeur,Unsigned,a,,,,,
10982,2008 76th Overall,Draft Pick,a,,,,,
10983,Brendan Bell,Unsigned,,,,,,
10984,Trade CBJ/STL 12/8/2009,Trade,a,,,,,
10985,2001 65th Overall,Draft Pick,a,,,,,
10986,Trade WSH/TBL 1/17/2001,Trade,a,,,,,
10987,Joel Champagne,Unsigned,a,,,,,
10988,2008 129th Overall,Draft Pick,a,,,,,
10989,Jarrod Maidens,Unsigned,a,,,,,
10990,2012 82nd Overall,Draft Pick,a,,,,,
10991,Jordan Frasca,Unsigned,a,,,,,
10992,AJ Jenks,Unsigned,a,,,,,
10993,Jonathan Matsumoto,Unsigned,,,,,,
10994,Trade CAR/PHI 6/26/2010,Trade,a,,,,,
10995,2006 79th Overall,Draft Pick,a,,,,,
10996,Mattias Lindstrom,Unsigned,a,,,,,
10997,Kevin Lynch,Unsigned,a,,,,,
10998,2009 56th Overall,Draft Pick,a,,,,,
10999,Chase Wutzke,MIN,a,,,,,
11000,Gabe Chiarot,VAN,a,,,,,
11001,Riley Patterson,VAN,a,,,,,
11002,Julius Miettinen,SEA,a,,,,,
11003,Kenton Helgesen,Unsigned,a,,,,,
11004,Jim Fahey,Unsigned,a,,,,,
11005,Alexander Korolyuk,Unsigned,s,,,,,
11006,Jay Barriball,Unsigned,a,,,,,
11007,Aaron Palushaj,Unsigned,,,,,,
11008,2007 44th Overall,Draft Pick,a,,,,,
11009,Merrick Madsen,Unsigned,a,,,,,
11010,Wyatte Wylie,Unsigned,a,,,,,
11011,20128 127th Overall,Draft Pick,a,,,,,
11012,Jonathan Parker,Unsigned,a,,,,,
11013,Ryan Howse,Unsigned,a,,,,,
11014,2009 74th Overall,Draft Pick,a,,,,,
11015,Jaxon Fuder,DAL,a,,,,,
11016,Alex Theriau,Unsigned,,,,,,
11017,2010 109th Overall,Draft Pick,a,,,,,
11018,Cam Barker,Unsigned,a,,,,,
11019,Kim Johnsson,Unsigned,,,,,,
11020,Daniel Brodin,Unsigned,a,,,,,
11021,2010 146th Overall,Draft Pick,a,,,,,
11022,Matt Jones,Unsigned,,,,,,
11023,2002 80th Overall,Draft Pick,a,,,,,
11024,Trade MTL/PHX 1/24/2002,Trade,a,,,,,
11025,Kellen Jones,Unsigned,,,,,,
11026,2010 202nd Overall,Draft Pick,a,,,,,
11027,Matt Clackson,Unsigned,,,,,,
11028,Trade WSH/PHX 4/2/2013,Trade,a,,,,,
11029,Marc Cheverie,Unsigned,,,,,,
11030,Trade PHX/FLA 9/8/2011,Trade,a,,,,,
11031,Beau Akey,EDM,a,,,,,
11032,Jagger Firkus,SEA,a,,,,,
11033,Jake Chiasson,OTT,a,,,,,
11034,Brock Beukeboom,Unsigned,,,,,,
11035,2010 63rd Overall,Draft Pick,a,,,,,
11036,Matej Paulovic,Unsigned,a,,,,,
11037,2013 149th Overall,Draft Pick,a,,,,,
11038,Grant Mismash,Unsigned,a,,,,,
11039,Haoxi Wang,SJS,a,,,,,
11040,Brandon Hickey,Unsigned,a,,,,,
11041,Danny Kristo,Unsigned,,,,,,
11043,Ryan Schmelzer,NJD,a,,,,,
11044,Ales Kotalik,Unsigned,a,,,,,
11045,Cole Brady,Unsigned,a,,,,,
11046,Max Ellis,Unsigned,a,,,,,
11047,Derrick Walser,Unsigned,a,,,,,
11048,Trade CBJ/CAR 11/29/2006,Trade,a,,,,,
11049,Cade Fairchild,Unsigned,a,,,,,
11050,2007 96th Overall,Draft Pick,a,,,,,
11051,Anton Babchuk,Unsigned,a,,,,,
11052,Tony Lagerstrom,Unsigned,a,,,,,
11053,2006 76th Overall,Draft Pick,a,,,,,
11054,Gustav Rydahl,Unsigned,a,,,,,
11055,Colten Teubert,Unsigned,,,,,,
11056,2008 12th Overall,Draft Pick,a,,,,,
11057,Marek Viedensky,Unsigned,a,,,,,
11058,2009 189th Overall,Draft Pick,a,,,,,
11059,Kyle Wilson,Unsigned,,,,,,
11060,Jonathan Diaby,Unsigned,a,,,,,
11061,2013 64th Overall,Draft Pick,a,,,,,
11062,Dan Cloutier,Unsigned,,,,,,
11063,Jordan Subban,Unsigned,a,,,,,
11064,Paul Karpowich,Unsigned,,,,,,
11065,2008 185th Overall,Draft Pick,a,,,,,
11066,Trade ANA/LAK 2/26/2008,Trade,a,,,,,
11067,Jacob De Serres,Unsigned,a,,,,,
11068,2008 84th Overall,Draft Pick,a,,,,,
11069,Graham Black,Unsigned,,,,,,
11070,2012 135th Overall,Draft Pick,a,,,,,
11071,Eamon McAdam,Unsigned,,,,,,
11072,2013 70th Overall,Draft Pick,a,,,,,
11073,Nick Ebert,Unsigned,,,,,,
11074,2013 59th Overall,Draft Pick,a,,,,,
11075,Trade UTH/EDM 10/1/2025,Trade,a,,,,,
11076,Jonathan Racine,Unsigned,,,,,,
11077,Trade MTL/FLA 10/8/2016,Trade,a,,,,,
11078,2011 87th Overall,Draft Pick,a,,,,,
11079,Jorian Donovan,OTT,a,,,,,
11080,Oskar Pettersson,OTT,a,,,,,
11081,Sandis Vilmanis,FLA,a,,,,,
11082,Filip Larsson,PIT,a,,,,,
11083,Nate Danielson,DET,a,,,,,
11084,Trade OTT/NJD 10/3/2025,Trade,a,,,,,
11085,Jack Nevins,Unsigned,a,,,,,
11086,Calle Sjalin,Unsigned,a,,,,,
11087,David Quenneville,Unsigned,a,,,,,
11088,Cole Hults,Unsigned,a,,,,,
11089,Brayden Burke,Unsigned,,,,,,
11090,Trade LAK/TBL 5/31/2017,Trade,a,,,,,
11091,Radim Salda,Unsigned,a,,,,,
11092,2018 206th Overall,Draft Pick,a,,,,,
11093,Domenic DiVincentiis,WPG,a,,,,,
11094,Dylan McLaughlin,Unsigned,a,,,,,
11095,Trade SJS/PHI 10/5/2025,Trade,a,,,,,
11096,Artem Guryev,PHI,a,,,,,
11097,Jaroslav Modry,Unsigned,,,,,,
11098,Trade NJD/OTT 7/8/1995,Trade,a,,,,,
11099,Trade PHI/LAK 2/19/2008,Trade,a,,,,,
11100,Johan Fransson,Unsigned,,,,,,
11101,2004 34th Overall,Draft Pick,a,,,,,
11102,Oscar Moller,Unsigned,a,,,,,
11103,2007 52nd Overall,Draft Pick,a,,,,,
11104,Bryan Cameron,Unsigned,a,,,,,
11105,2007 82nd Overall,Draft Pick,a,,,,,
11106,Mattias Norstrom,Unsigned,a,,,,,
11107,Konstantin Pushkarev,Unsigned,a,,,,,
11108,Sergei Korostin,Unsigned,a,,,,,
11109,2007 64th Overall,Draft Pick,a,,,,,
11110,Luke Krys,DAL,a,,,,,
11111,Tij Iginla,UTH,a,,,,,
11112,Niko Huuhtanen,TBL,a,,,,,
11113,Matvei Petrov,EDM,a,,,,,
11114,Connor Ungar,EDM,a,,,,,
11115,Ben Steeves,FLA,a,,,,,
11116,Ryan McAllister,FLA,a,,,,,
11117,Gracyn Sawchyn,FLA,a,,,,,
11118,Hunter St Martin,FLA,a,,,,,
11119,Kai Schwindt,FLA,a,,,,,
11120,Oliver Okuliar,FLA,a,,,,,
11121,Mikulas Hovorka,FLA,a,,,,,
11122,Marek Alscher,FLA,a,,,,,
11123,Evan Nause,FLA,a,,,,,
11124,Cooper Black,FLA,a,,,,,
11125,Aatu Jamsen,LAK,a,,,,,
11126,Jakub Dvorak,LAK,a,,,,,
11127,Caedan Bankier,MIN,a,,,,,
11128,Rasmus Kumpulainen,MIN,a,,,,,
11129,Jack Peart,MIN,a,,,,,
11130,David Spacek,MIN,a,,,,,
11131,Samuel Hlavaj,MIN,a,,,,,
11132,Arvid Henrikson,Unsigned,,,,,,
11133,2016 187th Overall,Draft Pick,a,,,,,
11134,Trade MTL/WPG 6/25/2016,Trade,a,,,,,
11135,Luke Tuch,MTL,a,,,,,
11136,Filip Mesar,MTL,a,,,,,
11137,Florian Xhekaj,MTL,a,,,,,
11138,Jared Davidson,MTL,a,,,,,
11139,Riley Kidney,MTL,a,,,,,
11140,David Reinbacher,MTL,a,,,,,
11141,Mikael Diotte,NJD,a,,,,,
11142,Jakub Malek,NJD,a,,,,,
11143,Matt Maggio,NYI,a,,,,,
11144,Cam Thiesing,NYI,a,,,,,
11145,Alex Jefferies,NYI,a,,,,,
11146,Eetu Liukas,NYI,a,,,,,
11148,Marshall Warren,NYI,a,,,,,
11149,Henrik Tikkanen,NYI,a,,,,,
11150,Jaroslav Chmelar,NYR,a,,,,,
11151,Adam Sykora,NYR,a,,,,,
11152,Lauri Pajuniemi,NYR,a,,,,,
11153,Matthew Andonovski,OTT,a,,,,,
11154,Djibril Toure,OTT,a,,,,,
11155,2023 95th Overall,Draft Pick,a,,,,,
11156,Samu Tuomaala,PHI,a,,,,,
11157,Hunter McDonald,PHI,a,,,,,
11158,Ethan Samson,PHI,a,,,,,
11159,Tristan Broz,PIT,a,,,,,
11160,Tanner Howe,PIT,a,,,,,
11161,Filip Lindberg,PIT,a,,,,,
11162,Berkly Catton,SEA,a,,,,,
11163,Eduard Sale,SEA,a,,,,,
11164,Lleyton Roed,SEA,a,,,,,
11165,Ty Nelson,SEA,a,,,,,
11166,Caden Price,SEA,a,,,,,
11167,Peetro Seppala,SEA,a,,,,,
11168,Simon Robertsson,STL,a,,,,,
11169,2021 71st Overall,Draft Pick,a,,,,,
11170,Trade STL/SJS 7/24/2021,Trade,a,,,,,
11171,Benjamin Gaudreau,SJS,a,,,,,
11172,2021 81st Overall,Draft Pick,a,,,,,
11173,Theo Jacobsson,SJS,a,,,,,
11174,2021 177th Overall,Draft Pick,a,,,,,
11175,Adam Jiricek,STL,a,,,,,
11176,Samuel Johannesson,STL,a,,,,,
11177,Leo Loof,STL,a,,,,,
11178,Michael Buchinger,STL,a,,,,,
11179,Quinton Burns,STL,a,,,,,
11180,Marc-Andre Gaudet,STL,a,,,,,
11181,Milo Roelens,TBL,a,,,,,
11182,Gabriel Szturc,TBL,a,,,,,
11183,Roman Schmidt,TBL,a,,,,,
11184,Maxim Cajkovic,Unsigned,,,,,,
11185,Noah Chadwick,TOR,a,,,,,
11186,Trade NSH/TOR 7/8/2022,Trade,a,,,,,
11187,Juha Jatkola,Unsigned,a,,,,,
11188,2023 121st Overall,Draft Pick,a,,,,,
11189,Miko Matikka,UTH,a,,,,,
11190,Terrell Goldsmith,UTH,a,,,,,
11191,Anson Thornton,UTH,a,,,,,
11192,Danila Klimovich,VAN,a,,,,,
11193,David Honzik,Unsigned,a,,,,,
11194,2011 71st Overall,Draft Pick,a,,,,,
11195,Mario Lucia,Unsigned,,,,,,
11196,2011 60th Overall,Draft Pick,a,,,,,
11197,Joe Fleming,VGK,a,,,,,
11198,Ben Hemmerling,VGK,a,,,,,
11199,Matyas Sapovaliv,VGK,a,,,,,
11200,Ivan Morozov,VGK,a,,,,,
11201,Christoffer Sedoff,VGK,a,,,,,
11202,Viliam Kmec,VGK,a,,,,,
11203,Quentin Miller,MTL,a,,,,,
11204,2023 128th Overall,Draft Pick,a,,,,,
11205,Jesper Vikman,VGK,a,,,,,
11206,2020 125th Overall,Draft Pick,a,,,,,
11207,Trade VGK/DET 10/7/2020,Trade,a,,,,,
11208,Carl Lindbom,VGK,a,,,,,
11209,Eriks Mateiko,WSH,a,,,,,
11210,Ryan Hofer,WSH,a,,,,,
11211,Cam Allen,WSH,a,,,,,
11212,Tobias Geisser,WSH,a,,,,,
11213,Colby Barlow,WPG,A,,,,,
11214,Fabian Wagner,WPG,A,,,,,
11215,Dmitri Kuzmin,CHI,a,,,,,
11216,Ladislav Nagy,Unsigned,,,,,,
11217,Jeff Parker,Unsigned,,,,,,
11218,1982 111th Overall,Draft Pick,a,,,,,
11219,Trade LAK/BUF 8/10/1981,Trade,a,,,,,
11220,Blake Parlett,Unsigned,,,,,,
11221,Trade BOS/CBJ 2/7/2014,Trade,a,,,,,
11222,Andrew O'Brien,Unsigned,,,,,,
11223,2012 108th Overall,Draft Pick,a,,,,,
11224,Trade ANA/NSH 1/20/2017,Trade,a,,,,,
11225,Trade NSH/DAL 2/23/2018,Trade,a,,,,,
11226,Ryan Culkin,Unsigned,a,,,,,
11227,2012 124th Overall,Draft Pick,a,,,,,
11228,Brad Ross,Unsigned,,,,,,
11229,2010 43rd Overall,Draft Pick,a,,,,,
11230,Johan Sundstrom,Unsigned,a,,,,,
11231,2011 50th Overall,Draft Pick,a,,,,,
11232,Mike Commodore,Unsigned,,,,,,
11233,Trade CGY/CAR 7/29/2005,Trade,a,,,,,
11234,Daniil Zharkov,Unsigned,a,,,,,
11235,2012 91st Overall,Draft Pick,a,,,,,
11236,Denis Grebeshkov,Unsigned,,,,,,
11237,Nicolas Deschamps,Unsigned,,,,,,
11238,2008 35th Overall,Draft Pick,a,,,,,
11239,Trade ANA/TOR 1/3/2012,Trade,a,,,,,
11240,Trade TBL/LAK 10/15/2025,Trade,a,,,,,
11241,Eric Fichaud,Unsigned,,,,,,
11242,1994 16th Overall,Draft Pick,a,,,,,
11243,Trade NYI/TOR 4/6/1995,Trade,a,,,,,
11244,Trade 6/18/1998 NYI/EDM,Trade,a,,,,,
11245,Trade CAR/NSH 6/26/1999,Trade,a,,,,,
11246,Ryan Bonni,Unsigned,,,,,,
11247,1997 34th Overall,Draft Pick,a,,,,,
11248,Trade VAN/TOR 6/25/2002,Trade,a,,,,,
11249,Jeff Brown,Unsigned,,,,,,
11250,Trade TOR/CAR 1/2/1998,Trade,a,,,,,
11251,Paul Manning,Unsigned,,,,,,
11252,1998 62nd Overall,Draft Pick,a,,,,,
11253,Trade CBJ/CGY 6/24/2001,Trade,a,,,,,
11254,Jocelyn Lemieux,Unsigned,,,,,,
11255,Trade MTL/CHI 1/5/1990,Trade,a,,,,,
11256,Dmitri Kokorev,Unsigned,,,,,,
11257,1997 51st Overall,Draft Pick,a,,,,,
11258,Anthony Florentino,Unsigned,a,,,,,
11259,2013 143rd Overall,Draft Pick,A,,,,,
11260,Axel Andersson,Unsigned,a,,,,,
11261,Adam Foote,Unsigned,a,,,,,
11262,Drew Olson,Unsigned,a,,,,,
11263,2008 118th Overall,Draft Pick,a,,,,,
11264,Marc-Andre Bourdon,Unsigned,a,,,,,
11265,2008 67th Overall,Draft Pick,a,,,,,
11266,Emil Pettersson,Unsigned,a,,,,,
11267,Ivan Vishneskiy,Unsigned,,,,,,
11268,Jared Staal,Unsigned,,,,,,
11269,2008 49th Overall,Draft Pick,a,,,,,
11270,Trevor Cann,Unsigned,a,,,,,
11271,2007 49th Overall,Draft Pick,a,,,,,
11272,Codey Burki,Unsigned,a,,,,,
11273,2006 59th Overall,Draft Pick,a,,,,,
11274,Maxim Trunev,Unsigned,a,,,,,
11275,2008 138th Overall,Draft Pick,a,,,,,
11276,Greg Nemisz,Unsigned,,,,,,
11277,2008 25th Overall,Draft Pick,a,,,,,
11278,Mike Ricci,Unsigned,,,,,,
11279,Jaroslav Kristek,Unsigned,,,,,,
11280,1998 50th Overall,Draft Pick,a,,,,,
11281,Oliwer Kaski,Unsigned,a,,,,,
11282,Kale Kessy,Unsigned,a,,,,,
11283,Dany Sabourin,Unsigned,,,,,,
11284,1998 108th Overall,Draft Pick,a,,,,,
11285,Trade FLA/CGY 7/12/1997,Trade,a,,,,,
11286,Mathieu Garon,Unsigned,,,,,,
11287,Trade LAK/MTL 6/26/2004,Trade,a,,,,,
11288,Kyle Wharton,Unsigned,,,,,,
11289,2004 59th Overall,Trade,a,,,,,
11290,Alexandre Picard (a),Unsigned,,,,,,
11291,2004 8th Overall,Trade,a,,,,,
11292,Jordan Bendfeld,Unsigned,a,,,,,
11293,2006 152nd Overall,Draft Pick,a,,,,,
11294,Trade ARI/TOR 1/16/2013,Trade,a,,,,,
11295,Trade ARI/ANA 4/3/2013,Trade,a,,,,,
11296,2000 215th Overall,Draft Pick,a,,,,,
11297,Trade CGY/TOR 6/22/2002,Trade,a,,,,,
11298,Brett Lebda,Unsigned,a,,,,,
11299,Trade MIN/SJS 10/17/2025,Trade,a,,,,,
11300,Alexei Kovalev,Unsigned,,,,,,
11301,Trade MTL/NYR 3/2/2004,Trade,a,,,,,
11302,Kent Simpson,Unsigned,,,,,,
11303,2010 58th Overall,Draft Pick,a,,,,,
11304,Michael Riesen,Unsigned,a,,,,,
11305,Jan Horacek,Unsigned,,,,,,
11306,1997 98th Overall,Draft Pick,a,,,,,
11307,Curtis Joseph,Unsigned,,,,,,
11308,Branko Radivojevic,Unsigned,,,,,,
11309,1999 93rd Overall,Draft Pick,a,,,,,
11310,Trade COL/NSH 6/26/1999,Trade,a,,,,,
11311,Andrew Yogan,Unsigned,a,,,,,
11312,Cristobal Huet,Unsigned,,,,,,
11313,Joonas Nattinen,Unsigned,a,,,,,
11314,2009 65th Overall,Draft Pick,a,,,,,
11315,Bryce Swan,Unsigned,,,,,,
11316,2006 38th Overall,Draft Pick,a,,,,,
11317,Jeff Tambellini,Unsigned,,,,,,
11318,2003 27th Overall,Draft Pick,a,,,,,
11319,Mark Parrish,Unsigned,,,,,,
11320,Nigel Dawes,Unsigned,,,,,,
11321,Olivier Archambault,Unsigned,,,,,,
11322,2011 108th Overall,Draft Pick,a,,,,,
11323,Trade MTL/WPG 6/25/2011,Trade,a,,,,,
11324,Jonathan Cheechoo,Unsigned,,,,,,
11325,1998 29th Overall,Draft Pick,a,,,,,
11326,Isaac MacLeod,Unsigned,a,,,,,
11327,2010 136th Overall,Trade,a,,,,,
11328,Karel Rachunek,Unsigned,a,,,,,
11329,Alex Bourret,Unsigned,,,,,,
11330,2005 16th Overall,Draft Pick,a,,,,,
11331,Trade PHX/NYR 6/21/2008,Trade,a,,,,,
11332,Milan Jurcina,Unsigned,,,,,,
11333,Brian Gifford,Unsigned,a,,,,,
11334,2005 85th Overall,Draft Pick,a,,,,,
11335,Andrew Murray,Unsigned,,,,,,
11336,2001 242nd Overall,Draft Pick,a,,,,,
11337,Trade CBJ/DAL 7/12/2000,Trade,a,,,,,
11338,Geoff Koch,Unsigned,,,,,,
11339,1998 85th Overall,Draft Pick,a,,,,,
11340,Alexander Fallstrom,Unsigned,,,,,,
11341,2009 116th Overall,Draft Pick,a,,,,,
11342,Fredrik Sjostrom,Unsigned,,,,,,
11343,2001 11th Overall,Draft Pick,a,,,,,
11344,Andrei Taratukhin,Unsigned,,,,,,
11345,2001 41st Overall,Draft Pick,a,,,,,
11346,Aaron Haydon,Unsigned,a,,,,,
11347,2014 154th Overall,Draft Pick,a,,,,,
11348,Andrew Alberts,Unsigned,,,,,,
11349,Trade VAN/CAR 3/3/2010,Trade,a,,,,,
11350,Boris Valabik,Unsigned,a,,,,,
11351,Grant Marshall,Unsigned,,,,,,
11352,Trade CBJ/NJD 3/10/2003,Trade,a,,,,,
11353,1992 23rd Overall,Draft Pick,a,,,,,
11354,Kevyn Adams,Unsigned,,,,,,
11355,Gino Odjick,Unsigned,,,,,,
11356,Trade PHI/NYI 2/15/2000,Trade,a,,,,,
11357,Trade VAN/NYI 3/23/1998,Trade,a,,,,,
11358,Masi Marjamaki,Unsigned,a,,,,,
11359,2003 66th Overall,Draft Pick,a,,,,,
11360,2011 91st Overall,Draft Pick,a,,,,,
11361,Jake Hauswirth,Unsigned,,,,,,
11362,Jordan Henry,Unsigned,,,,,,
11363,Trade CGY/FLA 7/9/2011,Trade,a,,,,,
11364,Eric Godard,Unsigned,a,,,,,
11365,2001 101st Overall,Draft Pick,a,,,,,
11366,Jan Hlavac,Unsigned,,,,,,
11367,Trade VAN/PHI 12/17/2001,Trade,a,,,,,
11368,Trade VAN/CAR 11/1/2002,Trade,a,,,,,
11369,Trade TBL/NSH 2/26/2008,Trade,a,,,,,
11370,Andy Hilbert,Unsigned,a,,,,,
11371,Brad Isbister,Unsigned,,,,,,
11372,Trade CAR/NYR 11/21/2006,Trade,a,,,,,
11373,1995 67th Overall,Draft Pick,a,,,,,
11374,Trade WIN/TOR 4/7/1995,Trade,a,,,,,
11375,Jase Weslosky,Unsigned,,,,,,
11376,2006 108th Overall,Trade,a,,,,,
11377,Trade TBL/SJS 7/30/2005,Trade,a,,,,,
11378,Stefan Ridderwall,Unsigned,a,,,,,
11379,2006 173rd Overall,Draft Pick,a,,,,,
11380,Bryan Berard,Unsigned,,,,,,
11381,Martin Straka,Unsigned,,,,,,
11382,Trade LAK/PIT 11/29/2003,Trade,a,,,,,
11383,Damian Rhodes,Unsigned,a,,,,,
11384,Ken Belanger,Unsigned,,,,,,
11385,Trade TOR/HFD 3/18/1994,Trade,a,,,,,
11386,Kirk Muller,Unsigned,,,,,,
11387,Trade CBJ/DAL 9/28/2001,Trade,a,,,,,
11388,Don Beaupre,Unsigned,,,,,,
11389,Trade MNS/WSH 11/1/1988,Trade,a,,,,,
11390,Trade WSH/OTT 1/18/1995,Trade,a,,,,,
11391,Devante Stephens,Unsigned,a,,,,,
11392,Brian Benning,Unsigned,,,,,,
11393,1984 26th Overall,Draft Pick,a,,,,,
11394,Trade EDM/PHI 1/16/1993,Trade,a,,,,,
11395,Trade LAK/STL 11/10/1989,Trade,a,,,,,
11396,Jason Bowen,Unsigned,,,,,,
11397,1992 15th Overall,Draft Pick,a,,,,,
11398,Trade EDM/PHI 10/15/1997,Trade,a,,,,,
11399,Kjell Samuelsson,Unsigned,,,,,,
11400,Trade PHI/NYR 12/18/1986,Trade,a,,,,,
11401,Ken Wregget,Unsigned,,,,,,
11402,Dainius Zubrus,Unsigned,,,,,,
11403,1996 15th Overall,Draft Pick,a,,,,,
11404,Trade PHI/TOR 8/30/1995,Trade,a,,,,,
11405,Martin Hohenberger,Unsigned,a,,,,,
11406,1995 74th Overall,Draft Pick,a,,,,,
11407,Eric Desjardins,Unsigned,a,,,,,
11408,Gilbert Dionne,Unsigned,a,,,,,
11409,John LeClair,Unsigned,,,,,,
11410,1987 33rd Overall,Draft Pick,a,,,,,
11411,Niklas Nordgren (1),Unsigned,a,,,,,
11412,1997 195th Overall,Draft Pick,a,,,,,
11413,Trade CAR/PHX 7/16/1996,Trade,a,,,,,
11414,Krys Kolanos,Unsigned,,,,,,
11415,Alex Berry,Unsigned,a,,,,,
11416,Stefano Giliati,Unsigned,a,,,,,
11417,Patrik Valcak,Unsigned,,,,,,
11418,2003 129th Overall,Draft Pick,a,,,,,
11419,Miroslav Hanuljak,Unsigned,,,,,,
11420,2003 213th Overall,Draft Pick,a,,,,,
11421,Trade LAK/NSH 6/22/2003,Trade,a,,,,,
11422,Maxim Kuznetsov,Unsigned,a,,,,,
11423,Jaroslav Spacek,Unsigned,,,,,,
11424,Trade FLA/CHI 11/6/2000,Trade,a,,,,,
11425,Trade CBJ/CHI 3/19/2002,Trade,a,,,,,
11426,1998 117th Overall,Draft Pick,a,,,,,
11427,Trade FLA/SJS 3/3/1995,Trade,a,,,,,
11428,Trade MIN/BOS 3/2/2015,Trade,a,,,,,
11429,Mika Noronen,Unsigned,a,,,,,
11430,Jan Platil,Unsigned,,,,,,
11431,2001 218th Overall,Draft Pick,a,,,,,
11432,Ilya Solarev,Unsigned,a,,,,,
11433,2001 281st Overall,Draft Pick,a,,,,,
11434,Jeff Jillson,Unsigned,,,,,,
11435,Trade BUF/SJS 3/9/2004,Trade,a,,,,,
11436,Kyle McLaren,Unsigned,,,,,,
11437,1995 9th Overall,Draft Pick,a,,,,,
11438,Colby Cohen,Unsigned,a,,,,,
11439,Darrin Shannon,Unsigned,,,,,,
11440,Dean Kennedy,Unsigned,,,,,,
11441,Trade BUF/LAK 10/4/1989,Trade,a,,,,,
11442,Trade LAK/NYR 2/3/1989,Trade,a,,,,,
11443,Mike Hartman,Unsigned,,,,,,
11444,Dave McIlwain,Unsigned,,,,,,
11445,Trade WIN/PIT 6/17/1989,Trade,a,,,,,
11446,Trade PIT/OTT 3/1/1996,Trade,a,,,,,
11447,Gord Donnelly,Unsigned,,,,,,
11448,Trade STL/QUE 8/19/1983,Trade,a,,,,,
11449,Trade WIN/QUE 12/6/1988,Trade,a,,,,,
11450,Greg Paslawski,Unsigned,,,,,,
11451,Trade PHI/CGY 3/18/1993,Trade,a,,,,,
11452,Eric Boguniecki,Unsigned,,,,,,
11453,Trade CBJ/NYI 10/25/2006,Trade,a,,,,,
11454,Trade STL/PIT 12/9/2005,Trade,a,,,,,
11455,Matt Davidson,Unsigned,a,,,,,
11456,Tyler Kolarik,Unsigned,,,,,,
11457,2000 150th Overall,Draft Pick,a,,,,,
11458,Andreas Jamtin,Unsigned,,,,,,
11459,2001 157th Overall,Draft Pick,a,,,,,
11460,Trade CGY/DET 6/24/2001,Trade,a,,,,,
11461,Dwayne Roloson,Unsigned,,,,,,
11462,Drew Daniels,Unsigned,a,,,,,
11463,2008 194th Overall,Draft Pick,a,,,,,
11464,Nathan Paetsch,Unsigned,,,,,,
11465,Pierre Dagenais (2),Unsigned,,,,,,
11466,1998 105th Overall,Draft Pick,a,,,,,
11467,Trade LAK/BUF 6/18/1998,Trade,a,,,,,
11468,Pierre Dagenais (1),Unsigned,,,,,,
11469,1996 47th Overall,Draft Pick,a,,,,,
11470,Trade NJD/TBL 6/22/1996,Trade,a,,,,,
11471,Justin Davis,Unsigned,,,,,,
11472,1996 85th Overall,Draft Pick,a,,,,,
11473,Trade LAK/DAL 2/17/1995,Trade,a,,,,,
11474,Alexandre Volchkov,Unsigned,,,,,,
11475,1996 4th Overall,Draft Pick,a,,,,,
11476,Trade WSH/EDM 2/4/2000,Trade,a,,,,,
11477,Brian MacLellan,Unsigned,,,,,,
11478,Trade MNS/NYR 9/8/1986,Trade,a,,,,,
11479,Trade CGY/DET 6/11/1991,Trade,a,,,,,
11480,Mike Sullivan,Unsigned,,,,,,
11481,Trade CGY/BOS 6/21 1997,Trade,a,,,,,
11482,Trade PHX/NSH 6/30/1998,Trade,a,,,,,
11483,1987 69th Overall,Draft Pick,a,,,,,
11484,Curtis Valentine,Unsigned,a,,,,,
11485,1998 219th Overall,Draft Pick,a,,,,,
11486,Jeremy Van Hoof (2),Unsigned,a,,,,,
11487,2001 222nd Overall ,Draft Pick,a,,,,,
11488,Jeremy Van Hoof (1),Unsigned,a,,,,,
11489,1999 57th Overall,Draft Pick,a,,,,,
11490,Trade PIT/CAR 7/13/1998,Trade,a,,,,,
11491,Mark Flood,Unsigned,,,,,,
11492,2003 188th Overall,Draft Pick,a,,,,,
11493,David Hale,Unsigned,,,,,,
11494,Trade NJD/CGY 2/27/2007,Trade,a,,,,,
11495,2000 22nd Overall,Draft Pick,a,,,,,
11496,Matt Kennedy,Unsigned,,,,,,
11497,2009 131st Overall,Draft Pick,a,,,,,
11498,David Printz,Unsigned,,,,,,
11499,2001 225th Overall,Draft Pick,a,,,,,
11500,Karl Dykhuis,Unsigned,,,,,,
11501,Per-Anton Lundstrom,Unsigned,a,,,,,
11502,1996 62nd Overall,Draft Pick,a,,,,,
11503,Kim Staal,Unsigned,,,,,,
11504,1996 92nd Overall,Draft Pick,a,,,,,
11505,Trade MTL/TOR 4/6/1995,Trade,a,,,,,
11506,Scott Kelman,Unsigned,a,,,,,
11507,1999 15th Overall,Draft Pick,a,,,,,
11508,Jean-Francois Damphousse,Unsigned,,,,,,
11509,Igor Pohanka,Unsigned,,,,,,
11510,2001 44th Overall,Draft Pick,a,,,,,
11511,Trade FLA/NJD 6/23/2001,Trade,a,,,,,
11512,Trade CAR/NSH 2/9/2007,Trade,a,,,,,
11513,Josef Vasicek,Unsigned,,,,,,
11514,1998 91th Overall,Draft Pick,a,,,,,
11515,Eric Lacroix,Unsigned,,,,,,
11516,Trade NYR/OTT 3/1/2001,Trade,a,,,,,
11517,Chris Snell,Unsigned,,,,,,
11518,Trade LAK/NYR 1/14/1996,Trade,a,,,,,
11519,Dixon Ward,Unsigned,,,,,,
11520,Trade VAN/LAK 1/8/1994,Trade,a,,,,,
11521,Guy Leveque,Unsigned,a,,,,,
11522,Kelly Fairchild,Unsigned,a,,,,,
11523,Gustav Possler,Unsigned,,,,,,
11524,2013 130th Overall,Draft Pick,a,,,,,
11525,Nathan Aspinall,NYR,,,,,,
,Ty Conklin,,,,,,,
,Ben Walter,,,,,,,
,Phil Desimone,,,,,,,
,Caleb Herbert,,,,,,,
,Garrett Stafford,,,,,,,
,Dwight Helminen,,,,,,,
,Nick Palmieri,,,,,,,
,Ivan Kolozvary,,,,,,,
,Fredrik Norrena,,,,,,,
,Marc Denis,Unsigned,a,,,,,
,1995 41st Overall DJ Smith,,,,,,,
,Anders Myrvold,,,,,,,
,Landon Wilson,,,,,,,
,2005 74th Overall (D Ryder),,,,,,,
,Michael Wilson,,,,,,,
,1997 42nd Overall (Tripp),,,,,,,
,1997 86th Overall (Tremblay),,,,,,,
,Jeff Shantz,Unsigned,a,,,,,
,2011 134th Overall (McColgan),,,,,,,
,David LeNeveu,3007,,,,,,
,Marcel Hossa,3007,,,,,,
,Josh Gratton,,,,,,,
,Marc-Olivier Roy (2),a,,,,,,
,Kevin Lalande,9908,,,,,,
,Brett Pollock,3525,,,,,,
,Evan Oberg,9738,,,,,,
,Mike Vernace,9738,,,,,,
,Garnet Exelby,3696,,,,,,
,Alexander Karpotsev,4756,,,,,,
,Erkki Rajamaki,4592,,,,,,
,Jesse Boulerice,4592,,,,,,
,Mike Zigomanis,4592,,,,,,
,2006 30th Overall (Corrente),4592,,,,,,
,Magnus Kahnberg,,,,,,,
,Andy Wozniewski,10827,,,,,,
,Mike Carman,10828,,,,,,
,2004 101st Overall (Anderson),5939,,,,,,
,Alexei Zhamnov,5939,,,,,,
,Billy Sweatt,5182,,,,,,
,Drew MacIntyre,10838,,,,,,
,Justin Pogge,10837,,,,,,
,Cale Hulse,Unsigned,a,,,,,
,Denis Platonov,Unsigned,a,,,,,
,2002 204th Overall (N Eckerblom),7537,,,,,,
,Chris Terreri,7535,,,,,,
,Jamie Allison,Unsigned,a,,,,,
,Erik Andersson,Unsigned,a,,,,,
,Blake Sloane,Unsigned,a,,,,,
,1997 140th Overall (Demidov),4646,,,,,,
,2000 121st Overall (R Van Buskirk),7134,,,,,,
,Alyn McCauley,6058,,,,,,
,Dave Ellett,6058,,,,,,
,Jonathan Zion,Unsigned,a,,,,,
,Cameron Mann,5502,,,,,,
,Michal Sykora,5484,,,,,,
,Alain Nasreddine,5472,,,,,,
,Brad Brown,5472,,,,,,
,Dave Manson,5472,,,,,,
,Jocelyn Thibault,Unsigned,a,,,,,
,Mike Keane,5903,,,,,,
,Andrei Kovalenko,5903,,,,,,
,Kerry Huffman,2929,,,,,,
,Nolan Baumgartner,Unsigned,a,,,,,
,1994 22nd Overall (Kealty),3114,,,,,,
,Garth Butcher,3114,,,,,,
,Landon Wilson,3114,,,,,,
,Denis Chasse,10233,,,,,,
,1992 257th Overall (Pavlov),4007,,,,,,
,1993 285th Overall (Hewson),4007,,,,,,
,John Tonelli,5549,,,,,,
,Bob Bassen,5550,,,,,,
,Gary Nylund,5550,,,,,,
,Jeff Penner,Unsigned,a,,,,,
,Mikko Lehtonen (1987),Unsigned,a,,,,,
,1999 149th Overall (Maximenko),4128,,,,,,
,1999 47th Overall (Keefe),4128,,,,,,
,1998 41st Overall (Linnik),4128,,,,,,
,2000 82nd Overall (O'Connor),3340,,,,,,
,2001 239th Overall (Riddle),4129,,,,,,
,Dan Cavanaugh,4129,,,,,,
,2006 127th Overall (Lynes),2479,,,,,,
,2008 201st Overall (Lajunen),4984,,,,,,
,Chris Mason,4983,,,,,,
,Christian Backman,Unsigned,a,,,,,
,Dan Fritsche,Unsigned,a,,,,,
,Lyle Odelein,Unsigned,a,,,,,
,Erik Reitz,Unsigned,a,,,,,
,Deron Quint,,,,,,,
,Beat Schiess-Forster,Unsigned,a,,,,,
,Milan Gajic,Unsigned,a,,,,,
,Marek Chvatal,Unsigned,a,,,,,
,Jason Ryznar,,,,,,,
,Tim Conboy,Unsigned,a,,,,,
,Pauli Levokari,Unsigned,a,,,,,
,Denis Loginov,Unsigned,a,,,,,
,Tomi Kallio,,,,,,,
,Chris Nielsen,,,,,,,
,Petteri Nummelin,Unsigned,a,,,,,
,Brendan Buckley,Unsigned,a,,,,,
,Spencer Machacek,Unsigned,a,,,,,
,Tomas Kubalik,Unsigned,a,,,,,
,Ben Storey,8348,,,,,,
,Len Goren,6120,,,,,,
,Ales Pisa,3342,,,,,,
,Jared Aulin,Unsigned,a,,,,,
,Agris Saviels,7169,,,,,,
,Vaclav Nedorost,Unsigned,a,,,,,
,Tomas Kurka,Unsigned,a,,,,,
,Peter Worrell,,,,,,,
,David Shantz,Unsigned,a,,,,,
,Eric Messier,Unsigned,a,,,,,
,Denis Parshin,10796,,,,,,
,Chris McAlister,10796,,,,,,
,David Liffiton,10796,,,,,,
,Enver Lisin,Unsigned,a,,,,,
,Zdenek Bahensky,Unsigned,a,,,,,
,Billy Ryan,6271,,,,,,
,Drew Bagnall,5353,,,,,,
,Jonathan Paiement,6398,,,,,,
,Adam Pineault,Unsigned,a,,,,,
,Ryan Garlock,Unsigned,a,,,,,
,Nathan Noel,2515,,,,,,
,Martin Biron,Unsigned,a,,,,,
,Karlis Skrastins,3625,,,,,,
,Todd Jackson,3631,,,,,,
,Niko Snellman,3632,,,,,,
,Nicholas Tremblay,Unsigned,a,,,,,
,Jason Morgan,Unsigned,a,,,,,
,Dan Kesa,7850,,,,,,
,Jeff Mitchell,,,,,,,
,Gerald Coleman,3665,,,,,,
,Colton Gillies,3665,,,,,,
,Luca Cunti,3665,,,,,,
,Juraj Simek,3666,,,,,,
,Lukas Krajicek,3666,,,,,,
,Michel Ouellet,3666,,,,,,
,Dan Gendur,3661,,,,,,
,Jonas Andersson,Unsigned,a,,,,,
,Dmitri Kalinin,6652,,,,,,
,Anthony Camara,Unsigned,a,,,,,
,Ludovic Waeber,Unsigned,a,,,,,
,Tristen Nielsen,COL,a,,,,,
,Chris Crane,Unsigned,a,,,,,
,Hayden Verbeek,Unsigned,a,,,,,
,Chris Lawrence,2702,,,,,,
,Bryan McCabe,2714,,,,,,
,Sergei Shirokov,Unsigned,a,,,,,
,Mike Duco,Unsigned,a,,,,,
,Bryan Marchment,2078,,,,,,
,David Shaw,Unsigned,a,,,,,
,Jeff Beukeboom,6156,,,,,,
,Louie DeBrusk,6156,,,,,,
,Bernie Nicholls,6156,,,,,,
,Jeff Jackson,7457,,,,,,
,John Ogrodnick,7457,,,,,,
,Brian Glynn,,,,,,,
,Jason Doyle (1),Unsigned,a,,,,,
,Jason Doyle (2),Unsigned,a,,,,,
,Dmitri Sinitsyn,Unsigned,a,,,,,